Chryseobacterium_59,gi|619324685|gb|KJ482815.1|,619324685,TACGGAGGGTGCAAGCGTTATCCGGATTTATTGGGTTTAAAGGGTCCGTAGGCGGACTCGTAAGTCAGTGGTGAAATCTCATAGCTTAACTATGAAACTGCCATTGATACTGCGGGTCTTGAGTAAGGTAGAGGTAGCTGGAATAAGTAGTGTAGCGGTGAAATGCATAGATATTACTTAGAACACCAATTGCGAAGGCAGGTTACCATGTCTTAACTGACGCTGATGGACGAAAGCGTGGGGAGCGAACAGG,100.000,1491909
Chryseobacterium_59,gi|619324668|gb|KJ482798.1|,619324668,TACGGAGGGTGCAAGCGTTATCCGGATTTATTGGGTTTAAAGGGTCCGTAGGCGGACTCGTAAGTCAGTGGTGAAATCTCATAGCTTAACTATGAAACTGCCATTGATACTGCGGGTCTTGAGTAAGGTAGAGGTAGCTGGAATAAGTAGTGTAGCGGTGAAATGCATAGATATTACTTAGAACACCAATTGCGAAGGCAGGTTACCATGTCTTAACTGACGCTGATGGACGAAAGCGTGGGGAGCGAACAGG,100.000,1491910
Chryseobacterium_59,gi|601125224|gb|KJ123803.1|,601125224,TACGGAGGGTGCAAGCGTTATCCGGATTTATTGGGTTTAAAGGGTCCGTAGGCGGACTCGTAAGTCAGTGGTGAAATCTCATAGCTTAACTATGAAACTGCCATTGATACTGCGGGTCTTGAGTAAGGTAGAGGTAGCTGGAATAAGTAGTGTAGCGGTGAAATGCATAGATATTACTTAGAACACCAATTGCGAAGGCAGGTTACCATGTCTTAACTGACGCTGATGGACGAAAGCGTGGGGAGCGAACAGG,100.000,259322
Chryseobacterium_59,gi|601125223|gb|KJ123802.1|,601125223,TACGGAGGGTGCAAGCGTTATCCGGATTTATTGGGTTTAAAGGGTCCGTAGGCGGACTCGTAAGTCAGTGGTGAAATCTCATAGCTTAACTATGAAACTGCCATTGATACTGCGGGTCTTGAGTAAGGTAGAGGTAGCTGGAATAAGTAGTGTAGCGGTGAAATGCATAGATATTACTTAGAACACCAATTGCGAAGGCAGGTTACCATGTCTTAACTGACGCTGATGGACGAAAGCGTGGGGAGCGAACAGG,100.000,259322
Chryseobacterium_59,gi|601125210|gb|KJ123789.1|,601125210,TACGGAGGGTGCAAGCGTTATCCGGATTTATTGGGTTTAAAGGGTCCGTAGGCGGACTCGTAAGTCAGTGGTGAAATCTCATAGCTTAACTATGAAACTGCCATTGATACTGCGGGTCTTGAGTAAGGTAGAGGTAGCTGGAATAAGTAGTGTAGCGGTGAAATGCATAGATATTACTTAGAACACCAATTGCGAAGGCAGGTTACCATGTCTTAACTGACGCTGATGGACGAAAGCGTGGGGAGCGAACAGG,100.000,259322
Chryseobacterium_59,gi|601125195|gb|KJ123774.1|,601125195,TACGGAGGGTGCAAGCGTTATCCGGATTTATTGGGTTTAAAGGGTCCGTAGGCGGACTCGTAAGTCAGTGGTGAAATCTCATAGCTTAACTATGAAACTGCCATTGATACTGCGGGTCTTGAGTAAGGTAGAGGTAGCTGGAATAAGTAGTGTAGCGGTGAAATGCATAGATATTACTTAGAACACCAATTGCGAAGGCAGGTTACCATGTCTTAACTGACGCTGATGGACGAAAGCGTGGGGAGCGAACAGG,100.000,259322
Chryseobacterium_59,gi|602152781|emb|HG934369.1|,602152781,TACGGAGGGTGCAAGCGTTATCCGGATTTATTGGGTTTAAAGGGTCCGTAGGCGGACTCGTAAGTCAGTGGTGAAATCTCATAGCTTAACTATGAAACTGCCATTGATACTGCGGGTCTTGAGTAAGGTAGAGGTAGCTGGAATAAGTAGTGTAGCGGTGAAATGCATAGATATTACTTAGAACACCAATTGCGAAGGCAGGTTACCATGTCTTAACTGACGCTGATGGACGAAAGCGTGGGGAGCGAACAGG,100.000,445961
Chryseobacterium_59,gi|440656299|gb|JX287904.1|,440656299,TACGGAGGGTGCAAGCGTTATCCGGATTTATTGGGTTTAAAGGGTCCGTAGGCGGACTCGTAAGTCAGTGGTGAAATCTCATAGCTTAACTATGAAACTGCCATTGATACTGCGGGTCTTGAGTAAGGTAGAGGTAGCTGGAATAAGTAGTGTAGCGGTGAAATGCATAGATATTACTTAGAACACCAATTGCGAAGGCAGGTTACCATGTCTTAACTGACGCTGATGGACGAAAGCGTGGGGAGCGAACAGG,100.000,1515734
Chryseobacterium_59,gi|570362330|gb|KF737394.1|,570362330,TACGGAGGGTGCAAGCGTTATCCGGATTTATTGGGTTTAAAGGGTCCGTAGGCGGACTCGTAAGTCAGTGGTGAAATCTCATAGCTTAACTATGAAACTGCCATTGATACTGCGGGTCTTGAGTAAGGTAGAGGTAGCTGGAATAAGTAGTGTAGCGGTGAAATGCATAGATATTACTTAGAACACCAATTGCGAAGGCAGGTTACCATGTCTTAACTGACGCTGATGGACGAAAGCGTGGGGAGCGAACAGG,100.000,263763
Chryseobacterium_59,gi|411100728|gb|JQ809433.1|,411100728,TACGGAGGGTGCAAGCGTTATCCGGATTTATTGGGTTTAAAGGGTCCGTAGGCGGACTCGTAAGTCAGTGGTGAAATCTCATAGCTTAACTATGAAACTGCCATTGATACTGCGGGTCTTGAGTAAGGTAGAGGTAGCTGGAATAAGTAGTGTAGCGGTGAAATGCATAGATATTACTTAGAACACCAATTGCGAAGGCAGGTTACCATGTCTTAACTGACGCTGATGGACGAAAGCGTGGGGAGCGAACAGG,100.000,1255255
Chryseobacterium_75,gi|333409721|gb|HQ911255.1|,333409721,TACGGAGGGTGCAAGCGTTATCCGGATTTATTGGGTTTAAAGGGTCCGTAGGCGGACCGATAAGTCAGTGGTGAAATCTCATAGCTTAACTATGAAACTGCCATTGATACTGTCGGTCTTGAGTAAATTTGAAGTGGCTGGAATAAGTAGTGTAGCGGTGAAATGCATAGATATTACTTAGAACACCAATTGCGAAGGCAGGTCACTAAGATTTAACTGACGCTGAGGGACGAAAGCGTGGGTAGCGAACAGG,100.000,77133
Chryseobacterium_75,gi|333409699|gb|HQ911233.1|,333409699,TACGGAGGGTGCAAGCGTTATCCGGATTTATTGGGTTTAAAGGGTCCGTAGGCGGACCGATAAGTCAGTGGTGAAATCTCATAGCTTAACTATGAAACTGCCATTGATACTGTCGGTCTTGAGTAAATTTGAAGTGGCTGGAATAAGTAGTGTAGCGGTGAAATGCATAGATATTACTTAGAACACCAATTGCGAAGGCAGGTCACTAAGATTTAACTGACGCTGAGGGACGAAAGCGTGGGTAGCGAACAGG,100.000,77133
Chryseobacterium_75,gi|81239433|gb|DQ234440.1|,81239433,TACGGAGGGTGCAAGCGTTATCCGGATTTATTGGGTTTAAAGGGTCCGTAGGCGGACCGATAAGTCAGTGGTGAAATCTCATAGCTTAACTATGAAACTGCCATTGATACTGTCGGTCTTGAGTAAATTTGAAGTGGCTGGAATAAGTAGTGTAGCGGTGAAATGCATAGATATTACTTAGAACACCAATTGCGAAGGCAGGTCACTAAGATTTAACTGACGCTGAGGGACGAAAGCGTGGGTAGCGAACAGG,100.000,354677
Chryseobacterium_75,gi|308814794|emb|FR682715.1|,308814794,TACGGAGGGTGCAAGCGTTATCCGGATTTATTGGGTTTAAAGGGTCCGTAGGCGGACCGATAAGTCAGTGGTGAAATCTCATAGCTTAACTATGAAACTGCCATTGATACTGTCGGTCTTGAGTAAATTTGAAGTGGCTGGAATAAGTAGTGTAGCGGTGAAATGCATAGATATTACTTAGAACACCAATTGCGAAGGCAGGTCACTAAGATTTAACTGACGCTGAGGGACGAAAGCGTGGGGAGCGAACAGG,99.605,266749
Chryseobacterium_75,gi|297019796|gb|HM326201.1|,297019796,TACGGAGGGTGCAAGCGTTATCCGGATTTATTGGGTTTAAAGGGTCCGTAGGCGGACCGATAAGTCAGTGGTGAAATCTCATAGCTTAACTATGAAACTGCCATTGATACTGTCGGTCTTGAGTAAATTTGAAGTGGCTGGAATAAGTAGTGTAGCGGTGAAATGCATAGATATTACTTAGAACACCAATTGCGAAGGCAGGTCACTAAGATTTAACTGACGCTGAGGGACGAAAGCGTGGGGAGCGAACAGG,99.605,77133
Chryseobacterium_75,gi|219846220|ref|NR_025810.1|,219846220,TACGGAGGGTGCAAGCGTTATCCGGATTTATTGGGTTTAAAGGGTCCGTAGGCGGACCGATAAGTCAGTGGTGAAATCTCATAGCTTAACTATGAAACTGCCATTGATACTGTCGGTCTTGAGTAAATTTGAAGTGGCTGGAATAAGTAGTGTAGCGGTGAAATGCATAGATATTACTTAGAACACCAATTGCGAAGGCAGGTCACTAAGATTTAACTGACGCTGAGGGACGAAAGCGTGGGGAGCGAACAGG,99.605,266749
Chryseobacterium_75,gi|524853238|gb|KF160496.1|,524853238,TACGGAGGGTGCAAGCGTTATCCGGATTTATTGGGTTTAAAGGGTCCGTAGGCGGACCGATAAGTCAGTGGTGAAATCTCATAGCTTAACTATGAAACTGCCGTTGATACTGTCGGTCTTGAGTAAATTTGAAGTGGCTGGAATAAGTAGTGTAGCGGTGAAATGCATAGATATTACTTAGAACACCAATTGCGAAGGCAGGTCACTAAGATTTAACTGACGCTGAGGGACGAAAGCGTGGGGAGCGAACAGG,99.209,1358259
Chryseobacterium_75,gi|422740777|gb|JX949787.1|,422740777,TACGGAGGGTGCAAGCGTTATCCGGATTTATTGGGTTTAAAGGGTCCGTAGGCGGACCGATAAGTCAGTGGTGAAATCTCATAGCTTAACTATGAAACTGCCGTTGATACTGTCGGTCTTGAGTAAATTTGAAGTGGCTGGAATAAGTAGTGTAGCGGTGAAATGCATAGATATTACTTAGAACACCAATTGCGAAGGCAGGTCACTAAGATTTAACTGACGCTGAGGGACGAAAGCGTGGGGAGCGAACAGG,99.209,1259137
Chryseobacterium_75,gi|333409715|gb|HQ911249.1|,333409715,TACGGAGGGTGCAAGCGTTATCCGGATTTATTAGGTTTAAAGGGTCCGTAGGCGGACCGATAGGTCAGTGGTGAAATCTCATAGCTTAACTATGAAACTGCCATTGATACTGTCGGTCTTGAGTAAATTTGAAGTGGCTGGAATAAGTAGTGTAGCGGTGAAATGCATAGATATTACTTAGAACACCAATTGCGAAGGCAGGTCACTAAGATTTAACTGACGCTGAGGGACGAAAGCGTGGGTAGCGAACAGG,99.209,77133
Chryseobacterium_75,gi|558508569|ref|NR_104497.1|,558508569,TACGGAGGGTGCAAGCGTTATCCGGATTTATTGGGTTTAAAGGGTCCGTAGGCGGACCGATAAGTCAGTGGTGAAATCTCATAGCTTAACTATGAAACTGCCGTTGATACTGTCGGTCTTGAGTAAATTTGAAGTGGCTGGAATAAGTAGTGTAGCGGTGAAATGCATAGATATTACTTAGAACACCAATTGCGAAGGCAGGTCACTAAGATTTAACTGACGCTGAGGGACGAAAGCGTGGGGAGCGAACAGG,99.209,631455
Chryseobacterium_96,gi|747024381|gb|KM507253.1|,747024381,TACGGAGGGTGCAAGCGTTATCCGGATTTATTGGGTTTAAAGGGTCCGTAGGCGGACTCGTAAGTCAGTGGTGAAATCTCATAGCTTAACTATGAAACTGCCATTGATACTGCGGGTCTTGAGTAAAGTAGAAGTGGCTGGAATAAGTAGTGTAGCGGTGAAATGCATAGATATTACTTAGAACACCAATTGCGAAGGCAGGTCACTATGTTTTAACTGACGCTGATGGACGAAAGCGTGGGGAGCGAACAGG,100.000,77133
Chryseobacterium_96,gi|529745690|gb|KF295296.1|,529745690,TACGGAGGGTGCAAGCGTTATCCGGATTTATTGGGTTTAAAGGGTCCGTAGGCGGACTCGTAAGTCAGTGGTGAAATCTCATAGCTTAACTATGAAACTGCCATTGATACTGCGGGTCTTGAGTAAAGTAGAAGTGGCTGGAATAAGTAGTGTAGCGGTGAAATGCATAGATATTACTTAGAACACCAATTGCGAAGGCAGGTCACTATGTTTTAACTGACGCTGATGGACGAAAGCGTGGGGAGCGAACAGG,100.000,1350854
Chryseobacterium_96,gi|657600810|gb|KF532126.2|,657600810,TACGGAGGGTGCAAGCGTTATCCGGATTTATTGGGTTTAAAGGGTCCGTAGGCGGACTCGTAAGTCAGTGGTGAAATCTCATAGCTTAACTATGAAACTGCCATTGATACTGCGGGTCTTGAGTAAAGTAGAAGTGGCTGGAATAAGTAGTGTAGCGGTGAAATGCATAGATATTACTTAGAACACCAATTGCGAAGGCAGGTCACTATGTTTTAACTGACGCTGATGGACGAAAGCGTGGGGAGCGAACAGG,100.000,1393046
Chryseobacterium_96,gi|651208214|gb|KJ638119.1|,651208214,TACGGAGGGTGCAAGCGTTATCCGGATTTATTGGGTTTAAAGGGTCCGTAGGCGGACTCGTAAGTCAGTGGTGAAATCTCATAGCTTAACTATGAAACTGCCATTGATACTGCGGGTCTTGAGTAAAGTAGAAGTGGCTGGAATAAGTAGTGTAGCGGTGAAATGCATAGATATTACTTAGAACACCAATTGCGAAGGCAGGTCACTATGTTTTAACTGACGCTGATGGACGAAAGCGTGGGGAGCGAACAGG,100.000,452084
Chryseobacterium_96,gi|631782742|emb|HG942107.1|,631782742,TACGGAGGGTGCAAGCGTTATCCGGATTTATTGGGTTTAAAGGGTCCGTAGGCGGACTCGTAAGTCAGTGGTGAAATCTCATAGCTTAACTATGAAACTGCCATTGATACTGCGGGTCTTGAGTAAAGTAGAAGTGGCTGGAATAAGTAGTGTAGCGGTGAAATGCATAGATATTACTTAGAACACCAATTGCGAAGGCAGGTCACTATGTTTTAACTGACGCTGATGGACGAAAGCGTGGGGAGCGAACAGG,100.000,1472804
Chryseobacterium_96,gi|631782741|emb|HG942106.1|,631782741,TACGGAGGGTGCAAGCGTTATCCGGATTTATTGGGTTTAAAGGGTCCGTAGGCGGACTCGTAAGTCAGTGGTGAAATCTCATAGCTTAACTATGAAACTGCCATTGATACTGCGGGTCTTGAGTAAAGTAGAAGTGGCTGGAATAAGTAGTGTAGCGGTGAAATGCATAGATATTACTTAGAACACCAATTGCGAAGGCAGGTCACTATGTTTTAACTGACGCTGATGGACGAAAGCGTGGGGAGCGAACAGG,100.000,1472803
Chryseobacterium_96,gi|529249903|emb|HG322918.1|,529249903,TACGGAGGGTGCAAGCGTTATCCGGATTTATTGGGTTTAAAGGGTCCGTAGGCGGACTCGTAAGTCAGTGGTGAAATCTCATAGCTTAACTATGAAACTGCCATTGATACTGCGGGTCTTGAGTAAAGTAGAAGTGGCTGGAATAAGTAGTGTAGCGGTGAAATGCATAGATATTACTTAGAACACCAATTGCGAAGGCAGGTCACTATGTTTTAACTGACGCTGATGGACGAAAGCGTGGGGAGCGAACAGG,100.000,1351641
Chryseobacterium_96,gi|515019171|gb|KC778384.1|,515019171,TACGGAGGGTGCAAGCGTTATCCGGATTTATTGGGTTTAAAGGGTCCGTAGGCGGACTCGTAAGTCAGTGGTGAAATCTCATAGCTTAACTATGAAACTGCCATTGATACTGCGGGTCTTGAGTAAAGTAGAAGTGGCTGGAATAAGTAGTGTAGCGGTGAAATGCATAGATATTACTTAGAACACCAATTGCGAAGGCAGGTCACTATGTTTTAACTGACGCTGATGGACGAAAGCGTGGGGAGCGAACAGG,100.000,1350540
Chryseobacterium_96,gi|485091214|gb|JQ977403.1|,485091214,TACGGAGGGTGCAAGCGTTATCCGGATTTATTGGGTTTAAAGGGTCCGTAGGCGGACTCGTAAGTCAGTGGTGAAATCTCATAGCTTAACTATGAAACTGCCATTGATACTGCGGGTCTTGAGTAAAGTAGAAGTGGCTGGAATAAGTAGTGTAGCGGTGAAATGCATAGATATTACTTAGAACACCAATTGCGAAGGCAGGTCACTATGTTTTAACTGACGCTGATGGACGAAAGCGTGGGGAGCGAACAGG,100.000,1327199
Chryseobacterium_96,gi|485090804|gb|JQ976997.1|,485090804,TACGGAGGGTGCAAGCGTTATCCGGATTTATTGGGTTTAAAGGGTCCGTAGGCGGACTCGTAAGTCAGTGGTGAAATCTCATAGCTTAACTATGAAACTGCCATTGATACTGCGGGTCTTGAGTAAAGTAGAAGTGGCTGGAATAAGTAGTGTAGCGGTGAAATGCATAGATATTACTTAGAACACCAATTGCGAAGGCAGGTCACTATGTTTTAACTGACGCTGATGGACGAAAGCGTGGGGAGCGAACAGG,100.000,1327205
Flavobacterium_109,gi|697278898|emb|LN546883.1|,697278898,TACGGAGGATCCAAGCGTTATCCGGAATCATTGGGTTTAAAGGGTCCGTAGGCGGTTTAGTAAGTCAGTGGTGAAAGCCCATCGCTCAACGGTGGAACGGCCATTGATACTGCTAGACTTGAATTATTAGGAAGTAACTAGAATATGTAGTGTAGCGGTGAAATGCTTAGAGATTACATGGAATACCAATTGCGAAGGCAGGTTACTACTAATATATTGACGCTGATGGACGAAAGCGTGGGTAGCGAACAGG,99.209,77133
Flavobacterium_109,gi|674145162|gb|KM141148.1|,674145162,TACGGAGGATCCAAGCGTTATCCGGAATCATTGGGTTTAAAGGGTCCGTAGGCGGTTTAGTAAGTCAGTGGTGAAAGCCCATCGCTCAACGGTGGAACGGCCATTGATACTGCTAGACTTGAATTATTAGGAAGTAACTAGAATATGTAGTGTAGCGGTGAAATGCTTAGAGATTACATGGAATACCAATTGCGAAGGCAGGTTACTACTAATATATTGACGCTGATGGACGAAAGCGTGGGTAGCGAACAGG,99.209,77133
Flavobacterium_109,gi|674141140|gb|KM137126.1|,674141140,TACGGAGGATCCAAGCGTTATCCGGAATCATTGGGTTTAAAGGGTCCGTAGGCGGTTTAGTAAGTCAGTGGTGAAAGCCCATCGCTCAACGGTGGAACGGCCATTGATACTGCTAGACTTGAATTATTAGGAAGTAACTAGAATATGTAGTGTAGCGGTGAAATGCTTAGAGATTACATGGAATACCAATTGCGAAGGCAGGTTACTACTAATATATTGACGCTGATGGACGAAAGCGTGGGTAGCGAACAGG,99.209,77133
Flavobacterium_109,gi|674139303|gb|KM135289.1|,674139303,TACGGAGGATCCAAGCGTTATCCGGAATCATTGGGTTTAAAGGGTCCGTAGGCGGTTTAGTAAGTCAGTGGTGAAAGCCCATCGCTCAACGGTGGAACGGCCATTGATACTGCTAGACTTGAATTATTAGGAAGTAACTAGAATATGTAGTGTAGCGGTGAAATGCTTAGAGATTACATGGAATACCAATTGCGAAGGCAGGTTACTACTAATATATTGACGCTGATGGACGAAAGCGTGGGTAGCGAACAGG,99.209,77133
Flavobacterium_109,gi|674124146|gb|KM125214.1|,674124146,TACGGAGGATCCAAGCGTTATCCGGAATCATTGGGTTTAAAGGGTCCGTAGGCGGTTTAGTAAGTCAGTGGTGAAAGCCCATCGCTCAACGGTGGAACGGCCATTGATACTGCTAGACTTGAATTATTAGGAAGTAACTAGAATATGTAGTGTAGCGGTGAAATGCTTAGAGATTACATGGAATACCAATTGCGAAGGCAGGTTACTACTAATATATTGACGCTGATGGACGAAAGCGTGGGTAGCGAACAGG,99.209,77133
Flavobacterium_109,gi|674123342|gb|KM124410.1|,674123342,TACGGAGGATCCAAGCGTTATCCGGAATCATTGGGTTTAAAGGGTCCGTAGGCGGTTTAGTAAGTCAGTGGTGAAAGCCCATCGCTCAACGGTGGAACGGCCATTGATACTGCTAGACTTGAATTATTAGGAAGTAACTAGAATATGTAGTGTAGCGGTGAAATGCTTAGAGATTACATGGAATACCAATTGCGAAGGCAGGTTACTACTAATATATTGACGCTGATGGACGAAAGCGTGGGTAGCGAACAGG,99.209,77133
Flavobacterium_109,gi|674121844|gb|KM122912.1|,674121844,TACGGAGGATCCAAGCGTTATCCGGAATCATTGGGTTTAAAGGGTCCGTAGGCGGTTTAGTAAGTCAGTGGTGAAAGCCCATCGCTCAACGGTGGAACGGCCATTGATACTGCTAGACTTGAATTATTAGGAAGTAACTAGAATATGTAGTGTAGCGGTGAAATGCTTAGAGATTACATGGAATACCAATTGCGAAGGCAGGTTACTACTAATATATTGACGCTGATGGACGAAAGCGTGGGTAGCGAACAGG,99.209,77133
Flavobacterium_109,gi|674121789|gb|KM122857.1|,674121789,TACGGAGGATCCAAGCGTTATCCGGAATCATTGGGTTTAAAGGGTCCGTAGGCGGTTTAGTAAGTCAGTGGTGAAAGCCCATCGCTCAACGGTGGAACGGCCATTGATACTGCTAGACTTGAATTATTAGGAAGTAACTAGAATATGTAGTGTAGCGGTGAAATGCTTAGAGATTACATGGAATACCAATTGCGAAGGCAGGTTACTACTAATATATTGACGCTGATGGACGAAAGCGTGGGTAGCGAACAGG,99.209,77133
Flavobacterium_109,gi|674121669|gb|KM122737.1|,674121669,TACGGAGGATCCAAGCGTTATCCGGAATCATTGGGTTTAAAGGGTCCGTAGGCGGTTTAGTAAGTCAGTGGTGAAAGCCCATCGCTCAACGGTGGAACGGCCATTGATACTGCTAGACTTGAATTATTAGGAAGTAACTAGAATATGTAGTGTAGCGGTGAAATGCTTAGAGATTACATGGAATACCAATTGCGAAGGCAGGTTACTACTAATATATTGACGCTGATGGACGAAAGCGTGGGTAGCGAACAGG,99.209,77133
Flavobacterium_109,gi|674121584|gb|KM122652.1|,674121584,TACGGAGGATCCAAGCGTTATCCGGAATCATTGGGTTTAAAGGGTCCGTAGGCGGTTTAGTAAGTCAGTGGTGAAAGCCCATCGCTCAACGGTGGAACGGCCATTGATACTGCTAGACTTGAATTATTAGGAAGTAACTAGAATATGTAGTGTAGCGGTGAAATGCTTAGAGATTACATGGAATACCAATTGCGAAGGCAGGTTACTACTAATATATTGACGCTGATGGACGAAAGCGTGGGTAGCGAACAGG,99.209,77133
Epilithonimonas.ginsengisoli_169,gi|499085553|gb|KC884004.1|,499085553,TACGGAGGGTGCAAGCGTTATCCGGATTTATTGGGTTTAAAGGGTCCGTAGGCGGATCCGTAAGTCAGTGGTGAAATCTCATAGCTTAACTATGAAACTGCCATTGATACTGCGGGTCTTGAGTGAGATTGAGGTAGCTGGAATAAGTAGTGTAGCGGTGAAATGCATAGATATTACTTAGAACACCAATTGCGAAGGCAGGTTACCAAGTCTTAACTGACGCTGAGGGACGAAAGCGTGGGGAGCGAACAGG,100.000,1332262
Epilithonimonas.ginsengisoli_169,gi|499085552|gb|KC884003.1|,499085552,TACGGAGGGTGCAAGCGTTATCCGGATTTATTGGGTTTAAAGGGTCCGTAGGCGGATCCGTAAGTCAGTGGTGAAATCTCATAGCTTAACTATGAAACTGCCATTGATACTGCGGGTCTTGAGTGAGATTGAGGTAGCTGGAATAAGTAGTGTAGCGGTGAAATGCATAGATATTACTTAGAACACCAATTGCGAAGGCAGGTTACCAAGTCTTAACTGACGCTGAGGGACGAAAGCGTGGGGAGCGAACAGG,100.000,1332261
Epilithonimonas.ginsengisoli_169,gi|409691583|gb|JX827729.1|,409691583,TACGGAGGGTGCAAGCGTTATCCGGATTTATTGGGTTTAAAGGGTCCGTAGGCGGATCCGTAAGTCAGTGGTGAAATCTCATAGCTTAACTATGAAACTGCCATTGATACTGCGGGTCTTGAGTGAGATTGAGGTAGCTGGAATAAGTAGTGTAGCGGTGAAATGCATAGATATTACTTAGAACACCAATTGCGAAGGCAGGTTACCAAGTCTTAACTGACGCTGAGGGACGAAAGCGTGGGGAGCGAACAGG,100.000,1245592
Epilithonimonas.ginsengisoli_169,gi|699448713|gb|KM221359.1|,699448713,TACGGAGGGTGCAAGCGTTATCCGGATTTATTGGGTTTAAAGGGTCCGTAGGCGGATCCGTAAGTCAGTGGTGAAATCTCATAGCTCAACTATGAAACTGCCATTGATACTGCGGGTCTTGAGTGAGATTGAGGTAGCTGGAATAAGTAGTGTAGCGGTGAAATGCATAGATATTACTTAGAACACCAATTGCGAAGGCAGGTTACCAAGTCTTAACTGACGCTGAGGGACGAAAGCGTGGGGAGCGAACAGG,99.605,77133
Epilithonimonas.ginsengisoli_169,gi|674161349|gb|KM154561.1|,674161349,TACGGAGGGTGCAAGCGTTATCCGGATTTATTGGGTTTAAAGGGTCCGTAGGCGGATCCGTAAGTCAGTGGTGAAATCTCATAGCTTAACTATGAAACTGCCATTGATACTGCGGGTCTTGAGTGAGATTGAGGTAGCTGGAATAAGTAGTGTAGCGGTGAAATGCATAGATATTACTTAGAACACCAATTGCGAAGGCAGGTTACCAAGTCTTAACTGACGCTGATGGACGAAAGCGTGGGGAGCGAACAGG,99.605,77133
Epilithonimonas.ginsengisoli_169,gi|674158331|gb|KM151543.1|,674158331,TACGGAGGGTGCAAGCGTTATCCGGATTTATTGGGTTTAAAGGGTCCGTAGGCGGATCCGTAAGTCAGTGGTGAAATCTCATAGCTTAACTATGAAACTGCCATTGATACTGCGGGTCTTGAGTGAGATTGAGGTAGCTGGAATAAGTAGTGTAGCGGTGAAATGCATAGATATTACTTAGAACACCAATTGCGAAGGCAGGTTACCAAGTCTTAACTGACGCTGATGGACGAAAGCGTGGGGAGCGAACAGG,99.605,77133
Epilithonimonas.ginsengisoli_169,gi|674152310|gb|KM148296.1|,674152310,TACGGAGGGTGCAAGCGTTATCCGGATTTATTGGGTTTAAAGGGTCCGTAGGCGGATCCGTAAGTCAGTGGTGAAATCTCATAGCTTAACTATGAAACTGCCATTGATACTGCGGGTCTTGAGTGAGATTGAGGTAGCTGGAATAAGTAGTGTAGCGGTGAAATGCATAGATATTACTTAGAACACCAATTGCGAAGGCAGGTTACCAAGTCTTAACTGACGCTGATGGACGAAAGCGTGGGGAGCGAACAGG,99.605,77133
Epilithonimonas.ginsengisoli_169,gi|619324731|gb|KJ482861.1|,619324731,TACGGAGGGTGCAAGCGTTATCCGGATTTATTGGGTTTAAAGGGTCCGTAGGCGGATCCGTAAGTCAGTGGTGAAATCTCATAGCTTAACTATGAAACTGCCATTGATACTGCGGGTCTTGAGTGAGATTGAGGTAGCTGGAATAAGTAGTGTAGCGGTGAAATGCATAGATATTACTTAGAACACCAATTGCGAAGGCAGGTTACCAAGTCTTAACTGACGCTGATGGACGAAAGCGTGGGGAGCGAACAGG,99.605,1492035
Epilithonimonas.ginsengisoli_169,gi|619324638|gb|KJ482768.1|,619324638,TACGGAGGGTGCAAGCGTTATCCGGATTTATTGGGTTTAAAGGGTCCGTAGGCGGATCCGTAAGTCAGTGGTGAAATCTCATAGCTTAACTATGAAACTGCCATTGATACTGCGGGTCTTGAGTGAGATTGAGGTAGCTGGAATAAGTAGTGTAGCGGTGAAATGCATAGATATTACTTAGAACACCAATTGCGAAGGCAGGTTACCAAGTCTTAACTGACGCTGATGGACGAAAGCGTGGGGAGCGAACAGG,99.605,1492036
Epilithonimonas.ginsengisoli_169,gi|485091251|gb|JQ977440.1|,485091251,TACGGAGGGTGCAAGCGTTATCCGGATTTATTGGGTTTAAAGGGTCCGTAGGCGGATCCGTAAGTCAGTGGTGAAATCTCATAGCTTAACTATGAAACTGCCATTGATACTGCGGGTCTTGAGTGAGATTGAGGTAGCTGGAATAAGTAGTGTAGCGGTGAAATGCATAGATATTACTTAGAACACCAATTGCGAAGGCAGGTTACCAAGTCTTAACTGACGCTGATGGACGAAAGCGTGGGGAGCGAACAGG,99.605,1327250
Cloacibacterium_172,gi|758818770|emb|HF912321.1|,758818770,TACGGAGGGTGCAAGCGTTATCCGGATTTATTGGGTTTAAAGGGTCCGTAGGCGGACTTATAAGTCAGTGGTGAAAGCCTGTCGCTTAACGATAGAACTGCCATTGATACTGTAAGTCTTGAGTATATTTGAGGTAGCTGGAATAAGTAGTGTAGCGGTGAAATGCATAGATATTACTTAGAACACCAATTGCGAAGGCAGGTTACCAAGATATAACTGACGCTGAGGGACGAAAGCGTGGGGAGCGAACAGG,100.000,165436
Cloacibacterium_172,gi|758818762|emb|HF912313.1|,758818762,TACGGAGGGTGCAAGCGTTATCCGGATTTATTGGGTTTAAAGGGTCCGTAGGCGGACTTATAAGTCAGTGGTGAAAGCCTGTCGCTTAACGATAGAACTGCCATTGATACTGTAAGTCTTGAGTATATTTGAGGTAGCTGGAATAAGTAGTGTAGCGGTGAAATGCATAGATATTACTTAGAACACCAATTGCGAAGGCAGGTTACCAAGATATAACTGACGCTGAGGGACGAAAGCGTGGGGAGCGAACAGG,100.000,165436
Cloacibacterium_172,gi|758818742|emb|HF912293.1|,758818742,TACGGAGGGTGCAAGCGTTATCCGGATTTATTGGGTTTAAAGGGTCCGTAGGCGGACTTATAAGTCAGTGGTGAAAGCCTGTCGCTTAACGATAGAACTGCCATTGATACTGTAAGTCTTGAGTATATTTGAGGTAGCTGGAATAAGTAGTGTAGCGGTGAAATGCATAGATATTACTTAGAACACCAATTGCGAAGGCAGGTTACCAAGATATAACTGACGCTGAGGGACGAAAGCGTGGGGAGCGAACAGG,100.000,165436
Cloacibacterium_172,gi|758818731|emb|HF912282.1|,758818731,TACGGAGGGTGCAAGCGTTATCCGGATTTATTGGGTTTAAAGGGTCCGTAGGCGGACTTATAAGTCAGTGGTGAAAGCCTGTCGCTTAACGATAGAACTGCCATTGATACTGTAAGTCTTGAGTATATTTGAGGTAGCTGGAATAAGTAGTGTAGCGGTGAAATGCATAGATATTACTTAGAACACCAATTGCGAAGGCAGGTTACCAAGATATAACTGACGCTGAGGGACGAAAGCGTGGGGAGCGAACAGG,100.000,904945
Cloacibacterium_172,gi|633869106|gb|KJ127995.1|,633869106,TACGGAGGGTGCAAGCGTTATCCGGATTTATTGGGTTTAAAGGGTCCGTAGGCGGACTTATAAGTCAGTGGTGAAAGCCTGTCGCTTAACGATAGAACTGCCATTGATACTGTAAGTCTTGAGTATATTTGAGGTAGCTGGAATAAGTAGTGTAGCGGTGAAATGCATAGATATTACTTAGAACACCAATTGCGAAGGCAGGTTACCAAGATATAACTGACGCTGAGGGACGAAAGCGTGGGGAGCGAACAGG,100.000,904945
Cloacibacterium_172,gi|731164933|dbj|AB804095.1|,731164933,TACGGAGGGTGCAAGCGTTATCCGGATTTATTGGGTTTAAAGGGTCCGTAGGCGGACTTATAAGTCAGTGGTGAAAGCCTGTCGCTTAACGATAGAACTGCCATTGATACTGTAAGTCTTGAGTATATTTGAGGTAGCTGGAATAAGTAGTGTAGCGGTGAAATGCATAGATATTACTTAGAACACCAATTGCGAAGGCAGGTTACCAAGATATAACTGACGCTGAGGGACGAAAGCGTGGGGAGCGAACAGG,100.000,77133
Cloacibacterium_172,gi|731164932|dbj|AB804094.1|,731164932,TACGGAGGGTGCAAGCGTTATCCGGATTTATTGGGTTTAAAGGGTCCGTAGGCGGACTTATAAGTCAGTGGTGAAAGCCTGTCGCTTAACGATAGAACTGCCATTGATACTGTAAGTCTTGAGTATATTTGAGGTAGCTGGAATAAGTAGTGTAGCGGTGAAATGCATAGATATTACTTAGAACACCAATTGCGAAGGCAGGTTACCAAGATATAACTGACGCTGAGGGACGAAAGCGTGGGGAGCGAACAGG,100.000,77133
Cloacibacterium_172,gi|731164931|dbj|AB804093.1|,731164931,TACGGAGGGTGCAAGCGTTATCCGGATTTATTGGGTTTAAAGGGTCCGTAGGCGGACTTATAAGTCAGTGGTGAAAGCCTGTCGCTTAACGATAGAACTGCCATTGATACTGTAAGTCTTGAGTATATTTGAGGTAGCTGGAATAAGTAGTGTAGCGGTGAAATGCATAGATATTACTTAGAACACCAATTGCGAAGGCAGGTTACCAAGATATAACTGACGCTGAGGGACGAAAGCGTGGGGAGCGAACAGG,100.000,77133
Cloacibacterium_172,gi|731164929|dbj|AB804091.1|,731164929,TACGGAGGGTGCAAGCGTTATCCGGATTTATTGGGTTTAAAGGGTCCGTAGGCGGACTTATAAGTCAGTGGTGAAAGCCTGTCGCTTAACGATAGAACTGCCATTGATACTGTAAGTCTTGAGTATATTTGAGGTAGCTGGAATAAGTAGTGTAGCGGTGAAATGCATAGATATTACTTAGAACACCAATTGCGAAGGCAGGTTACCAAGATATAACTGACGCTGAGGGACGAAAGCGTGGGGAGCGAACAGG,100.000,77133
Cloacibacterium_172,gi|571780365|gb|KF871248.1|,571780365,TACGGAGGGTGCAAGCGTTATCCGGATTTATTGGGTTTAAAGGGTCCGTAGGCGGACTTATAAGTCAGTGGTGAAAGCCTGTCGCTTAACGATAGAACTGCCATTGATACTGTAAGTCTTGAGTATATTTGAGGTAGCTGGAATAAGTAGTGTAGCGGTGAAATGCATAGATATTACTTAGAACACCAATTGCGAAGGCAGGTTACCAAGATATAACTGACGCTGAGGGACGAAAGCGTGGGGAGCGAACAGG,100.000,904945
Flavobacterium_295,gi|723634223|gb|KM391413.1|,723634223,TACGGAGGATCCAAGCGTTATCCGGAATCATTGGGTTTAAAGGGTCCGTAGGCGGTTTAATAAGTCAGTGGTGAAAGCCCATCGCTCAACGGTGGAACGGCCATTGATACTGTTAGACTTGAATTATTAGGAAGTAACTAGAATATGTAGTGTAGCGGTGAAATGCTTAGAGATTACATGGAATACCAATTGCGAAGGCAGGTTACTACTAATTGATTGACGCTGATGGACGAAAGCGTGGGTAGCGAACAGG,100.000,1572494
Flavobacterium_295,gi|649471544|gb|KJ417597.1|,649471544,TACGGAGGATCCAAGCGTTATCCGGAATCATTGGGTTTAAAGGGTCCGTAGGCGGTTTAATAAGTCAGTGGTGAAAGCCCATCGCTCAACGGTGGAACGGCCATTGATACTGTTAGACTTGAATTATTAGGAAGTAACTAGAATATGTAGTGTAGCGGTGAAATGCTTAGAGATTACATGGAATACCAATTGCGAAGGCAGGTTACTACTAATTGATTGACGCTGATGGACGAAAGCGTGGGTAGCGAACAGG,100.000,77133
Flavobacterium_295,gi|674169826|gb|KM160276.1|,674169826,TACGGAGGATCCAAGCGTTATCCGGAATCATTGGGTTTAAAGGGTCCGTAGGCGGTTTAATAAGTCAGTGGTGAAAGCCCATCGCTCAACGGTGGAACGGCCATTGATACTGTTAGACTTGAATTATTAGGAAGTAACTAGAATATGTAGTGTAGCGGTGAAATGCTTAGAGATTACATGGAATACCAATTGCGAAGGCAGGTTACTACTAATTGATTGACGCTGATGGACGAAAGCGTGGGTAGCGAACAGG,100.000,77133
Flavobacterium_295,gi|674165541|gb|KM158753.1|,674165541,TACGGAGGATCCAAGCGTTATCCGGAATCATTGGGTTTAAAGGGTCCGTAGGCGGTTTAATAAGTCAGTGGTGAAAGCCCATCGCTCAACGGTGGAACGGCCATTGATACTGTTAGACTTGAATTATTAGGAAGTAACTAGAATATGTAGTGTAGCGGTGAAATGCTTAGAGATTACATGGAATACCAATTGCGAAGGCAGGTTACTACTAATTGATTGACGCTGATGGACGAAAGCGTGGGTAGCGAACAGG,100.000,77133
Flavobacterium_295,gi|674163855|gb|KM157067.1|,674163855,TACGGAGGATCCAAGCGTTATCCGGAATCATTGGGTTTAAAGGGTCCGTAGGCGGTTTAATAAGTCAGTGGTGAAAGCCCATCGCTCAACGGTGGAACGGCCATTGATACTGTTAGACTTGAATTATTAGGAAGTAACTAGAATATGTAGTGTAGCGGTGAAATGCTTAGAGATTACATGGAATACCAATTGCGAAGGCAGGTTACTACTAATTGATTGACGCTGATGGACGAAAGCGTGGGTAGCGAACAGG,100.000,77133
Flavobacterium_295,gi|674163779|gb|KM156991.1|,674163779,TACGGAGGATCCAAGCGTTATCCGGAATCATTGGGTTTAAAGGGTCCGTAGGCGGTTTAATAAGTCAGTGGTGAAAGCCCATCGCTCAACGGTGGAACGGCCATTGATACTGTTAGACTTGAATTATTAGGAAGTAACTAGAATATGTAGTGTAGCGGTGAAATGCTTAGAGATTACATGGAATACCAATTGCGAAGGCAGGTTACTACTAATTGATTGACGCTGATGGACGAAAGCGTGGGTAGCGAACAGG,100.000,77133
Flavobacterium_295,gi|674161417|gb|KM154629.1|,674161417,TACGGAGGATCCAAGCGTTATCCGGAATCATTGGGTTTAAAGGGTCCGTAGGCGGTTTAATAAGTCAGTGGTGAAAGCCCATCGCTCAACGGTGGAACGGCCATTGATACTGTTAGACTTGAATTATTAGGAAGTAACTAGAATATGTAGTGTAGCGGTGAAATGCTTAGAGATTACATGGAATACCAATTGCGAAGGCAGGTTACTACTAATTGATTGACGCTGATGGACGAAAGCGTGGGTAGCGAACAGG,100.000,77133
Flavobacterium_295,gi|674161161|gb|KM154373.1|,674161161,TACGGAGGATCCAAGCGTTATCCGGAATCATTGGGTTTAAAGGGTCCGTAGGCGGTTTAATAAGTCAGTGGTGAAAGCCCATCGCTCAACGGTGGAACGGCCATTGATACTGTTAGACTTGAATTATTAGGAAGTAACTAGAATATGTAGTGTAGCGGTGAAATGCTTAGAGATTACATGGAATACCAATTGCGAAGGCAGGTTACTACTAATTGATTGACGCTGATGGACGAAAGCGTGGGTAGCGAACAGG,100.000,77133
Flavobacterium_295,gi|674160787|gb|KM153999.1|,674160787,TACGGAGGATCCAAGCGTTATCCGGAATCATTGGGTTTAAAGGGTCCGTAGGCGGTTTAATAAGTCAGTGGTGAAAGCCCATCGCTCAACGGTGGAACGGCCATTGATACTGTTAGACTTGAATTATTAGGAAGTAACTAGAATATGTAGTGTAGCGGTGAAATGCTTAGAGATTACATGGAATACCAATTGCGAAGGCAGGTTACTACTAATTGATTGACGCTGATGGACGAAAGCGTGGGTAGCGAACAGG,100.000,77133
Flavobacterium_295,gi|674160419|gb|KM153631.1|,674160419,TACGGAGGATCCAAGCGTTATCCGGAATCATTGGGTTTAAAGGGTCCGTAGGCGGTTTAATAAGTCAGTGGTGAAAGCCCATCGCTCAACGGTGGAACGGCCATTGATACTGTTAGACTTGAATTATTAGGAAGTAACTAGAATATGTAGTGTAGCGGTGAAATGCTTAGAGATTACATGGAATACCAATTGCGAAGGCAGGTTACTACTAATTGATTGACGCTGATGGACGAAAGCGTGGGTAGCGAACAGG,100.000,77133
Flavobacterium_416,gi|675274599|gb|KJ873109.1|,675274599,TACGGAGGATCCAAGCGTTATCCGGAATCATTGGGTTTAAAGGGTCCGTAGGCGGCCCCGTAAGTCAGTGGTGAAATCTCCCGGCTCAACCGGGAAATTGCCATTGATACTGCAGGGCTTGAATTATTGGGAAGTAACTAGAATATGTAGTGTAGCGGTGAAATGCTTAGATATTACATGGAATACCGATTGCGAAGGCAGGTTACTATCAATACATTGACGCTGATGGACGAAAGCGTGGGTAGCGAACAGG,99.209,1540163
Flavobacterium_416,gi|671761218|gb|KJ808706.1|,671761218,TACGGAGGGTCCAAGCGTTATCCGGAATCATTGGGTTTAAAGGGTCCGTAGGCGGCCCTGTAAGTCAGTGGTGAAATCTCCCGGCTCAACCGGGAAATTGCCATTGATACTGCAGGGCTTGAATTATTGGGAAGTAACTAGAATATGTAGTGTAGCGGTGAAATGCTTAGATATTACATGGAATACCAATTGCGAAGGCAGGTTACTATCAATATATTGACGCTGATGGACGAAAGCGTGGGTAGCGAACAGG,99.209,1531852
Flavobacterium_416,gi|571033894|gb|KF726983.1|,571033894,TACGGAGGATCCAAGCGTTATCCGGAATCATTGGGTTTAAAGGGTCCGTAGGCGGCCCTGTAAGTCAGTGGTGAAATCTCCCGGCTCAACCGGGAAATTGCCATTGATACTGCAGGGCTTGAATTATTGGGAAGTAACTAGAATATGTAGTGTAGCGGTGAAATGCTTAGATATTACATGGAATACCGATTGCGAAGGCAGGTTACTACCAATACATTGACGCTGATGGACGAAAGCGTGGGTAGCGAACAGG,99.209,1442595
Flavobacterium_416,gi|322213566|gb|JF228161.1|,322213566,TACGGAGGATCCAAGCGTTATCCGGAATCATTGGGTTTAAAGGGTCCGTAGGCGGCCCTGTAAGTCAGTGGTGAAATCTCCCGGCTCAACCGGGAAATTGCCATTGATACTGCAGGGCTTGAATTATTGGGAAGTAACTAGAATATGTAGTGTAGCGGTGAAATGCTTAGATATTACATGGAATACCGATTGCGAAGGCAGGTTACTACCAATACATTGACGCTGATGGACGAAAGCGTGGGTAGCGAACAGG,99.209,77133
Flavobacterium_416,gi|296972336|gb|HM278741.1|,296972336,TACGGAGGATCCAAGCGTTATCCGGAATCATTGGGTTTAAAGGGTCCGTAGGCGGCCCTGTAAGTCAGTGGTGAAATCTCCCGGCTCAACCGGGAAATTGCCATTGATACTGCAGGGCTTGAATTATTGGGAAGTAACTAGAATATGTAGTGTAGCGGTGAAATGCTTAGATATTACATGGAATACCGATTGCGAAGGCAGGTTACTACCAATACATTGACGCTGATGGACGAAAGCGTGGGTAGCGAACAGG,99.209,77133
Flavobacterium_416,gi|126033886|gb|EF378155.1|,126033886,TACGGAGGATCCAAGCGTTATCCGGAATCATTGGGTTTAAAGGGTCCGTAGGCGGCCCTGTAAGTCAGTGGTGAAATCTCCCGGCTCAACCGGGAAATTGCCATTGATACTGCAGGGCTTGAATTATTGGGAAGTAACTAGAATATGTAGTGTAGCGGTGAAATGCTTAGATATTACATGGAATACCGATTGCGAAGGCAGGTTACTACCAATACATTGACGCTGATGGACGAAAGCGTGGGTAGCGAACAGG,99.209,77133
Flavobacterium_416,gi|126033513|gb|EF377782.1|,126033513,TACGGAGGATCCAAGCGTTATCCGGAATCATTGGGTTTAAAGGGTCCGTAGGCGGCCCCGTAAGTCAGTGGTGAAATCTCCCGGCTCAACCGGGAAATTGCCATTGATACTGCAGGGCTTGAATTATTGGGAAGTAACTAGAATATGTAGTGTAGCGGTGAAATGCTTAGATATTACATGGAATACCGATTGCGAAGGCAGGTTACTATCAATACATTGACGCTGATGGACGAAAGCGTGGGTAGCGAACAGG,99.209,77133
Flavobacterium_416,gi|321836528|gb|JF043118.1|,321836528,TACGGAGGGTCCAAGCGTTATCCGGAATCATTGGGTTTAAAGGGTCCGTAGGCGGCCCTGTAAGTCAGTGGTGAAATCTCCCGGCTCAACCGGGAAATTGCCATTGATACTGCAGGGCTTGAATTATTGGGAAGTAACTAGAATATGTAGTGTAGCGGTGAAATGCTTAGATATTACATGGAATACCAATTGCGAAGGAAGGTTACTATCAATATATTGACGCTGATGGACGAAAGCGTGGGTAGCGAACAGG,98.814,77133
Flavobacterium_416,gi|296962502|gb|HM268907.1|,296962502,TACGGAGGATCCAAGCGTTATCCGGAATCATTGGGTTTAAAGGGTCCGTAGGCGGCCCTGTAAGTCAGTGGTGAAATCTCCCGGCTCAACCGGGAAATTGCCATTGATACTGCAGGGCTTGAATTATTGGGAAGTAACTAGAATATGTAGTGTAGCGGTGAAATGCTTAGATATTACATGGAATACCGATTGCGAAGGCAGGTTACTACCAATATATTGACGCTGATGGACGAAAGCGTGGGTAGCGAACAGG,98.814,77133
Flavobacterium_416,gi|576866628|gb|KF804089.1|,576866628,TACGGAGGATCCAAGCGTTATCCGGAATCATTGGGTTTAAAGGGTCCGTAGGCGGCCCCGTAAGTCAGTGGTGAAATCTCCCGGCTCAACCGGGAAATTGCCATTGATACTGCAGGGCTTGAATTATTGGGAAGTAACTAGAATATGTAGTGTAGCGGTGAAATGCTTAGATATTACATGGAATACCGATTGCGAAGGCAGGTTACTATCAATACA-TGACGCTGATGGACGAAAGCGTGGGTAGCGAACAGG,98.814,1454066
Chryseobacterium.polytrichastri_417,gi|729151289|gb|KM575725.1|,729151289,TACGGAGGGTGCAAGCGTTATCCGGATTTATTGGGTTTAAAGGGTCCGTAGGCGGGCTCGTAAGTCAGTGGTGAAATCTCATAGCTTAACTATGAAACTGCCATTGATACTGCGAGCCTTGAGTAAGGTAGAGGTAGCTGGAATAAGTAGTGTAGCGGTGAAATGCATAGATATTACTTAGAACACCAATTGCGAAGGCAGGTTACCATGTCTTAACTGACGCTGATGGACGAAAGCGTGGGGAGCGAACAGG,100.000,1571794
Chryseobacterium.polytrichastri_417,gi|676900387|gb|KJ920688.1|,676900387,TACGGAGGGTGCAAGCGTTATCCGGATTTATTGGGTTTAAAGGGTCCGTAGGCGGGCTCGTAAGTCAGTGGTGAAATCTCATAGCTTAACTATGAAACTGCCATTGATACTGCGAGCCTTGAGTAAGGTAGAGGTAGCTGGAATAAGTAGTGTAGCGGTGAAATGCATAGATATTACTTAGAACACCAATTGCGAAGGCAGGTTACCATGTCTTAACTGACGCTGATGGACGAAAGCGTGGGGAGCGAACAGG,100.000,1541057
Chryseobacterium.polytrichastri_417,gi|619324622|gb|KJ482752.1|,619324622,TACGGAGGGTGCAAGCGTTATCCGGATTTATTGGGTTTAAAGGGTCCGTAGGCGGGCTCGTAAGTCAGTGGTGAAATCTCATAGCTTAACTATGAAACTGCCATTGATACTGCGAGCCTTGAGTAAGGTAGAGGTAGCTGGAATAAGTAGTGTAGCGGTGAAATGCATAGATATTACTTAGAACACCAATTGCGAAGGCAGGTTACCATGTCTTAACTGACGCTGATGGACGAAAGCGTGGGGAGCGAACAGG,100.000,1491917
Chryseobacterium.polytrichastri_417,gi|543889654|gb|KF641258.1|,543889654,TACGGAGGGTGCAAGCGTTATCCGGATTTATTGGGTTTAAAGGGTCCGTAGGCGGGCTCGTAAGTCAGTGGTGAAATCTCATAGCTTAACTATGAAACTGCCATTGATACTGCGAGCCTTGAGTAAGGTAGAGGTAGCTGGAATAAGTAGTGTAGCGGTGAAATGCATAGATATTACTTAGAACACCAATTGCGAAGGCAGGTTACCATGTCTTAACTGACGCTGATGGACGAAAGCGTGGGGAGCGAACAGG,100.000,77133
Chryseobacterium.polytrichastri_417,gi|485091505|gb|JQ977693.1|,485091505,TACGGAGGGTGCAAGCGTTATCCGGATTTATTGGGTTTAAAGGGTCCGTAGGCGGGCTCGTAAGTCAGTGGTGAAATCTCATAGCTTAACTATGAAACTGCCATTGATACTGCGAGCCTTGAGTAAGGTAGAGGTAGCTGGAATAAGTAGTGTAGCGGTGAAATGCATAGATATTACTTAGAACACCAATTGCGAAGGCAGGTTACCATGTCTTAACTGACGCTGATGGACGAAAGCGTGGGGAGCGAACAGG,100.000,1327211
Chryseobacterium.polytrichastri_417,gi|485091202|gb|JQ977391.1|,485091202,TACGGAGGGTGCAAGCGTTATCCGGATTTATTGGGTTTAAAGGGTCCGTAGGCGGGCTCGTAAGTCAGTGGTGAAATCTCATAGCTTAACTATGAAACTGCCATTGATACTGCGAGCCTTGAGTAAGGTAGAGGTAGCTGGAATAAGTAGTGTAGCGGTGAAATGCATAGATATTACTTAGAACACCAATTGCGAAGGCAGGTTACCATGTCTTAACTGACGCTGATGGACGAAAGCGTGGGGAGCGAACAGG,100.000,1327197
Chryseobacterium.polytrichastri_417,gi|485091129|gb|JQ977319.1|,485091129,TACGGAGGGTGCAAGCGTTATCCGGATTTATTGGGTTTAAAGGGTCCGTAGGCGGGCTCGTAAGTCAGTGGTGAAATCTCATAGCTTAACTATGAAACTGCCATTGATACTGCGAGCCTTGAGTAAGGTAGAGGTAGCTGGAATAAGTAGTGTAGCGGTGAAATGCATAGATATTACTTAGAACACCAATTGCGAAGGCAGGTTACCATGTCTTAACTGACGCTGATGGACGAAAGCGTGGGGAGCGAACAGG,100.000,1327219
Chryseobacterium.polytrichastri_417,gi|485091119|gb|JQ977309.1|,485091119,TACGGAGGGTGCAAGCGTTATCCGGATTTATTGGGTTTAAAGGGTCCGTAGGCGGGCTCGTAAGTCAGTGGTGAAATCTCATAGCTTAACTATGAAACTGCCATTGATACTGCGAGCCTTGAGTAAGGTAGAGGTAGCTGGAATAAGTAGTGTAGCGGTGAAATGCATAGATATTACTTAGAACACCAATTGCGAAGGCAGGTTACCATGTCTTAACTGACGCTGATGGACGAAAGCGTGGGGAGCGAACAGG,100.000,1327198
Chryseobacterium.polytrichastri_417,gi|485090987|gb|JQ977178.1|,485090987,TACGGAGGGTGCAAGCGTTATCCGGATTTATTGGGTTTAAAGGGTCCGTAGGCGGGCTCGTAAGTCAGTGGTGAAATCTCATAGCTTAACTATGAAACTGCCATTGATACTGCGAGCCTTGAGTAAGGTAGAGGTAGCTGGAATAAGTAGTGTAGCGGTGAAATGCATAGATATTACTTAGAACACCAATTGCGAAGGCAGGTTACCATGTCTTAACTGACGCTGATGGACGAAAGCGTGGGGAGCGAACAGG,100.000,1327220
Chryseobacterium.polytrichastri_417,gi|485090949|gb|JQ977140.1|,485090949,TACGGAGGGTGCAAGCGTTATCCGGATTTATTGGGTTTAAAGGGTCCGTAGGCGGGCTCGTAAGTCAGTGGTGAAATCTCATAGCTTAACTATGAAACTGCCATTGATACTGCGAGCCTTGAGTAAGGTAGAGGTAGCTGGAATAAGTAGTGTAGCGGTGAAATGCATAGATATTACTTAGAACACCAATTGCGAAGGCAGGTTACCATGTCTTAACTGACGCTGATGGACGAAAGCGTGGGGAGCGAACAGG,100.000,1327210
Flavobacterium_791,gi|674159780|gb|KM152992.1|,674159780,TACGGAGGATCCAAGCGTTATCCGGAATCATTGGGTTTAAAGGGTCCGTAGGCGGTCTTATAAGTCAGTGGTGAAATCTCCCCGCTCAACGGGGAAACGGCCATTGATACTGTAGGACTTGAATTATTAGGAAGTAACTAGAATATGTAGTGTAGCGGTGAAATGCTTAGAGATTACATGGAATACCAATTGCGAAGGCAGGTTACTACTAATGGATTGACGCTGATGGACGAAAGCGTGGGTAGCGAACAGG,100.000,77133
Flavobacterium_791,gi|674159567|gb|KM152779.1|,674159567,TACGGAGGATCCAAGCGTTATCCGGAATCATTGGGTTTAAAGGGTCCGTAGGCGGTCTTATAAGTCAGTGGTGAAATCTCCCCGCTCAACGGGGAAACGGCCATTGATACTGTAGGACTTGAATTATTAGGAAGTAACTAGAATATGTAGTGTAGCGGTGAAATGCTTAGAGATTACATGGAATACCAATTGCGAAGGCAGGTTACTACTAATGGATTGACGCTGATGGACGAAAGCGTGGGTAGCGAACAGG,100.000,77133
Flavobacterium_791,gi|674154411|gb|KM150397.1|,674154411,TACGGAGGATCCAAGCGTTATCCGGAATCATTGGGTTTAAAGGGTCCGTAGGCGGTCTTATAAGTCAGTGGTGAAATCTCCCCGCTCAACGGGGAAACGGCCATTGATACTGTAGGACTTGAATTATTAGGAAGTAACTAGAATATGTAGTGTAGCGGTGAAATGCTTAGAGATTACATGGAATACCAATTGCGAAGGCAGGTTACTACTAATGGATTGACGCTGATGGACGAAAGCGTGGGTAGCGAACAGG,100.000,77133
Flavobacterium_791,gi|674145292|gb|KM141278.1|,674145292,TACGGAGGATCCAAGCGTTATCCGGAATCATTGGGTTTAAAGGGTCCGTAGGCGGTCTTATAAGTCAGTGGTGAAATCTCCCCGCTCAACGGGGAAACGGCCATTGATACTGTAGGACTTGAATTATTAGGAAGTAACTAGAATATGTAGTGTAGCGGTGAAATGCTTAGAGATTACATGGAATACCAATTGCGAAGGCAGGTTACTACTAATGGATTGACGCTGATGGACGAAAGCGTGGGTAGCGAACAGG,100.000,77133
Flavobacterium_791,gi|674140894|gb|KM136880.1|,674140894,TACGGAGGATCCAAGCGTTATCCGGAATCATTGGGTTTAAAGGGTCCGTAGGCGGTCTTATAAGTCAGTGGTGAAATCTCCCCGCTCAACGGGGAAACGGCCATTGATACTGTAGGACTTGAATTATTAGGAAGTAACTAGAATATGTAGTGTAGCGGTGAAATGCTTAGAGATTACATGGAATACCAATTGCGAAGGCAGGTTACTACTAATGGATTGACGCTGATGGACGAAAGCGTGGGTAGCGAACAGG,100.000,77133
Flavobacterium_791,gi|542215139|gb|KF441685.1|,542215139,TACGGAGGATCCAAGCGTTATCCGGAATCATTGGGTTTAAAGGGTCCGTAGGCGGTCTTATAAGTCAGTGGTGAAATCTCCCCGCTCAACGGGGAAACGGCCATTGATACTGTAGGACTTGAATTATTAGGAAGTAACTAGAATATGTAGTGTAGCGGTGAAATGCTTAGAGATTACATGGAATACCAATTGCGAAGGCAGGTTACTACTAATGGATTGACGCTGATGGACGAAAGCGTGGGTAGCGAACAGG,100.000,1391306
Flavobacterium_791,gi|542215096|gb|KF441642.1|,542215096,TACGGAGGATCCAAGCGTTATCCGGAATCATTGGGTTTAAAGGGTCCGTAGGCGGTCTTATAAGTCAGTGGTGAAATCTCCCCGCTCAACGGGGAAACGGCCATTGATACTGTAGGACTTGAATTATTAGGAAGTAACTAGAATATGTAGTGTAGCGGTGAAATGCTTAGAGATTACATGGAATACCAATTGCGAAGGCAGGTTACTACTAATGGATTGACGCTGATGGACGAAAGCGTGGGTAGCGAACAGG,100.000,1391305
Flavobacterium_791,gi|542215017|gb|KF441563.1|,542215017,TACGGAGGATCCAAGCGTTATCCGGAATCATTGGGTTTAAAGGGTCCGTAGGCGGTCTTATAAGTCAGTGGTGAAATCTCCCCGCTCAACGGGGAAACGGCCATTGATACTGTAGGACTTGAATTATTAGGAAGTAACTAGAATATGTAGTGTAGCGGTGAAATGCTTAGAGATTACATGGAATACCAATTGCGAAGGCAGGTTACTACTAATGGATTGACGCTGATGGACGAAAGCGTGGGTAGCGAACAGG,100.000,1391371
Flavobacterium_791,gi|460501531|gb|JX521090.1|,460501531,TACGGAGGATCCAAGCGTTATCCGGAATCATTGGGTTTAAAGGGTCCGTAGGCGGTCTTATAAGTCAGTGGTGAAATCTCCCCGCTCAACGGGGAAACGGCCATTGATACTGTAGGACTTGAATTATTAGGAAGTAACTAGAATATGTAGTGTAGCGGTGAAATGCTTAGAGATTACATGGAATACCAATTGCGAAGGCAGGTTACTACTAATGGATTGACGCTGATGGACGAAAGCGTGGGTAGCGAACAGG,100.000,77133
Flavobacterium_791,gi|529084986|gb|KC666516.1|,529084986,TACGGAGGATCCAAGCGTTATCCGGAATCATTGGGTTTAAAGGGTCCGTAGGCGGTCTTATAAGTCAGTGGTGAAATCTCCCCGCTCAACGGGGAAACGGCCATTGATACTGTAGGACTTGAATTATTAGGAAGTAACTAGAATATGTAGTGTAGCGGTGAAATGCTTAGAGATTACATGGAATACCAATTGCGAAGGCAGGTTACTACTAATGGATTGACGCTGATGGACGAAAGCGTGGGTAGCGAACAGG,100.000,77133
Flavobacterium_793,gi|571033894|gb|KF726983.1|,571033894,TACGGAGGATCCAAGCGTTATCCGGAATCATTGGGTTTAAAGGGTCCGTAGGCGGCCCTGTAAGTCAGTGGTGAAATCTCCCGGCTCAACCGGGAAATTGCCATTGATACTGCAGGGCTTGAATTATTGGGAAGTAACTAGAATATGTAGTGTAGCGGTGAAATGCTTAGATATTACATGGAATACCGATTGCGAAGGCAGGTTACTACCAATACATTGACGCTGATGGACGAAAGCGTGGGTAGCGAACAGG,98.814,1442595
Flavobacterium_793,gi|322213566|gb|JF228161.1|,322213566,TACGGAGGATCCAAGCGTTATCCGGAATCATTGGGTTTAAAGGGTCCGTAGGCGGCCCTGTAAGTCAGTGGTGAAATCTCCCGGCTCAACCGGGAAATTGCCATTGATACTGCAGGGCTTGAATTATTGGGAAGTAACTAGAATATGTAGTGTAGCGGTGAAATGCTTAGATATTACATGGAATACCGATTGCGAAGGCAGGTTACTACCAATACATTGACGCTGATGGACGAAAGCGTGGGTAGCGAACAGG,98.814,77133
Flavobacterium_793,gi|296972336|gb|HM278741.1|,296972336,TACGGAGGATCCAAGCGTTATCCGGAATCATTGGGTTTAAAGGGTCCGTAGGCGGCCCTGTAAGTCAGTGGTGAAATCTCCCGGCTCAACCGGGAAATTGCCATTGATACTGCAGGGCTTGAATTATTGGGAAGTAACTAGAATATGTAGTGTAGCGGTGAAATGCTTAGATATTACATGGAATACCGATTGCGAAGGCAGGTTACTACCAATACATTGACGCTGATGGACGAAAGCGTGGGTAGCGAACAGG,98.814,77133
Flavobacterium_793,gi|296962502|gb|HM268907.1|,296962502,TACGGAGGATCCAAGCGTTATCCGGAATCATTGGGTTTAAAGGGTCCGTAGGCGGCCCTGTAAGTCAGTGGTGAAATCTCCCGGCTCAACCGGGAAATTGCCATTGATACTGCAGGGCTTGAATTATTGGGAAGTAACTAGAATATGTAGTGTAGCGGTGAAATGCTTAGATATTACATGGAATACCGATTGCGAAGGCAGGTTACTACCAATATATTGACGCTGATGGACGAAAGCGTGGGTAGCGAACAGG,98.814,77133
Flavobacterium_793,gi|126033886|gb|EF378155.1|,126033886,TACGGAGGATCCAAGCGTTATCCGGAATCATTGGGTTTAAAGGGTCCGTAGGCGGCCCTGTAAGTCAGTGGTGAAATCTCCCGGCTCAACCGGGAAATTGCCATTGATACTGCAGGGCTTGAATTATTGGGAAGTAACTAGAATATGTAGTGTAGCGGTGAAATGCTTAGATATTACATGGAATACCGATTGCGAAGGCAGGTTACTACCAATACATTGACGCTGATGGACGAAAGCGTGGGTAGCGAACAGG,98.814,77133
Flavobacterium_793,gi|671761218|gb|KJ808706.1|,671761218,TACGGAGGGTCCAAGCGTTATCCGGAATCATTGGGTTTAAAGGGTCCGTAGGCGGCCCTGTAAGTCAGTGGTGAAATCTCCCGGCTCAACCGGGAAATTGCCATTGATACTGCAGGGCTTGAATTATTGGGAAGTAACTAGAATATGTAGTGTAGCGGTGAAATGCTTAGATATTACATGGAATACCAATTGCGAAGGCAGGTTACTATCAATATATTGACGCTGATGGACGAAAGCGTGGGTAGCGAACAGG,98.419,1531852
Flavobacterium_793,gi|322166758|gb|JF181353.1|,322166758,TACGGAGGGTCCGAGCGTTATCCGGAATCATTGGGTTTAAAGGGTCCGTAGGCGGCCCTGTAAGTCAGTGGTGAAATCTCCCGGCTCAACCGGGAAATTGCCATTGATACTGCAGGGCTTGAATTATTGGGAAGTAACTAGAATATGTAGTGTAGCGGTGAAATGCTTAGATATTACATGGAATACCGATTGCGAAGGCAGGTTACTACCGGTGGATTGACGCTGATGGACGAAAGCGTGGGTAGCGAACAGG,98.419,77133
Flavobacterium_793,gi|322165014|gb|JF179609.1|,322165014,TACGGAGGGTCCGAGCGTTATCCGGAATCATTGGGTTTAAAGGGTCCGTAGGCGGCCCTGTAAGTCAGTGGTGAAATCTCCCGGCTCAACCGGGAAATTGCCATTGATACTGCAGGGCTTGAATTATTGGGAAGTAACTAGAATATGTAGTGTAGCGGTGAAATGCTTAGATATTACATGGAATACCGATTGCGAAGGCAGGTTACTACCGGTGGATTGACGCTGATGGACGAAAGCGTGGGTAGCGAACAGG,98.419,77133
Flavobacterium_793,gi|297019875|gb|HM326280.1|,297019875,TACGGAGGGTCCGAGCGTTATCCGGAATCATTGGGTTTAAAGGGTCCGTAGGCGGCCCTGTAAGTCAGTGGTGAAATCTCCCGGCTCAACCGGGAAATTGCCATTGATACTGCAGGGCTTGAATTATTGGGAAGTAACTAGAATATGTAGTGTAGCGGTGAAATGCTTAGATATTACATGGAATACCGATTGCGAAGGCAGGTTACTACCGGTGGATTGACGCTGATGGACGAAAGCGTGGGTAGCGAACAGG,98.419,77133
Flavobacterium_793,gi|296963697|gb|HM270102.1|,296963697,TACGGAGGATCCAAGCGTTATCCGGAATCATTGGGTTTAAAGGGTCCGTAGGCGGCCCTGTAAGTCAGTGGTGAAATCTCCCGGCTCAACCGGGAAATTGCCATTGATACTGCAGGGCTTGAATTATTGGGAAGTAACTAGAATATGTAGTGTAGCGGTGAAATGCTTAGAGATTACATGGAATACCAATTGCGAAGGCAGGTTACTACCAATGGATTGACGCTGATGGACGAAAGCGTGGGTAGCGAACAGG,98.419,77133
Flavobacterium_1177,gi|472054725|gb|KC633034.1|,472054725,TACGGAGGATCCAAGCGTTATCCGGAATCATTGGGTTTAAAGGGTCCGTAGGCGGCCCTGTAAGTCAGTGGTGAAATCTCCCCGCTCAACGGGGAAACGGCCATTGATACTGCAGGGCTTGAATTATTGGGAAGTAACTAGAATATGTAGTGTAGCGGTGAAATGCTTAGATATTACATGGAATACCGATTGCGAAGGCAGGTTACTATCAATACATTGACGCTGATGGACGAAAGCGTGGGTAGCGAACAGG,99.605,77133
Flavobacterium_1177,gi|563605059|gb|KF611974.1|,563605059,TACGGAGGATCCAAGCGTTATCCGGAATCATTGGGTTTAAAGGGTCCGTAGGCGGCCCTGTAAGTCAGTGGTGAAATCTCCCCGCTCAACGGGGAAACGGCCATTGATACTGCAGGGCTTGAATTATTGGGAAGTAACTAGAATATGTAGTGTAGCGGTGAAATGCTTAGATATTACATGGAATACCGATTGCGAAGGCAGGTTACTACCAATACATTGACGCTGATGGACGAAAGCGTGGGTAGCGAACAGG,99.209,77133
Flavobacterium_1177,gi|296972302|gb|HM278707.1|,296972302,TACGGAGGATCCAAGCGTTATCCGGAATCATTGGGTTTAAAGGGTCCGTAGGCGGCCCTGTAAGTCAGTGGTGAAATCTCCCCGCTCAACGGGGAAACGGCCATTGATACTGCAGGGCTTGAATTATTGGGAAGTAACTAGAATATGTAGTGTAGCGGTGAAATGCTTAGATATTACATGGAATACCAATTGCGAAGGCAGGTTACTATCAATACATTGACGCTGATGGACGAAAGCGTGGGTAGCGAACAGG,99.209,77133
Flavobacterium_1177,gi|296972233|gb|HM278638.1|,296972233,TACGGAGGATCCAAGCGTTATCCGGAATCATTGGGTTTAAAGGGTCCGTAGGCGGCCCTGTAAGTCAGTGGTGAAATCTCCCCGCTCAACGGGGAAACGGCCATTGATACTGCAGGGCTTGAATTATTGGGAAGTAACTAGAATATGTAGTGTAGCGGTGAAATGCTTAGATATTACATGGAATACCAATTGCGAAGGCAGGTTACTATCAATACATTGACGCTGATGGACGAAAGCGTGGGTAGCGAACAGG,99.209,77133
Flavobacterium_1177,gi|129563715|gb|EF438187.1|,129563715,TACGGAGGGTCCAAGCGTTATCCGGAATCATTGGGTTTAAAGGGTCCGTAGGCGGCCCTGTAAGTCAGTGGTGAAATCTCCCCGCTCAACGGGGAAACGGCCATTGATACTGCAGGGCTTGAATTATTGGGAAGTAACTAGAATATGTAGTGTAGCGGTGAAATGCTTAGATATTACATGGAATACCAATTGCGAAGGCAGGTTACTATCAATATATTGACGCTGATGGACGAAAGCGTGGGTAGCGAACAGG,99.209,165435
Flavobacterium_1177,gi|395477795|gb|JQ079271.1|,395477795,CGGAGGATCCAAGCGTTATCCGGAATCATTGGGTTTAAAGGGTCCGTAGGCGGCCCTGTAAGTCAGTGGTGAAATCTCCCCGCTCAACGGGGAAACGGCCATTGATACTGCAGGGCTTGAATTATTGGGAAGTAACTAGAATATGTAGTGTAGCGGTGAAATGCTTAGATATTACATGGAATACCAATTGCGAAGGCAGGTTACTATCAATACATTGACGCTGATGGACGAAAGCGTGGGTAGCGAACAGG,99.203,77133
Flavobacterium_1177,gi|643421059|gb|KF100732.1|,643421059,TACGGAGGATCCAAGCGTTATCCGGAATCATTGGGTTTAAAGGGTCCGTAGGCGGCCTTGTAAGTCAGTGGTGAAATCTCCCCGCTCAACGGGGAAACGGCCATTGATACTGCAGGGCTTGAATTATTGGGAAGTAACTAGAATATGTAGTGTAGCGGTGAAATGCTTAGATATTACATGGAATACCAATTGCGAAGGCAGGTTACTATCAATACATTGACGCTGATGGACGAAAGCGTGGGTAGCGAACAGG,98.814,77133
Flavobacterium_1177,gi|321842542|gb|JF045152.1|,321842542,TACGGAGGATCCAAGCGTTATCCGGAATCATTGGGTTTAAAGGGTCCGTAGGCGGCCCTGTAAGTCAGTGGTGAAATCTCCCCGCTCAACGGGGAAACGGCCATTGATACTGCAGGGCTTGAATTATTGGGAAGTAACTAGAATATGTAGTGTAGCGGTGAAATGCTTAGATATTACATGGAATACCAATTGCGAAGGCAGGTTACTATCAATACATTGACGCTGATGGACGAGAGCGTGGGTAGCGAACAGG,98.814,77133
Flavobacterium_1177,gi|297007072|gb|HM313477.1|,297007072,TACGGAGGATCCAAGCGTTATCCGGAATCATTGGGTTTAAAGGGTCCGTAGGCGGCCCTGTAAGTCAGCGGTGAAATCTCCCCGCTCAACGGGGAAACGGCCATTGATACTGCAGGGCTTGAATTATTGGGAAGTAACTAGAATATGTAGTGTAGCGGTGAAATGCTTAGATATTACATGGAATACCAATTGCGAAGGCAGGTTACTATCAATACATTGACGCTGATGGACGAAAGCGTGGGTAGCGAACAGG,98.814,77133
Flavobacterium_1177,gi|296947420|gb|HM253825.1|,296947420,TACGGAGGATCCAAGCGTTATCCGGAATCATTGGGCTTAAAGGGTCCGTAGGCGGCCCTGTAAGTCAGTGGTGAAATCTCCCCGCTCAACGGGGAAACGGCCATTGATACTGCAGGGCTTGAATTATTGGGAAGTAACTAGAATATGTAGTGTAGCGGTGAAATGCTTAGATATTACATGGAATACCAATTGCGAAGGCAGGTTACTATCAATACATTGACGCTGATGGACGAAAGCGTGGGTAGCGAACAGG,98.814,77133
Flavobacterium_1306,gi|747024350|gb|KM507222.1|,747024350,TACGGAGGATCCAAGCGTTATCCGGAATCATTGGGTTTAAAGGGTCCGTAGGCGGTTTTATAAGTCAGTGGTGAAATCCGGTAGCTCAACTATCGAACGGCCATTGATACTGTAGAACTTGAATTATTGTGAAGTAACTAGAATATGTAGTGTAGCGGTGAAATGCTTAGATATTACATGGAATACCCATTGCGAAGGCAGGTTACTAACAATATATTGACGCTGATGGACGAAAGCGTGGGGAGCGAACAGG,100.000,77133
Flavobacterium_1306,gi|219963906|gb|FJ532777.1|,219963906,TACGGAGGATCCAAGCGTTATCCGGAATCATTGGGTTTAAAGGGTCCGTAGGCGGTTTTATAAGTCAGTGGTGAAATCCGGTAGCTCAACTATCGAACGGCCATTGATACTGTAGAACTTGAATTATTGTGAAGTAACTAGAATATGTAGTGTAGCGGTGAAATGCTTAGATATTACATGGAATACCCATTGCGAAGGCAGGTTACTAACAATATATTGACGCTGATGGACGAAAGCGTGGGGAGCGAACAGG,100.000,152509
Flavobacterium_1306,gi|219963857|gb|FJ532728.1|,219963857,TACGGAGGATCCAAGCGTTATCCGGAATCATTGGGTTTAAAGGGTCCGTAGGCGGTTTTATAAGTCAGTGGTGAAATCCGGTAGCTCAACTATCGAACGGCCATTGATACTGTAGAACTTGAATTATTGTGAAGTAACTAGAATATGTAGTGTAGCGGTGAAATGCTTAGATATTACATGGAATACCCATTGCGAAGGCAGGTTACTAACAATATATTGACGCTGATGGACGAAAGCGTGGGGAGCGAACAGG,100.000,152509
Flavobacterium_1306,gi|219963854|gb|FJ532725.1|,219963854,TACGGAGGATCCAAGCGTTATCCGGAATCATTGGGTTTAAAGGGTCCGTAGGCGGTTTTATAAGTCAGTGGTGAAATCCGGTAGCTCAACTATCGAACGGCCATTGATACTGTAGAACTTGAATTATTGTGAAGTAACTAGAATATGTAGTGTAGCGGTGAAATGCTTAGATATTACATGGAATACCCATTGCGAAGGCAGGTTACTAACAATATATTGACGCTGATGGACGAAAGCGTGGGGAGCGAACAGG,100.000,152509
Flavobacterium_1306,gi|190714374|emb|FM173271.1|,190714374,TACGGAGGATCCAAGCGTTATCCGGAATCATTGGGTTTAAAGGGTCCGTAGGCGGTTTTATAAGTCAGTGGTGAAATCCGGTAGCTCAACTATCGAACGGCCATTGATACTGTAGAACTTGAATTATTGTGAAGTAACTAGAATATGTAGTGTAGCGGTGAAATGCTTAGATATTACATGGAATACCCATTGCGAAGGCAGGTTACTAACAATATATTGACGCTGATGGACGAAAGCGTGGGGAGCGAACAGG,100.000,541469
Flavobacterium_1306,gi|258960122|gb|GQ469354.1|,258960122,TACGGAGGATCCAAGCGTTATCCGGAATCATTGGGTTTAAAGGGTCCGTAGGCGGTTTTATAAGTCAGTGGTGAAATCCGGTAGCTCAACTATCGAACGGCCATTGATACTGTAGAACTTGAATTATTGTGAAGTAACTAGAATATGTAGTGTAGCGGTGAAATGCTTAGATATTACATGGAATACCAATTGCGAAGGCAGGTTACTAACAATATATTGACGCTGATGGACGAAAGCGTGGGGAGCGAACAGG,99.605,152509
Flavobacterium_1306,gi|760236201|gb|KP183077.1|,760236201,TACGGAGGATCCAAGCGTTATCCGGAATCATTGGGTTTAAAGGGTCCGTAGGCGGTTTTATAAGTCAGTGGTGAAATCCGGTAGCTCAACTATCGAACTGCCATTGATACTGTAGAACTTGAATTATTGTGAAGTAACTAGAATATGTAGTGTAGCGGTGAAATGCTTAGATATTACATGGAATACCAATTGCGAAGGCAGGTTACTAACAATATATTGACGCTGATGGACGAAAGCGTGGGGAGCGAACAGG,99.209,165435
Flavobacterium_1306,gi|643384186|gb|KF064859.1|,643384186,TACGGAGGATCCAAGCGTTATCCGGAATCATTGGGTTTAAAGGGTCCGTAGGCGGTTTTATAAGTCAGTGGTGAAATCCGGTAGCTCAACTATCGAACGGCCATTGATACTGTAGAACTTGAATTATTGTGAAGTAACTAGAATATGTAGTGTAGCGGTGAAATGCTTAGATATTACATGGAATACCAATTGCGAAGGCAGGTTACTAACAATACATTGACGCTGATGGACGAAAGCGTGGGGAGCGAACAGG,99.209,77133
Flavobacterium_1306,gi|643384144|gb|KF064842.1|,643384144,TACGGAGGATCCAAGCGTTATCCGGAATCATTGGGTTTAAAGGGTCCGTAGGCGGTTTTATAAGTCAGTGGTGAAATCCGGTAGCTCAACTATCGAACGGCCATTGATACTGTAGAACTTGAATTATTGTGAAGTAACTAGAATATGTAGTGTAGCGGTGAAATGCTTAGATATTACATGGAATACCAATTGCGAAGGCAGGTTACTAACAATACATTGACGCTGATGGACGAAAGCGTGGGGAGCGAACAGG,99.209,77133
Flavobacterium_1306,gi|296945268|gb|HM251673.1|,296945268,TACGGAGGATCCAAGCGTTATCCGGAATCATTGGGTTTAAAGGGTCCGTAGGCGGTTTTATAAGTCAGTGGTGAAATCCGGTAGCTCAACTATCGAACGGCCATTGATACTGTAGAACTTGAATTATTGTGAAGTAACTAGAATATGTAGTGTAGCGGTGAAATGCTTAGATATTACATGGAATACCCATTGCGAAGGCAGGTTACTAACAATGGATTGACGCTGATGGACGAAAGCGTGGGGAGCGAACAGG,99.209,77133
Flavobacterium.subsaxonicum_498,gi|322200490|gb|JF215085.1|,322200490,TACGGAGGATCCAAGCGTTATCCGGAATCATTGGGTTTAAAGGGTCCGTAGGCGGTTTTATAAGTCAGTGGTGAAATCCGGCAGCTCAACTGTCGAACTGCCATTGATACTGTAGGACTTGAATTATTGTGAAGTAACTAGAATATGTAGTGTAGCGGTGAAATGCTTAGATATTACATGGAATACCCATTGCGAAGGCAGGTTACTAACAATACATTGACGCTGATGGACGAAAGCGTGGGGAGCGAACAGG,100.000,77133
Flavobacterium.subsaxonicum_498,gi|296967883|gb|HM274288.1|,296967883,TACGGAGGATCCAAGCGTTATCCGGAATCATTGGGTTTAAAGGGTCCGTAGGCGGTTTTATAAGTCAGTGGTGAAATCCGGCAGCTCAACTGTCGAACTGCCATTGATACTGTAGGACTTGAATTATTGTGAAGTAACTAGAATATGTAGTGTAGCGGTGAAATGCTTAGATATTACATGGAATACCCATTGCGAAGGCAGGTTACTAACAATACATTGACGCTGATGGACGAAAGCGTGGGGAGCGAACAGG,100.000,77133
Flavobacterium.subsaxonicum_498,gi|258960243|gb|GQ469475.1|,258960243,TACGGAGGATCCAAGCGTTATCCGGAATCATTGGGTTTAAAGGGTCCGTAGGCGGTTTTATAAGTCAGTGGTGAAATCCGGCAGCTCAACTGTCGAACTGCCATTGATACTGTAGGACTTGAATTATTGTGAAGTAACTAGAATATGTAGTGTAGCGGTGAAATGCTTAGATATTACATGGAATACCCATTGCGAAGGCAGGTTACTAACAATACATTGACGCTGATGGACGAAAGCGTGGGGAGCGAACAGG,100.000,152509
Flavobacterium.subsaxonicum_498,gi|215268070|emb|FM872591.1|,215268070,TACGGAGGATCCAAGCGTTATCCGGAATCATTGGGTTTAAAGGGTCCGTAGGCGGTTTTATAAGTCAGTGGTGAAATCCGGCAGCTCAACTGTCGAACTGCCATTGATACTGTAGGACTTGAATTATTGTGAAGTAACTAGAATATGTAGTGTAGCGGTGAAATGCTTAGATATTACATGGAATACCCATTGCGAAGGCAGGTTACTAACAATACATTGACGCTGATGGACGAAAGCGTGGGGAGCGAACAGG,100.000,77133
Flavobacterium.subsaxonicum_498,gi|215267893|emb|FM872607.1|,215267893,TACGGAGGATCCAAGCGTTATCCGGAATCATTGGGTTTAAAGGGTCCGTAGGCGGTTTTATAAGTCAGTGGTGAAATCCGGCAGCTCAACTGTCGAACTGCCATTGATACTGTAGGACTTGAATTATTGTGAAGTAACTAGAATATGTAGTGTAGCGGTGAAATGCTTAGATATTACATGGAATACCCATTGCGAAGGCAGGTTACTAACAATACATTGACGCTGATGGACGAAAGCGTGGGGAGCGAACAGG,100.000,77133
Flavobacterium.subsaxonicum_498,gi|636559028|ref|NR_115085.1|,636559028,TACGGAGGATCCAAGCGTTATCCGGAATCATTGGGTTTAAAGGGTCCGTAGGCGGTTTTATAAGTCAGTGGTGAAATCCGGCAGCTCAACTGTCGAACTGCCATTGATACTGTAGGACTTGAATTATTGTGAAGTAACTAGAATATGTAGTGTAGCGGTGAAATGCTTAGATATTACATGGAATACCCATTGCGAAGGCAGGTTACTAACAATACATTGACGCTGATGGACGAAAGCGTGGGGAGCGAACAGG,100.000,426226
Flavobacterium.subsaxonicum_498,gi|747024362|gb|KM507234.1|,747024362,TACGGAGGATCCAAGCGTTATCCGGAATCATTGGGTTTAAAGGGTCCGTAGGCGGTTTTATAAGTCAGTGGTGAAATCCGGCAGCTCAACTGTCGAACTGCCACTGATACTGTAGGACTTGAATTATTGTGAAGTAACTAGAATATGTAGTGTAGCGGTGAAATGCTTAGATATTACATGGAATACCCATTGCGAAGGCAGGTTACTAACAATACATTGACGCTGATGGACGAAAGCGTGGGGAGCGAACAGG,99.605,77133
Flavobacterium.subsaxonicum_498,gi|674125451|gb|KM126519.1|,674125451,TACGGAGGATCCAAGCGTTATCCGGAATCATTGGGTTTAAAGGGTCCGTAGGCGGTTTTATAAGTCAGTGGTGAAATCCGGCAGCTCAACTGTCGAACTGCCATTGATACTGTAGGACTTGAATTATTGTGAAGTAACTAGAATATGTAGTGTAGCGGTGAAATGCTTAGATATTACATGGAATACCCATTGCGAAGGCAGGTTACTAACAATATATTGACGCTGATGGACGAAAGCGTGGGGAGCGAACAGG,99.605,77133
Flavobacterium.subsaxonicum_498,gi|674125093|gb|KM126161.1|,674125093,TACGGAGGATCCAAGCGTTATCCGGAATCATTGGGTTTAAAGGGTCCGTAGGCGGTTTTATAAGTCAGTGGTGAAATCCGGCAGCTCAACTGTCGAACTGCCATTGATACTGTAGGACTTGAATTATTGTGAAGTAACTAGAATATGTAGTGTAGCGGTGAAATGCTTAGATATTACATGGAATACCCATTGCGAAGGCAGGTTACTAACAATATATTGACGCTGATGGACGAAAGCGTGGGGAGCGAACAGG,99.605,77133
Flavobacterium.subsaxonicum_498,gi|674124667|gb|KM125735.1|,674124667,TACGGAGGATCCAAGCGTTATCCGGAATCATTGGGTTTAAAGGGTCCGTAGGCGGTTTTATAAGTCAGTGGTGAAATCCGGCAGCTCAACTGTCGAACTGCCATTGATACTGTAGGACTTGAATTATTGTGAAGTAACTAGAATATGTAGTGTAGCGGTGAAATGCTTAGATATTACATGGAATACCCATTGCGAAGGCAGGTTACTAACAATATATTGACGCTGATGGACGAAAGCGTGGGGAGCGAACAGG,99.605,77133
Chryseobacterium_1518,gi|422740537|gb|JX949547.1|,422740537,TACGGAGGGTGCAAGCGTTATCCGGATTTATTGGGTTTAAAGGGTCCGTAGGCGGACCGATAAGTCAGTGGTGAAATCTCATAGCTTAACTATGAAACTGCCATTGATACTGTCGGTCTTGAGTAAATTAGAGGTAGCTGGAATAAGTAGTGTAGCGGTGAAATGCATAGATATTACTTAGAACACCAATTGCGAAGGCAGGTTACCATGATTTAACTGACGCTGAGGGACGAAAGCGTGGGTAGCGAACAGG,99.605,1259136
Chryseobacterium_1518,gi|332429520|gb|JF728926.1|,332429520,TACGGAGGGTGCAAGCGTTATCCGGATTTATTGGGTTTAAAGGGTCCGTAGGCGGACCGATAAGTCAGTGGTGAAATCTCATAGCTTAACTATGAAACTGCCATTGATACTGTCGGTCTTGAGTAAATTAGAGGTAGCTGGAATAAGTAGTGTAGCGGTGAAATGCATAGATATTACTTAGAACACCAATTGCGAAGGCAGGTTACCATGATTTAACTGACGCTGAGGGACGAAAGCGTGGGTAGCGAACAGG,99.605,1029903
Chryseobacterium_1518,gi|297008759|gb|HM315164.1|,297008759,TACGGAGGGTGCAAGCGTTATCCGGATTTATTGGGTTTAAAGGGTCCGTAGGCGGACCGATAAGTCAGTGGTGAAATCTCATAGCTTAACTATGAAACTGCCATTGATACTGTCGGTCTTGAGTAAATTAGAGGTAGCTGGAATAAGTAGTGTAGCGGTGAAATGCATAGATATTACTTAGAACACCAATTGCGAAGGCAGGTTACCATGATTTAACTGACGCTGAGGGACGAAAGCGTGGGTAGCGAACAGG,99.605,77133
Chryseobacterium_1518,gi|395476814|gb|JQ078290.1|,395476814,CGGAGGGTGCAAGCGTTATCCGGATTTATTGGGTTTAAAGGGTCCGTAGGCGGACCGATAAGTCAGTGGTGAAATCTCATAGCTTAACTATGAAACTGCCATTGATACTGTCGGTCTTGAGTAAATTAGAGGTAGCTGGAATAAGTAGTGTAGCGGTGAAATGCATAGATATTACTTAGAACACCAATTGCGAAGGCAGGTTACCATGATTTAACTGACGCTGAGGGACGAAAGCGTGGGTAGCGAACAGG,99.602,77133
Chryseobacterium_1518,gi|647816544|gb|KJ598029.1|,647816544,TACGGAGGGTGCAAGCGTTATCCGGATTTATTGGGTTTAAAGGGTCCGCAGGCGGACCGATAAGTCAGTGGTGAAATCTCATAGCTTAACTATGAAACTGCCATTGATACTGTCGGTCTTGAGTAAATTAGAGGTAGCTGGAATAAGTAGTGTAGCGGTGAAATGCATAGATATTACTTAGAACACCAATTGCGAAGGCAGGTTACCATGATTTAACTGACGCTGAGGGACGAAAGCGTGGGTAGCGAACAGG,99.209,1503396
Chryseobacterium_1518,gi|411012527|gb|JX657161.1|,411012527,TACGGAGGGTGCAAGCGTTATCCGGATTTATTGGGTTTAAAGGGTCCGTAGGCGGGCCGATAAGTCAGTGGTGAAATCTCATAGCTTAACTATGAAACTGCCATTGATACTGTCGGTCTTGAGTAAATTAGAGGTAGCTGGAATAAGTAGTGTAGCGGTGAAATGCATAGATATTACTTAGAACACCAATTGCGAAGGCAGGTTACCATGATTTAACTGACGCTGAGGGACGAAAGCGTGGGTAGCGAACAGG,99.209,1248824
Chryseobacterium_1518,gi|409193746|gb|JX491395.1|,409193746,TACGGAGGGTGCAAGCGTTATCCGGATTTATTGGGTTTAAAGGGTCCGCAGGCGGACCGATAAGTCAGTGGTGAAATCTCATAGCTTAACTATGAAACTGCCATTGATACTGTCGGTCTTGAGTAAATTAGAGGTAGCTGGAATAAGTAGTGTAGCGGTGAAATGCATAGATATTACTTAGAACACCAATTGCGAAGGCAGGTTACCATGATTTAACTGACGCTGAGGGACGAAAGCGTGGGTAGCGAACAGG,99.209,1245131
Chryseobacterium_1518,gi|409193740|gb|JX491389.1|,409193740,TACGGAGGGTGCAAGCGTTATCCGGATTTATTGGGTTTAAAGGGTCCGCAGGCGGACCGATAAGTCAGTGGTGAAATCTCATAGCTTAACTATGAAACTGCCATTGATACTGTCGGTCTTGAGTAAATTAGAGGTAGCTGGAATAAGTAGTGTAGCGGTGAAATGCATAGATATTACTTAGAACACCAATTGCGAAGGCAGGTTACCATGATTTAACTGACGCTGAGGGACGAAAGCGTGGGTAGCGAACAGG,99.209,1245130
Chryseobacterium_1518,gi|409193738|gb|JX491387.1|,409193738,TACGGAGGGTGCAAGCGTTATCCGGATTTATTGGGTTTAAAGGGTCCGCAGGCGGACCGATAAGTCAGTGGTGAAATCTCATAGCTTAACTATGAAACTGCCATTGATACTGTCGGTCTTGAGTAAATTAGAGGTAGCTGGAATAAGTAGTGTAGCGGTGAAATGCATAGATATTACTTAGAACACCAATTGCGAAGGCAGGTTACCATGATTTAACTGACGCTGAGGGACGAAAGCGTGGGTAGCGAACAGG,99.209,1245129
Chryseobacterium_1518,gi|409193719|gb|JX491368.1|,409193719,TACGGAGGGTGCAAGCGTTATCCGGATTTATTGGGTTTAAAGGGTCCGCAGGCGGACCGATAAGTCAGTGGTGAAATCTCATAGCTTAACTATGAAACTGCCATTGATACTGTCGGTCTTGAGTAAATTAGAGGTAGCTGGAATAAGTAGTGTAGCGGTGAAATGCATAGATATTACTTAGAACACCAATTGCGAAGGCAGGTTACCATGATTTAACTGACGCTGAGGGACGAAAGCGTGGGTAGCGAACAGG,99.209,1245128
Flavobacterium_1437,gi|674201432|gb|KM185638.1|,674201432,TACGGAGGATCCAAGCGTTATCCGGAATCATTGGGTTTAAAGGGTCCGTAGGCGGTTTAATAAGTCAGTGGTGAAAGCCCATCGCTCAACGATGGAACGGCCATTGATACTGTTAGACTTGAATTACTAGGAAGTAACTAGAATATGTAGTGTAGCGGTGAAATGCTTAGATATTACATGGAATACCAATTGCGAAGGCAGGTTACTACTAGTGGATTGACGCTGATGGACGAAAGCGTGGGGAGCGAACAGG,98.814,77133
Flavobacterium_1437,gi|674201254|gb|KM185460.1|,674201254,TACGGAGGATCCAAGCGTTATCCGGAATCATTGGGTTTAAAGGGTCCGTAGGCGGTTTAATAAGTCAGTGGTGAAAGCCCATCGCTCAACGATGGAACGGCCATTGATACTGTTAGACTTGAATTACTAGGAAGTAACTAGAATATGTAGTGTAGCGGTGAAATGCTTAGATATTACATGGAATACCAATTGCGAAGGCAGGTTACTACTAGTGGATTGACGCTGATGGACGAAAGCGTGGGGAGCGAACAGG,98.814,77133
Flavobacterium_1437,gi|674200901|gb|KM185107.1|,674200901,TACGGAGGATCCAAGCGTTATCCGGAATCATTGGGTTTAAAGGGTCCGTAGGCGGTTTAATAAGTCAGTGGTGAAAGCCCATCGCTCAACGATGGAACGGCCATTGATACTGTTAGACTTGAATTACTAGGAAGTAACTAGAATATGTAGTGTAGCGGTGAAATGCTTAGATATTACATGGAATACCAATTGCGAAGGCAGGTTACTACTAGTGGATTGACGCTGATGGACGAAAGCGTGGGGAGCGAACAGG,98.814,77133
Flavobacterium_1437,gi|674200227|gb|KM184433.1|,674200227,TACGGAGGATCCAAGCGTTATCCGGAATCATTGGGTTTAAAGGGTCCGTAGGCGGTTTAATAAGTCAGTGGTGAAAGCCCATCGCTCAACGATGGAACGGCCATTGATACTGTTAGACTTGAATTACTAGGAAGTAACTAGAATATGTAGTGTAGCGGTGAAATGCTTAGATATTACATGGAATACCAATTGCGAAGGCAGGTTACTACTAGTGGATTGACGCTGATGGACGAAAGCGTGGGGAGCGAACAGG,98.814,77133
Flavobacterium_1437,gi|674199814|gb|KM184020.1|,674199814,TACGGAGGATCCAAGCGTTATCCGGAATCATTGGGTTTAAAGGGTCCGTAGGCGGTTTAATAAGTCAGTGGTGAAAGCCCATCGCTCAACGATGGAACGGCCATTGATACTGTTAGACTTGAATTACTAGGAAGTAACTAGAATATGTAGTGTAGCGGTGAAATGCTTAGATATTACATGGAATACCAATTGCGAAGGCAGGTTACTACTAGTGGATTGACGCTGATGGACGAAAGCGTGGGGAGCGAACAGG,98.814,77133
Flavobacterium_1437,gi|674199049|gb|KM183255.1|,674199049,TACGGAGGATCCAAGCGTTATCCGGAATCATTGGGTTTAAAGGGTCCGTAGGCGGTTTAATAAGTCAGTGGTGAAAGCCCATCGCTCAACGATGGAACGGCCATTGATACTGTTAGACTTGAATTACTAGGAAGTAACTAGAATATGTAGTGTAGCGGTGAAATGCTTAGATATTACATGGAATACCAATTGCGAAGGCAGGTTACTACTAGTGGATTGACGCTGATGGACGAAAGCGTGGGGAGCGAACAGG,98.814,77133
Flavobacterium_1437,gi|674198097|gb|KM182303.1|,674198097,TACGGAGGATCCAAGCGTTATCCGGAATCATTGGGTTTAAAGGGTCCGTAGGCGGTTTAATAAGTCAGTGGTGAAAGCCCATCGCTCAACGATGGAACGGCCATTGATACTGTTAGACTTGAATTACTAGGAAGTAACTAGAATATGTAGTGTAGCGGTGAAATGCTTAGATATTACATGGAATACCAATTGCGAAGGCAGGTTACTACTAGTGGATTGACGCTGATGGACGAAAGCGTGGGGAGCGAACAGG,98.814,77133
Flavobacterium_1437,gi|674197694|gb|KM181900.1|,674197694,TACGGAGGATCCAAGCGTTATCCGGAATCATTGGGTTTAAAGGGTCCGTAGGCGGTTTAATAAGTCAGTGGTGAAAGCCCATCGCTCAACGATGGAACGGCCATTGATACTGTTAGACTTGAATTACTAGGAAGTAACTAGAATATGTAGTGTAGCGGTGAAATGCTTAGATATTACATGGAATACCAATTGCGAAGGCAGGTTACTACTAGTGGATTGACGCTGATGGACGAAAGCGTGGGGAGCGAACAGG,98.814,77133
Flavobacterium_1437,gi|674197437|gb|KM181643.1|,674197437,TACGGAGGATCCAAGCGTTATCCGGAATCATTGGGTTTAAAGGGTCCGTAGGCGGTTTAATAAGTCAGTGGTGAAAGCCCATCGCTCAACGATGGAACGGCCATTGATACTGTTAGACTTGAATTACTAGGAAGTAACTAGAATATGTAGTGTAGCGGTGAAATGCTTAGATATTACATGGAATACCAATTGCGAAGGCAGGTTACTACTAGTGGATTGACGCTGATGGACGAAAGCGTGGGGAGCGAACAGG,98.814,77133
Flavobacterium_1437,gi|674197382|gb|KM181588.1|,674197382,TACGGAGGATCCAAGCGTTATCCGGAATCATTGGGTTTAAAGGGTCCGTAGGCGGTTTAATAAGTCAGTGGTGAAAGCCCATCGCTCAACGATGGAACGGCCATTGATACTGTTAGACTTGAATTACTAGGAAGTAACTAGAATATGTAGTGTAGCGGTGAAATGCTTAGATATTACATGGAATACCAATTGCGAAGGCAGGTTACTACTAGTGGATTGACGCTGATGGACGAAAGCGTGGGGAGCGAACAGG,98.814,77133
