Hyphomicrobium.zavarzinii_56,gi|563605098|gb|KF623244.1|,563605098,TACGAAGGGGGCTAGCGTTGTTCGGAATTACTGGGCGTAAAGCGCACGTAGGCGGATTGCTAAGTCAGGGGTGAAATCCCGGGGCTCAACCTCGGAACTGCCTTTGATACTGACAGTCTTGAGTCCGGAAGAGGTGAGTGGAATTCCTAGTGTAGAGGTGAAATTCGTAGATATTAGGAAGAACACCAGTGGCGAAGGCGGCTCACTGGTCCGGTACTGACGCTGAGGTGCGAAAGCGTGGGGAGCAAACAGG,100.000,77133
Hyphomicrobium.zavarzinii_56,gi|530190846|emb|HG379991.1|,530190846,TACGAAGGGGGCTAGCGTTGTTCGGAATTACTGGGCGTAAAGCGCACGTAGGCGGATTGCTAAGTCAGGGGTGAAATCCCGGGGCTCAACCTCGGAACTGCCTTTGATACTGACAGTCTTGAGTCCGGAAGAGGTGAGTGGAATTCCTAGTGTAGAGGTGAAATTCGTAGATATTAGGAAGAACACCAGTGGCGAAGGCGGCTCACTGGTCCGGTACTGACGCTGAGGTGCGAAAGCGTGGGGAGCAAACAGG,100.000,91750
Hyphomicrobium.zavarzinii_56,gi|401816691|gb|JX271904.1|,401816691,TACGAAGGGGGCTAGCGTTGTTCGGAATTACTGGGCGTAAAGCGCACGTAGGCGGATTGCTAAGTCAGGGGTGAAATCCCGGGGCTCAACCTCGGAACTGCCTTTGATACTGACAGTCTTGAGTCCGGAAGAGGTGAGTGGAATTCCTAGTGTAGAGGTGAAATTCGTAGATATTAGGAAGAACACCAGTGGCGAAGGCGGCTCACTGGTCCGGTACTGACGCTGAGGTGCGAAAGCGTGGGGAGCAAACAGG,100.000,77133
Hyphomicrobium.zavarzinii_56,gi|378812760|gb|JQ407944.1|,378812760,TACGAAGGGGGCTAGCGTTGTTCGGAATTACTGGGCGTAAAGCGCACGTAGGCGGATTGCTAAGTCAGGGGTGAAATCCCGGGGCTCAACCTCGGAACTGCCTTTGATACTGACAGTCTTGAGTCCGGAAGAGGTGAGTGGAATTCCTAGTGTAGAGGTGAAATTCGTAGATATTAGGAAGAACACCAGTGGCGAAGGCGGCTCACTGGTCCGGTACTGACGCTGAGGTGCGAAAGCGTGGGGAGCAAACAGG,100.000,77133
Hyphomicrobium.zavarzinii_56,gi|319527447|gb|HQ820308.1|,319527447,TACGAAGGGGGCTAGCGTTGTTCGGAATTACTGGGCGTAAAGCGCACGTAGGCGGATTGCTAAGTCAGGGGTGAAATCCCGGGGCTCAACCTCGGAACTGCCTTTGATACTGACAGTCTTGAGTCCGGAAGAGGTGAGTGGAATTCCTAGTGTAGAGGTGAAATTCGTAGATATTAGGAAGAACACCAGTGGCGAAGGCGGCTCACTGGTCCGGTACTGACGCTGAGGTGCGAAAGCGTGGGGAGCAAACAGG,100.000,155900
Hyphomicrobium.zavarzinii_56,gi|319527442|gb|HQ820303.1|,319527442,TACGAAGGGGGCTAGCGTTGTTCGGAATTACTGGGCGTAAAGCGCACGTAGGCGGATTGCTAAGTCAGGGGTGAAATCCCGGGGCTCAACCTCGGAACTGCCTTTGATACTGACAGTCTTGAGTCCGGAAGAGGTGAGTGGAATTCCTAGTGTAGAGGTGAAATTCGTAGATATTAGGAAGAACACCAGTGGCGAAGGCGGCTCACTGGTCCGGTACTGACGCTGAGGTGCGAAAGCGTGGGGAGCAAACAGG,100.000,155900
Hyphomicrobium.zavarzinii_56,gi|319527172|gb|HQ820033.1|,319527172,TACGAAGGGGGCTAGCGTTGTTCGGAATTACTGGGCGTAAAGCGCACGTAGGCGGATTGCTAAGTCAGGGGTGAAATCCCGGGGCTCAACCTCGGAACTGCCTTTGATACTGACAGTCTTGAGTCCGGAAGAGGTGAGTGGAATTCCTAGTGTAGAGGTGAAATTCGTAGATATTAGGAAGAACACCAGTGGCGAAGGCGGCTCACTGGTCCGGTACTGACGCTGAGGTGCGAAAGCGTGGGGAGCAAACAGG,100.000,155900
Hyphomicrobium.zavarzinii_56,gi|319480637|gb|HQ773498.1|,319480637,TACGAAGGGGGCTAGCGTTGTTCGGAATTACTGGGCGTAAAGCGCACGTAGGCGGATTGCTAAGTCAGGGGTGAAATCCCGGGGCTCAACCTCGGAACTGCCTTTGATACTGACAGTCTTGAGTCCGGAAGAGGTGAGTGGAATTCCTAGTGTAGAGGTGAAATTCGTAGATATTAGGAAGAACACCAGTGGCGAAGGCGGCTCACTGGTCCGGTACTGACGCTGAGGTGCGAAAGCGTGGGGAGCAAACAGG,100.000,155900
Hyphomicrobium.zavarzinii_56,gi|319480096|gb|HQ772957.1|,319480096,TACGAAGGGGGCTAGCGTTGTTCGGAATTACTGGGCGTAAAGCGCACGTAGGCGGATTGCTAAGTCAGGGGTGAAATCCCGGGGCTCAACCTCGGAACTGCCTTTGATACTGACAGTCTTGAGTCCGGAAGAGGTGAGTGGAATTCCTAGTGTAGAGGTGAAATTCGTAGATATTAGGAAGAACACCAGTGGCGAAGGCGGCTCACTGGTCCGGTACTGACGCTGAGGTGCGAAAGCGTGGGGAGCAAACAGG,100.000,155900
Hyphomicrobium.zavarzinii_56,gi|345847727|gb|JN541177.1|,345847727,TACGAAGGGGGCTAGCGTTGTTCGGAATTACTGGGCGTAAAGCGCACGTAGGCGGATTGCTAAGTCAGGGGTGAAATCCCGGGGCTCAACCTCGGAACTGCCTTTGATACTGACAGTCTTGAGTCCGGAAGAGGTGAGTGGAATTCCTAGTGTAGAGGTGAAATTCGTAGATATTAGGAAGAACACCAGTGGCGAAGGCGGCTCACTGGTCCGGTACTGACGCTGAGGTGCGAAAGCGTGGGGAGCAAACAGG,100.000,194373
Devosia.epidermidihirudinis_160,gi|674131278|gb|KM132346.1|,674131278,TACGAAGGGGGCTAGCGTTGTTCGGATTTACTGGGCGTAAAGCGCACGTAGGCGGATTGGTCAGTTAGGGGTGAAATCCTGGAGCTCAACTCCAGAACTGCCTTTAATACTGCCAGTCTAGAGTCCGGAAGAGGTAAGTGGAACTCCTAGTGTAGAGGTGGAATTCGTAGATATTAGGAAGAACACCAGTGGCGAAGGCGGCTTACTGGTCCGGTACTGACGCTGAGGTGCGAAAGCGTGGGGAGCAAACAGG,100.000,77133
Devosia.epidermidihirudinis_160,gi|674130840|gb|KM131908.1|,674130840,TACGAAGGGGGCTAGCGTTGTTCGGATTTACTGGGCGTAAAGCGCACGTAGGCGGATTGGTCAGTTAGGGGTGAAATCCTGGAGCTCAACTCCAGAACTGCCTTTAATACTGCCAGTCTAGAGTCCGGAAGAGGTAAGTGGAACTCCTAGTGTAGAGGTGGAATTCGTAGATATTAGGAAGAACACCAGTGGCGAAGGCGGCTTACTGGTCCGGTACTGACGCTGAGGTGCGAAAGCGTGGGGAGCAAACAGG,100.000,77133
Devosia.epidermidihirudinis_160,gi|674128199|gb|KM129267.1|,674128199,TACGAAGGGGGCTAGCGTTGTTCGGATTTACTGGGCGTAAAGCGCACGTAGGCGGATTGGTCAGTTAGGGGTGAAATCCTGGAGCTCAACTCCAGAACTGCCTTTAATACTGCCAGTCTAGAGTCCGGAAGAGGTAAGTGGAACTCCTAGTGTAGAGGTGGAATTCGTAGATATTAGGAAGAACACCAGTGGCGAAGGCGGCTTACTGGTCCGGTACTGACGCTGAGGTGCGAAAGCGTGGGGAGCAAACAGG,100.000,77133
Devosia.epidermidihirudinis_160,gi|601589007|gb|KF974277.1|,601589007,TACGAAGGGGGCTAGCGTTGTTCGGATTTACTGGGCGTAAAGCGCACGTAGGCGGATTGGTCAGTTAGGGGTGAAATCCTGGAGCTCAACTCCAGAACTGCCTTTAATACTGCCAGTCTAGAGTCCGGAAGAGGTAAGTGGAACTCCTAGTGTAGAGGTGGAATTCGTAGATATTAGGAAGAACACCAGTGGCGAAGGCGGCTTACTGGTCCGGTACTGACGCTGAGGTGCGAAAGCGTGGGGAGCAAACAGG,100.000,1480638
Devosia.epidermidihirudinis_160,gi|566085644|ref|NR_109742.1|,566085644,TACGAAGGGGGCTAGCGTTGTTCGGATTTACTGGGCGTAAAGCGCACGTAGGCGGATTGGTCAGTTAGGGGTGAAATCCTGGAGCTCAACTCCAGAACTGCCTTTAATACTGCCAGTCTAGAGTCCGGAAGAGGTAAGTGGAACTCCTAGTGTAGAGGTGGAATTCGTAGATATTAGGAAGAACACCAGTGGCGAAGGCGGCTTACTGGTCCGGTACTGACGCTGAGGTGCGAAAGCGTGGGGAGCAAACAGG,100.000,1293439
Devosia.epidermidihirudinis_160,gi|387911717|emb|HE814807.2|,387911717,TACGAAGGGGGCTAGCGTTGTTCGGATTTACTGGGCGTAAAGCGCACGTAGGCGGATTGGTCAGTTAGGGGTGAAATCCTGGAGCTCAACTCCAGAACTGCCTTTAATACTGCCAGTCTAGAGTCCGGAAGAGGTAAGTGGAACTCCTAGTGTAGAGGTGGAATTCGTAGATATTAGGAAGAACACCAGTGGCGAAGGCGGCTTACTGGTCCGGTACTGACGCTGAGGTGCGAAAGCGTGGGGAGCAAACAGG,100.000,1190400
Devosia.epidermidihirudinis_160,gi|326260658|gb|HQ256787.1|,326260658,TACGAAGGGGGCTAGCGTTGTTCGGATTTACTGGGCGTAAAGCGCACGTAGGCGGATTGGTCAGTTAGGGGTGAAATCCTGGAGCTCAACTCCAGAACTGCCTTTAATACTGCCAGTCTAGAGTCCGGAAGAGGTAAGTGGAACTCCTAGTGTAGAGGTGGAATTCGTAGATATTAGGAAGAACACCAGTGGCGAAGGCGGCTTACTGGTCCGGTACTGACGCTGAGGTGCGAAAGCGTGGGGAGCAAACAGG,100.000,994509
Devosia.epidermidihirudinis_160,gi|145582885|emb|AM697053.1|,145582885,TACGAAGGGGGCTAGCGTTGTTCGGATTTACTGGGCGTAAAGCGCACGTAGGCGGATTGGTCAGTTAGGGGTGAAATCCTGGAGCTCAACTCCAGAACTGCCTTTAATACTGCCAGTCTAGAGTCCGGAAGAGGTAAGTGGAACTCCTAGTGTAGAGGTGGAATTCGTAGATATTAGGAAGAACACCAGTGGCGAAGGCGGCTTACTGGTCCGGTACTGACGCTGAGGTGCGAAAGCGTGGGGAGCAAACAGG,100.000,77133
Devosia.epidermidihirudinis_160,gi|529746041|gb|KF295417.1|,529746041,TACGAAGGGGGCTAGCGTTGTTCGGATTTACTGGGCGTAAAGCGCACGTAGGCGGATTGGTAAGTTAGGGGTGAAATCCTGGAGCTCAACTCCAGAACTGCCTTTAATACTGCCAGTCTAGAGTCCGGAAGAGGTAAGTGGAACTCCTAGTGTAGAGGTGGAATTCGTAGATATTAGGAAGAACACCAGTGGCGAAGGCGGCTTACTGGTCCGGTACTGACGCTGAGGTGCGAAAGCGTGGGGAGCAAACAGG,99.605,1350912
Devosia.epidermidihirudinis_160,gi|485091051|gb|JQ977241.1|,485091051,TACGAAGGGGGCTAGCGTTGTTCGGATTTACTGGGCGTAAAGCGCACGTAGGCGGATTGGTCAGTTAGGGGTGAAATCCTGGAGCTCAACTCCAGAACTGCCTTTAATACTGCCAGTCTCGAGTCCGGAAGAGGTAAGTGGAACTCCTAGTGTAGAGGTGGAATTCGTAGATATTAGGAAGAACACCAGTGGCGAAGGCGGCTTACTGGTCCGGTACTGACGCTGAGGTGCGAAAGCGTGGGGAGCAAACAGG,99.605,1327231
Hyphomicrobiaceae_447,gi|440657923|gb|KC189710.1|,440657923,TACGAAGGGGGCTAGCGTTGTTCGGAATCACTGGGCGTAAAGCGCACGTAGGCGGATATGTAAGTCAGAGGTGAAAGCCTGGAGCTCAACTTCAGAACTGCCTTTGATACTGCATATCTTGAGTCCGGGAGAGGTGAGTGGAACTGCTAGTGTAGAGGTGAAATTCGTAGATATTAGCAAGAACACCAGTGGCGAAGGCGGCTCACTGGCCCGGTACTGACGCTGAGGTGCGAAAGCGTGGGGAGCAAACAGG,100.000,77133
Hyphomicrobiaceae_447,gi|353528899|gb|JN697930.1|,353528899,TACGAAGGGGGCTAGCGTTGTTCGGAATCACTGGGCGTAAAGCGCACGTAGGCGGATATGTAAGTCAGAGGTGAAAGCCTGGAGCTCAACTTCAGAACTGCCTTTGATACTGCATATCTTGAGTCCGGGAGAGGTGAGTGGAACTGCTAGTGTAGAGGTGAAATTCGTAGATATTAGCAAGAACACCAGTGGCGAAGGCGGCTCACTGGCCCGGTACTGACGCTGAGGTGCGAAAGCGTGGGGAGCAAACAGG,100.000,77133
Hyphomicrobiaceae_447,gi|353529053|gb|JN698084.1|,353529053,TACGAAGGGGGCTAGCGTTGTTCGGAATCACTGGGCGTAAAGCGCACGTAGGCGGATATGTAAGTCAGAGGTGAAATCCTGGAGCTCAACTTCAGAACTGCCTTTGATACTGCATATCTTGAGTCCGGGAGAGGTGAGTGGAACTGCTAGTGTAGAGGTGAAATTCGTAGATATTAGCAAGAACACCAGTGGCGAAGGCGGCTCACTGGCCCGGTACTGACGCTGAGGTGCGAAAGCGTGGGGAGCAAACAGG,99.605,77133
Hyphomicrobiaceae_447,gi|353529002|gb|JN698033.1|,353529002,TACGAAGGGGGCTAGCGTTGTTCGGAATCACTGGGCGTAAAGCGCACGTAGGCGGATATGTAAGTCAGAGGTGAAATCCTGGAGCTCAACTTCAGAACTGCCTTTGATACTGCATATCTTGAGTCCGGGAGAGGTGAGTGGAACTGCTAGTGTAGAGGTGAAATTCGTAGATATTAGCAAGAACACCAGTGGCGAAGGCGGCTCACTGGCCCGGTACTGACGCTGAGGTGCGAAAGCGTGGGGAGCAAACAGG,99.605,77133
Hyphomicrobiaceae_447,gi|674183075|gb|KM171514.1|,674183075,TACGAAGGGGGCTAGCGTTGTTCGGAATCACTGGGCGTAAAGCGCACGTAGGCGGAT-TGTTAAGTCAGAGGTGAAAGCCTGGAGCTCAACTCCAGAACTGCCTTTGATACTGGCA-ATCTTGAGTCCGGGAGAGGTGAGTGGAACTGCTAGTGTAGAGGTGAAATTCGTAGATATTAGCAAGAACACCAGTGGCGAAGGCGGCTCACTGGCCCGGTACTGACGCTGAGGTGCGAAAGCGTGGGGAGCAAACA,98.024,77133
Hyphomicrobiaceae_447,gi|674199183|gb|KM183389.1|,674199183,TACGAAGGGGGCTAGCGTTGTTCGGAATCACTGGGCGTAAAGCGCACGTAGGCGGAT-TGTTAAGTCAGAGGTGAAATCCTGGAGCTCAACTCCAGAACTGCCTTTGATACTGGCA-ATCTCGAGTCCGGGAGAGGTGAGTGGAACTGCTAGTGTAGAGGTGAAATTCGTAGATATTAGCAAGAACACCAGTGGCGAAGGCGGCTCACTGGCCCGGTACTGACGCTGAGGTGCGAAAGCGTGGGGAGCAAACAGG,97.255,77133
Hyphomicrobiaceae_447,gi|674199164|gb|KM183370.1|,674199164,TACGAAGGGGGCTAGCGTTGTTCGGAATCACTGGGCGTAAAGCGCGCGTAGGCGGAT-TGTTAAGTCAGAGGTGAAATCCTGGAGCTCAACTCCAGAACTGCCTTTGATACTGGCA-ATCTCGAGTCCGGGAGAGGTGAGTGGAACTGCTAGTGTAGAGGTGAAATTCGTAGATATTAGCAAGAACACCAGTGGCGAAGGCGGCTCACTGGCCCGGTACTGACGCTGAGGTGCGAAAGCGTGGGGAGCAAACAGG,96.863,77133
Hyphomicrobiaceae_447,gi|674185115|gb|KM173554.1|,674185115,TACGAAGGGGGCTAGCGTTGTTCGGAATCACTGGGCGTAAAGCGCACGTAGGCGGAT-TGTTAAGTCAGAGGTGAGATCCTGGAGCTCAACTCCAGAACTGCCTTTGATACTGGCA-ATCTCGAGTCCGGGAGAGGTGAGTGGAACTGCTAGTGTAGAGGTGAAATTCGTAGATATTAGCAAGAACACCAGTGGCGAAGGCGGCTCACTGGCCCGGTACTGACGCTGAGGTGCGAAAGCGTGGGGAGCAAACAGG,96.863,77133
Hyphomicrobiaceae_447,gi|409970836|emb|HF544932.1|,409970836,TACGAAGGGGGCTAGCGTTGTTCGGAATCACTGGGCGTAAAGCGCACGTAGGCGGACTTTTAAGTCAGAGGTGAAAGCCTGGAGCTCAACTTCAGAACTGCCTTTGATACTGGAAGTCTTGAGTCCGGTAGAGGTGAGTGGAACTGCTAGTGTAGAGGTGAAATTCGTAGATATTAGCAAGAACACCAGTGGCGAAGGCGGCTCACTGGACCGGTACTGACGCTGAGGTGCGAAAGCGTGGGGAGCAAACAGG,96.838,77133
Hyphomicrobiaceae_447,gi|396577463|emb|HE821006.1|,396577463,TACGAAGGGGGCTAGCGTTGTTCGGAATCACTGGGCGTAAAGCGCACGTAGGCGGACTTTTAAGTCAGAGGTGAAAGCCTGGAGCTCAACTTCAGAACTGCCTTTGATACTGGAAGTCTTGAGTCCGGTAGAGGTGAGTGGAACTGCTAGTGTAGAGGTGAAATTCGTAGATATTAGCAAGAACACCAGTGGCGAAGGCGGCTCACTGGACCGGTACTGACGCTGAGGTGCGAAAGCGTGGGGAGCAAACAGG,96.838,77133
Devosia.glacialis_523,gi|601589011|gb|KF974281.1|,601589011,TACGAAGGGGGCTAGCGTTGTTCGGATTTACTGGGCGTAAAGCGCACGTAGGCGGATTGTTAAGTGAGGGGTGAAATCCTGGAGCTCAACTCCAGAACTGCCTTTCATACTGGCAATCTAGAGTCCGGAAGAGGTAAGTGGAACTCCTAGTGTAGAGGTGGAATTCGTAGATATTAGGAAGAACACCAGTGGCGAAGGCGGCTTACTGGTCCGGTACTGACGCTGAGGTGCGAAAGCGTGGGGAGCAAACAGG,100.000,1480639
Devosia.glacialis_523,gi|315002303|emb|FR691412.1|,315002303,TACGAAGGGGGCTAGCGTTGTTCGGATTTACTGGGCGTAAAGCGCACGTAGGCGGATTGTTAAGTGAGGGGTGAAATCCTGGAGCTCAACTCCAGAACTGCCTTTCATACTGGCAATCTAGAGTCCGGAAGAGGTAAGTGGAACTCCTAGTGTAGAGGTGGAATTCGTAGATATTAGGAAGAACACCAGTGGCGAAGGCGGCTTACTGGTCCGGTACTGACGCTGAGGTGCGAAAGCGTGGGGAGCAAACAGG,100.000,885450
Devosia.glacialis_523,gi|308814779|emb|FR682700.1|,308814779,TACGAAGGGGGCTAGCGTTGTTCGGATTTACTGGGCGTAAAGCGCACGTAGGCGGATTGTTAAGTGAGGGGTGAAATCCTGGAGCTCAACTCCAGAACTGCCTTTCATACTGGCAATCTAGAGTCCGGAAGAGGTAAGTGGAACTCCTAGTGTAGAGGTGGAATTCGTAGATATTAGGAAGAACACCAGTGGCGAAGGCGGCTTACTGGTCCGGTACTGACGCTGAGGTGCGAAAGCGTGGGGAGCAAACAGG,100.000,875248
Devosia.glacialis_523,gi|645320716|ref|NR_117855.1|,645320716,TACGAAGGGGGCTAGCGTTGTTCGGATTTACTGGGCGTAAAGCGCACGTAGGCGGATTGTTAAGTGAGGGGTGAAATCCTGGAGCTCAACTCCAGAACTGCCTTTCATACTGGCAATCTAGAGTCCGGAAGAGGTAAGTGGAACTCCTAGTGTAGAGGTGGAATTCGTAGATATTAGGAAGAACACCAGTGGCGAAGGCGGCTTACTGGTCCGGTACTGACGCTGAGGTGCGAAAGCGTGGGGAGCAAACAGG,100.000,866566
Devosia.glacialis_523,gi|257143867|emb|FN421559.1|,257143867,TACGAAGGGGGCTAGCGTTGTTCGGATTTACTGGGCGTAAAGCGCACGTAGGCGGATTGTTAAGTGAGGGGTGAAATCCTGGAGCTCAACTCCAGAACTGCCTTTCATACTGGCAATCTAGAGTCCGGAAGAGGTAAGTGGAACTCCTAGTGTAGAGGTGGAATTCGTAGATATTAGGAAGAACACCAGTGGCGAAGGCGGCTTACTGGTCCGGTACTGACGCTGAGGTGCGAAAGCGTGGGGAGCAAACAGG,100.000,77133
Devosia.glacialis_523,gi|215268572|emb|FM872958.1|,215268572,TACGAAGGGGGCTAGCGTTGTTCGGATTTACTGGGCGTAAAGCGCACGTAGGCGGATTGTTAAGTGAGGGGTGAAATCCTGGAGCTCAACTCCAGAACTGCCTTTCATACTGGCAATCTAGAGTCCGGAAGAGGTAAGTGGAACTCCTAGTGTAGAGGTGGAATTCGTAGATATTAGGAAGAACACCAGTGGCGAAGGCGGCTTACTGGTCCGGTACTGACGCTGAGGTGCGAAAGCGTGGGGAGCAAACAGG,100.000,77133
Devosia.glacialis_523,gi|81022856|gb|DQ248256.1|,81022856,TACGAAGGGGGCTAGCGTTGTTCGGATTTACTGGGCGTAAAGCGCACGTAGGCGGATTGTTAAGTGAGGGGTGAAATCCTGGAGCTCAACTCCAGAACTGCCTTTCATACTGGCAATCTAGAGTCCGGAAGAGGTAAGTGGAACTCCTAGTGTAGAGGTGGAATTCGTAGATATTAGGAAGAACACCAGTGGCGAAGGCGGCTTACTGGTCCGGTACTGACGCTGAGGTGCGAAAGCGTGGGGAGCAAACAGG,100.000,164851
Devosia.glacialis_523,gi|485091222|gb|JQ977411.1|,485091222,TACGAAGGGGGCTAGCGTTGTTCGGATTTACTGGGCGTAAAGCGCACGTAGGCGGATTGTTAAGTGAGAGGTGAAATCCTGGAGCTCAACTCCAGAACTGCCTTTCATACTGGCAATCTAGAGTCCGGAAGAGGTAAGTGGAACTCCTAGTGTAGAGGTGGAATTCGTAGATATTAGGAAGAACACCAGTGGCGAAGGCGGCTTACTGGTCCGGTACTGACGCTGAGGTGCGAAAGCGTGGGGAGCAAACAGG,99.605,1327230
Devosia.glacialis_523,gi|485091125|gb|JQ977315.1|,485091125,TACGAAGGGGGCTAGCGTTGTTCGGATTTACTGGGCGTAAAGCGCACGTAGGCGGATTGTTAAGTGAGAGGTGAAATCCTGGAGCTCAACTCCAGAACTGCCTTTCATACTGGCAATCTAGAGTCCGGAAGAGGTAAGTGGAACTCCTAGTGTAGAGGTGGAATTCGTAGATATTAGGAAGAACACCAGTGGCGAAGGCGGCTTACTGGTCCGGTACTGACGCTGAGGTGCGAAAGCGTGGGGAGCAAACAGG,99.605,1327239
Devosia.glacialis_523,gi|322153833|gb|JF168427.1|,322153833,TACGAAGGGGGCTAGCGTTGTTCGGATTTACTGGGCGTAAAGCGCACGTAGGCGGATTGTTAAGTGAGGGGTGAAATCCTGGAGCTCAACTCCAGAACTGCCTTTCATACTGGCAATCTAGAGTCCGGAGGAGGTAAGTGGAACTCCTAGTGTAGAGGTGGAATTCGTAGATATTAGGAAGAACACCAGTGGCGAAGGCGGCTTACTGGTCCGGTACTGACGCTGAGGTGCGAAAGCGTGGGGAGCAAACAGG,99.605,77133
Devosia_576,gi|411112810|gb|JQ387141.2|,411112810,TACGAAGGGGGCTAGCGTTGTTCGGATTTACTGGGCGTAAAGCGCACGTAGGCGGATTGTTAAGTGAGAGGTGAAATCCCAGAGCTCAACTCTGGAACTGCCTTTCATACTGGCAATCTAGAGTCCGGAAGAGGTAAGTGGAACTCCTAGTGTAGAGGTGGAATTCGTAGATATTAGGAAGAACACCAGTGGCGAAGGCGGCTTACTGGTCCGGTACTGACGCTGAGGTGCGAAAGCGTGGGGAGCAAACAGG,100.000,77133
Devosia_576,gi|297015931|gb|HM322336.1|,297015931,TACGAAGGGGGCTAGCGTTGTTCGGATTTACTGGGCGTAAAGCGCACGTAGGCGGATTGTTAAGTGAGAGGTGAAATCCCAGAGCTCAACTCTGGAACTGCCTTTCATACTGGCAATCTAGAGTCCGGAAGAGGTAAGTGGAACTCCTAGTGTAGAGGTGGAATTCGTAGATATTAGGAAGAACACCAGTGGCGAAGGCGGCTTACTGGTCCGGTACTGACGCTGAGGTGCGAAAGCGTGGGGAGCAAACAGG,100.000,77133
Devosia_576,gi|297015731|gb|HM322136.1|,297015731,TACGAAGGGGGCTAGCGTTGTTCGGATTTACTGGGCGTAAAGCGCACGTAGGCGGATTGTTAAGTGAGAGGTGAAATCCCAGAGCTCAACTCTGGAACTGCCTTTCATACTGGCAATCTAGAGTCCGGAAGAGGTAAGTGGAACTCCTAGTGTAGAGGTGGAATTCGTAGATATTAGGAAGAACACCAGTGGCGAAGGCGGCTTACTGGTCCGGTACTGACGCTGAGGTGCGAAAGCGTGGGGAGCAAACAGG,100.000,77133
Devosia_576,gi|257143878|emb|FN421570.1|,257143878,TACGAAGGGGGCTAGCGTTGTTCGGATTTACTGGGCGTAAAGCGCACGTAGGCGGATTGTTAAGTGAGAGGTGAAATCCCAGAGCTCAACTCTGGAACTGCCTTTCATACTGGCAATCTAGAGTCCGGAAGAGGTAAGTGGAACTCCTAGTGTAGAGGTGGAATTCGTAGATATTAGGAAGAACACCAGTGGCGAAGGCGGCTTACTGGTCCGGTACTGACGCTGAGGTGCGAAAGCGTGGGGAGCAAACAGG,100.000,77133
Devosia_576,gi|429141789|gb|JX971556.1|,429141789,TACGAAGGGGGCTAGCGTTGTTCGGATTTACTGGGCGTAAAGCGCACGTAGGCGGATTGTTAAGTGAGAGGTGAAATCCCGGAGCTCAACTCCGGAACTGCCTTTCATACTGGCAATCTAGAGTCCGGAAGAGGTAAGTGGAACTCCTAGTGTAGAGGTGGAATTCGTAGATATTAGGAAGAACACCAGTGGCGAAGGCGGCTTACTGGTCCGGTACTGACGCTGAGGTGCGAAAGCGTGGGGAGCAAACAGG,99.209,866566
Devosia_576,gi|387911704|emb|HE814794.2|,387911704,TACGAAGGGGGCTAGCGTTGTTCGGATTTACTGGGCGTAAAGCGCACGTAGGCGGATTGTTAAGTGAGAGGTGAAATCCCGGAGCTCAACTCCGGAACTGCCTTTCATACTGGCAATCTAGAGTCCGGAAGAGGTAAGTGGAACTCCTAGTGTAGAGGTGGAATTCGTAGATATTAGGAAGAACACCAGTGGCGAAGGCGGCTTACTGGTCCGGTACTGACGCTGAGGTGCGAAAGCGTGGGGAGCAAACAGG,99.209,1190387
Devosia_576,gi|297008847|gb|HM315252.1|,297008847,TACGAAGGGGGCTAGCGTTGTTCGGATTTACTGGGCGTAAAGCGCACGTAGGCGGATTGTTAAGTGAGAGGTGAAATCCCGGAGCTCAACTCCGGAACTGCCTTTCATACTGGCAATCTAGAGTCCGGAAGAGGTAAGTGGAACTCCTAGTGTAGAGGTGGAATTCGTAGATATTAGGAAGAACACCAGTGGCGAAGGCGGCTTACTGGTCCGGTACTGACGCTGAGGTGCGAAAGCGTGGGGAGCAAACAGG,99.209,77133
Devosia_576,gi|238292021|gb|GQ021639.1|,238292021,TACGAAGGGGGCTAGCGTTGTTCGGATTTACTGGGCGTAAAGCGCACGTAGGCGGATTGTTAAGTGAGAGGTGAAATCCCGGAGCTCAACTCCGGAACTGCCTTTCATACTGGCAATCTAGAGTCCGGAAGAGGTAAGTGGAACTCCTAGTGTAGAGGTGGAATTCGTAGATATTAGGAAGAACACCAGTGGCGAAGGCGGCTTACTGGTCCGGTACTGACGCTGAGGTGCGAAAGCGTGGGGAGCAAACAGG,99.209,77133
Devosia_576,gi|395476142|gb|JQ077618.1|,395476142,CGAA-GGGGCTAGCGTTGTTCGGATTTACTGGGCGTAAAAGCGCACGTAGGCGGATTGTTAAGTGAGAGGTGAAATCCCAGAGCTCAACTCTGGAACTGCCTTTCATACTGGCAATCTAGAGTCCGGAAGAGGTAAGTGGAACTCCTAGTGTAGAGGTGGAATTCGTAGATATTAGGAAGAACACCAGTGGCGAAGGCGGCTTACTGGTCCGGTACTGACGCTGAGGTGCGAAAGCGTGGGGAGCAAACAGG,99.206,77133
Devosia_576,gi|524853318|gb|KF160576.1|,524853318,TACGAAGGGGGCTAGCGTTGTTCGGATTTACTGGGCGTAAAGCGCACGTAGGCGGTTTGTTAAGTGAGAGGTGAAATCCCAGAGCTCAACTCTGGAACTGCCTTTCATACTGGCAAGCTAGAGTCCGGAAGAGGTAAGTGGAACTCCTAGTGTAGAGGTGGAATTCGTAGATATTAGGAAGAACACCAGTGGCGAAGGCGGCTTACTGGTCCGGAACTGACGCTGAGGTGCGAAAGCGTGGGGAGCAAACAGG,98.814,1358141
Devosia.glacialis_1319,gi|429141789|gb|JX971556.1|,429141789,TACGAAGGGGGCTAGCGTTGTTCGGATTTACTGGGCGTAAAGCGCACGTAGGCGGATTGTTAAGTGAGAGGTGAAATCCCGGAGCTCAACTCCGGAACTGCCTTTCATACTGGCAATCTAGAGTCCGGAAGAGGTAAGTGGAACTCCTAGTGTAGAGGTGGAATTCGTAGATATTAGGAAGAACACCAGTGGCGAAGGCGGCTTACTGGTCCGGTACTGACGCTGAGGTGCGAAAGCGTGGGGAGCAAACAGG,100.000,866566
Devosia.glacialis_1319,gi|387911704|emb|HE814794.2|,387911704,TACGAAGGGGGCTAGCGTTGTTCGGATTTACTGGGCGTAAAGCGCACGTAGGCGGATTGTTAAGTGAGAGGTGAAATCCCGGAGCTCAACTCCGGAACTGCCTTTCATACTGGCAATCTAGAGTCCGGAAGAGGTAAGTGGAACTCCTAGTGTAGAGGTGGAATTCGTAGATATTAGGAAGAACACCAGTGGCGAAGGCGGCTTACTGGTCCGGTACTGACGCTGAGGTGCGAAAGCGTGGGGAGCAAACAGG,100.000,1190387
Devosia.glacialis_1319,gi|297008847|gb|HM315252.1|,297008847,TACGAAGGGGGCTAGCGTTGTTCGGATTTACTGGGCGTAAAGCGCACGTAGGCGGATTGTTAAGTGAGAGGTGAAATCCCGGAGCTCAACTCCGGAACTGCCTTTCATACTGGCAATCTAGAGTCCGGAAGAGGTAAGTGGAACTCCTAGTGTAGAGGTGGAATTCGTAGATATTAGGAAGAACACCAGTGGCGAAGGCGGCTTACTGGTCCGGTACTGACGCTGAGGTGCGAAAGCGTGGGGAGCAAACAGG,100.000,77133
Devosia.glacialis_1319,gi|238292021|gb|GQ021639.1|,238292021,TACGAAGGGGGCTAGCGTTGTTCGGATTTACTGGGCGTAAAGCGCACGTAGGCGGATTGTTAAGTGAGAGGTGAAATCCCGGAGCTCAACTCCGGAACTGCCTTTCATACTGGCAATCTAGAGTCCGGAAGAGGTAAGTGGAACTCCTAGTGTAGAGGTGGAATTCGTAGATATTAGGAAGAACACCAGTGGCGAAGGCGGCTTACTGGTCCGGTACTGACGCTGAGGTGCGAAAGCGTGGGGAGCAAACAGG,100.000,77133
Devosia.glacialis_1319,gi|485091222|gb|JQ977411.1|,485091222,TACGAAGGGGGCTAGCGTTGTTCGGATTTACTGGGCGTAAAGCGCACGTAGGCGGATTGTTAAGTGAGAGGTGAAATCCTGGAGCTCAACTCCAGAACTGCCTTTCATACTGGCAATCTAGAGTCCGGAAGAGGTAAGTGGAACTCCTAGTGTAGAGGTGGAATTCGTAGATATTAGGAAGAACACCAGTGGCGAAGGCGGCTTACTGGTCCGGTACTGACGCTGAGGTGCGAAAGCGTGGGGAGCAAACAGG,99.209,1327230
Devosia.glacialis_1319,gi|485091125|gb|JQ977315.1|,485091125,TACGAAGGGGGCTAGCGTTGTTCGGATTTACTGGGCGTAAAGCGCACGTAGGCGGATTGTTAAGTGAGAGGTGAAATCCTGGAGCTCAACTCCAGAACTGCCTTTCATACTGGCAATCTAGAGTCCGGAAGAGGTAAGTGGAACTCCTAGTGTAGAGGTGGAATTCGTAGATATTAGGAAGAACACCAGTGGCGAAGGCGGCTTACTGGTCCGGTACTGACGCTGAGGTGCGAAAGCGTGGGGAGCAAACAGG,99.209,1327239
Devosia.glacialis_1319,gi|395477206|gb|JQ078682.1|,395477206,CGAA-GGGGCTAGCGTTGTTCGGATTTACTGGGCGTAAAGCGCACGTAGGCGGATTGTTAAGTGAGAGGTGAAATCCCGGAGCTCAACTCCGGAACTGCCTTTCATACTGGCAATCTAGAGTCCGGAAGAGGTAAGTGGAACTCCTAGTGTAGAGGTGGAATTCGTAGATATTAGGAAGAACACCAGTGGCGAAGGCGGCTTACTGGTCCGGTACTGACGCTGAGGTGCGAAAGCGTGGGGAGCAAACAGG,99.602,77133
Devosia.glacialis_1319,gi|411112810|gb|JQ387141.2|,411112810,TACGAAGGGGGCTAGCGTTGTTCGGATTTACTGGGCGTAAAGCGCACGTAGGCGGATTGTTAAGTGAGAGGTGAAATCCCAGAGCTCAACTCTGGAACTGCCTTTCATACTGGCAATCTAGAGTCCGGAAGAGGTAAGTGGAACTCCTAGTGTAGAGGTGGAATTCGTAGATATTAGGAAGAACACCAGTGGCGAAGGCGGCTTACTGGTCCGGTACTGACGCTGAGGTGCGAAAGCGTGGGGAGCAAACAGG,99.209,77133
Devosia.glacialis_1319,gi|308549680|gb|HM224454.1|,308549680,TACGAAGGGGGCTAGCGTTGTTCGGATTTACTGGGCGTAAAGCGCACGTAGGCGGATTGTTAAGTGAGAGGTGAAATCCTGGAGCTCAACTCCAGAACTGCCTTTCATACTGGCAATCTAGAGTCCGGAAGAGGTAAGTGGAACTCCTAGTGTAGAGGTGGAATTCGTAGATATTAGGAAGAACACCAGTGGCGAAGGCGGCTTACTGGTCCGGTACTGACGCTGAGGTGCGAAAGCGTGGGGAGCAAACAGG,99.209,862380
Devosia.glacialis_1319,gi|302710300|gb|HM844123.1|,302710300,TACGAAGGGGGCTAGCGTTGTTCGGATTTACTGGGCGTAAAGCGCACGTAGGCGGATTGTTAAGTGAGAGGTGAAATCCCGGAGCTCAACTCCGGAACTGCCTTTCATACTGGCAATCTAGAGTCCGGAAGAGGTGAGTGGAACTCCTAGTGTAGAGGTGGAATTCGTAGATATTAGGAAGAACACCAGTGGCGAAGGCGGCTCACTGGTCCGGTACTGACGCTGAGGTGCGAAAGCGTGGGGAGCAAACAGG,99.209,77133
Devosia_1474,gi|760258550|gb|KP158109.1|,760258550,TACGAAGGGGGCTAGCGTTGTTCGGATTTACTGGGCGTAAAGCGCACGTAGGCGGTTTGTTAAGTCAGGGGTGAAATCCCGGAGCTCAACTCCGGAACTGCCTTTGATACTGGCAAGCTAGAGTCCGGAAGAGGTAAGTGGAACTCCTAGTGTAGAGGTGGAATTCGTAGATATTAGGAAGAACACCAGTGGCGAAGGCGGCTTACTGGTCCGGAACTGACGCTGAGGTGCGAAAGCGTGGGGAGCAAACAGG,100.000,77133
Devosia_1474,gi|697278014|emb|LN568182.1|,697278014,TACGAAGGGGGCTAGCGTTGTTCGGATTTACTGGGCGTAAAGCGCACGTAGGCGGTTTGTTAAGTCAGGGGTGAAATCCCGGAGCTCAACTCCGGAACTGCCTTTGATACTGGCAAGCTAGAGTCCGGAAGAGGTAAGTGGAACTCCTAGTGTAGAGGTGGAATTCGTAGATATTAGGAAGAACACCAGTGGCGAAGGCGGCTTACTGGTCCGGAACTGACGCTGAGGTGCGAAAGCGTGGGGAGCAAACAGG,100.000,77133
Devosia_1474,gi|687848197|gb|KJ880029.1|,687848197,TACGAAGGGGGCTAGCGTTGTTCGGATTTACTGGGCGTAAAGCGCACGTAGGCGGTTTGTTAAGTCAGGGGTGAAATCCCGGAGCTCAACTCCGGAACTGCCTTTGATACTGGCAAGCTAGAGTCCGGAAGAGGTAAGTGGAACTCCTAGTGTAGAGGTGGAATTCGTAGATATTAGGAAGAACACCAGTGGCGAAGGCGGCTTACTGGTCCGGAACTGACGCTGAGGTGCGAAAGCGTGGGGAGCAAACAGG,100.000,1538204
Devosia_1474,gi|687848165|gb|KJ879997.1|,687848165,TACGAAGGGGGCTAGCGTTGTTCGGATTTACTGGGCGTAAAGCGCACGTAGGCGGTTTGTTAAGTCAGGGGTGAAATCCCGGAGCTCAACTCCGGAACTGCCTTTGATACTGGCAAGCTAGAGTCCGGAAGAGGTAAGTGGAACTCCTAGTGTAGAGGTGGAATTCGTAGATATTAGGAAGAACACCAGTGGCGAAGGCGGCTTACTGGTCCGGAACTGACGCTGAGGTGCGAAAGCGTGGGGAGCAAACAGG,100.000,1538203
Devosia_1474,gi|523453828|gb|KC166713.1|,523453828,TACGAAGGGGGCTAGCGTTGTTCGGATTTACTGGGCGTAAAGCGCACGTAGGCGGTTTGTTAAGTCAGGGGTGAAATCCCGGAGCTCAACTCCGGAACTGCCTTTGATACTGGCAAGCTAGAGTCCGGAAGAGGTAAGTGGAACTCCTAGTGTAGAGGTGGAATTCGTAGATATTAGGAAGAACACCAGTGGCGAAGGCGGCTTACTGGTCCGGAACTGACGCTGAGGTGCGAAAGCGTGGGGAGCAAACAGG,100.000,211434
Devosia_1474,gi|450344011|gb|JX100254.1|,450344011,TACGAAGGGGGCTAGCGTTGTTCGGATTTACTGGGCGTAAAGCGCACGTAGGCGGTTTGTTAAGTCAGGGGTGAAATCCCGGAGCTCAACTCCGGAACTGCCTTTGATACTGGCAAGCTAGAGTCCGGAAGAGGTAAGTGGAACTCCTAGTGTAGAGGTGGAATTCGTAGATATTAGGAAGAACACCAGTGGCGAAGGCGGCTTACTGGTCCGGAACTGACGCTGAGGTGCGAAAGCGTGGGGAGCAAACAGG,100.000,77133
Devosia_1474,gi|450343985|gb|JX100228.1|,450343985,TACGAAGGGGGCTAGCGTTGTTCGGATTTACTGGGCGTAAAGCGCACGTAGGCGGTTTGTTAAGTCAGGGGTGAAATCCCGGAGCTCAACTCCGGAACTGCCTTTGATACTGGCAAGCTAGAGTCCGGAAGAGGTAAGTGGAACTCCTAGTGTAGAGGTGGAATTCGTAGATATTAGGAAGAACACCAGTGGCGAAGGCGGCTTACTGGTCCGGAACTGACGCTGAGGTGCGAAAGCGTGGGGAGCAAACAGG,100.000,77133
Devosia_1474,gi|425917052|gb|JX647713.1|,425917052,TACGAAGGGGGCTAGCGTTGTTCGGATTTACTGGGCGTAAAGCGCACGTAGGCGGTTTGTTAAGTCAGGGGTGAAATCCCGGAGCTCAACTCCGGAACTGCCTTTGATACTGGCAAGCTAGAGTCCGGAAGAGGTAAGTGGAACTCCTAGTGTAGAGGTGGAATTCGTAGATATTAGGAAGAACACCAGTGGCGAAGGCGGCTTACTGGTCCGGAACTGACGCTGAGGTGCGAAAGCGTGGGGAGCAAACAGG,100.000,77133
Devosia_1474,gi|411112391|gb|JQ386722.2|,411112391,TACGAAGGGGGCTAGCGTTGTTCGGATTTACTGGGCGTAAAGCGCACGTAGGCGGTTTGTTAAGTCAGGGGTGAAATCCCGGAGCTCAACTCCGGAACTGCCTTTGATACTGGCAAGCTAGAGTCCGGAAGAGGTAAGTGGAACTCCTAGTGTAGAGGTGGAATTCGTAGATATTAGGAAGAACACCAGTGGCGAAGGCGGCTTACTGGTCCGGAACTGACGCTGAGGTGCGAAAGCGTGGGGAGCAAACAGG,100.000,77133
Devosia_1474,gi|631252420|ref|NR_113618.1|,631252420,TACGAAGGGGGCTAGCGTTGTTCGGATTTACTGGGCGTAAAGCGCACGTAGGCGGTTTGTTAAGTCAGGGGTGAAATCCCGGAGCTCAACTCCGGAACTGCCTTTGATACTGGCAAGCTAGAGTCCGGAAGAGGTAAGTGGAACTCCTAGTGTAGAGGTGGAATTCGTAGATATTAGGAAGAACACCAGTGGCGAAGGCGGCTTACTGGTCCGGAACTGACGCTGAGGTGCGAAAGCGTGGGGAGCAAACAGG,100.000,46914
Devosia_641,gi|745624337|gb|KM598259.1|,745624337,TACGAAGGGGGCTAGCGTTGTTCGGATTTACTGGGCGTAAAGCGCACGTAGGCGGATCGTTAAGTCGGGGGTGAAATCCTGGAGCTCAACTCCAGAACTGCCTTCGATACTGGCGATCTTGAGTCCGGAAGAGGTGAGTGGAACTCCTAGTGTAGAGGTGGAATTCGTAGATATTAGGAAGAACACCAGTGGCGAAGGCGGCTCACTGGTCCGGTACTGACGCTGAGGTGCGAAAGCGTGGGGAGCAAACAGG,100.000,1591105
Devosia_641,gi|725096952|gb|KM253228.1|,725096952,TACGAAGGGGGCTAGCGTTGTTCGGATTTACTGGGCGTAAAGCGCACGTAGGCGGATCGTTAAGTCGGGGGTGAAATCCTGGAGCTCAACTCCAGAACTGCCTTCGATACTGGCGATCTTGAGTCCGGAAGAGGTGAGTGGAACTCCTAGTGTAGAGGTGGAATTCGTAGATATTAGGAAGAACACCAGTGGCGAAGGCGGCTCACTGGTCCGGTACTGACGCTGAGGTGCGAAAGCGTGGGGAGCAAACAGG,100.000,1534005
Devosia_641,gi|712432652|gb|KP097158.1|,712432652,TACGAAGGGGGCTAGCGTTGTTCGGATTTACTGGGCGTAAAGCGCACGTAGGCGGATCGTTAAGTCGGGGGTGAAATCCTGGAGCTCAACTCCAGAACTGCCTTCGATACTGGCGATCTTGAGTCCGGAAGAGGTGAGTGGAACTCCTAGTGTAGAGGTGGAATTCGTAGATATTAGGAAGAACACCAGTGGCGAAGGCGGCTCACTGGTCCGGTACTGACGCTGAGGTGCGAAAGCGTGGGGAGCAAACAGG,100.000,77133
Devosia_641,gi|701636171|gb|KM235038.1|,701636171,TACGAAGGGGGCTAGCGTTGTTCGGATTTACTGGGCGTAAAGCGCACGTAGGCGGATCGTTAAGTCGGGGGTGAAATCCTGGAGCTCAACTCCAGAACTGCCTTCGATACTGGCGATCTTGAGTCCGGAAGAGGTGAGTGGAACTCCTAGTGTAGAGGTGGAATTCGTAGATATTAGGAAGAACACCAGTGGCGAAGGCGGCTCACTGGTCCGGTACTGACGCTGAGGTGCGAAAGCGTGGGGAGCAAACAGG,100.000,211434
Devosia_641,gi|696700874|gb|KM841367.1|,696700874,TACGAAGGGGGCTAGCGTTGTTCGGATTTACTGGGCGTAAAGCGCACGTAGGCGGATCGTTAAGTCGGGGGTGAAATCCTGGAGCTCAACTCCAGAACTGCCTTCGATACTGGCGATCTTGAGTCCGGAAGAGGTGAGTGGAACTCCTAGTGTAGAGGTGGAATTCGTAGATATTAGGAAGAACACCAGTGGCGAAGGCGGCTCACTGGTCCGGTACTGACGCTGAGGTGCGAAAGCGTGGGGAGCAAACAGG,100.000,77133
Devosia_641,gi|696700873|gb|KM841366.1|,696700873,TACGAAGGGGGCTAGCGTTGTTCGGATTTACTGGGCGTAAAGCGCACGTAGGCGGATCGTTAAGTCGGGGGTGAAATCCTGGAGCTCAACTCCAGAACTGCCTTCGATACTGGCGATCTTGAGTCCGGAAGAGGTGAGTGGAACTCCTAGTGTAGAGGTGGAATTCGTAGATATTAGGAAGAACACCAGTGGCGAAGGCGGCTCACTGGTCCGGTACTGACGCTGAGGTGCGAAAGCGTGGGGAGCAAACAGG,100.000,77133
Devosia_641,gi|696700872|gb|KM841365.1|,696700872,TACGAAGGGGGCTAGCGTTGTTCGGATTTACTGGGCGTAAAGCGCACGTAGGCGGATCGTTAAGTCGGGGGTGAAATCCTGGAGCTCAACTCCAGAACTGCCTTCGATACTGGCGATCTTGAGTCCGGAAGAGGTGAGTGGAACTCCTAGTGTAGAGGTGGAATTCGTAGATATTAGGAAGAACACCAGTGGCGAAGGCGGCTCACTGGTCCGGTACTGACGCTGAGGTGCGAAAGCGTGGGGAGCAAACAGG,100.000,77133
Devosia_641,gi|696700821|gb|KM841314.1|,696700821,TACGAAGGGGGCTAGCGTTGTTCGGATTTACTGGGCGTAAAGCGCACGTAGGCGGATCGTTAAGTCGGGGGTGAAATCCTGGAGCTCAACTCCAGAACTGCCTTCGATACTGGCGATCTTGAGTCCGGAAGAGGTGAGTGGAACTCCTAGTGTAGAGGTGGAATTCGTAGATATTAGGAAGAACACCAGTGGCGAAGGCGGCTCACTGGTCCGGTACTGACGCTGAGGTGCGAAAGCGTGGGGAGCAAACAGG,100.000,77133
Devosia_641,gi|696700624|gb|KM841117.1|,696700624,TACGAAGGGGGCTAGCGTTGTTCGGATTTACTGGGCGTAAAGCGCACGTAGGCGGATCGTTAAGTCGGGGGTGAAATCCTGGAGCTCAACTCCAGAACTGCCTTCGATACTGGCGATCTTGAGTCCGGAAGAGGTGAGTGGAACTCCTAGTGTAGAGGTGGAATTCGTAGATATTAGGAAGAACACCAGTGGCGAAGGCGGCTCACTGGTCCGGTACTGACGCTGAGGTGCGAAAGCGTGGGGAGCAAACAGG,100.000,77133
Devosia_641,gi|696700560|gb|KM841053.1|,696700560,TACGAAGGGGGCTAGCGTTGTTCGGATTTACTGGGCGTAAAGCGCACGTAGGCGGATCGTTAAGTCGGGGGTGAAATCCTGGAGCTCAACTCCAGAACTGCCTTCGATACTGGCGATCTTGAGTCCGGAAGAGGTGAGTGGAACTCCTAGTGTAGAGGTGGAATTCGTAGATATTAGGAAGAACACCAGTGGCGAAGGCGGCTCACTGGTCCGGTACTGACGCTGAGGTGCGAAAGCGTGGGGAGCAAACAGG,100.000,77133
Hyphomicrobium_720,gi|731167294|dbj|AB806458.1|,731167294,TACGGAGGGGACTAGCGTTGTTCGGAATTACTGGGCGTAAAGCGCACGTAGGCGGATTTGTAAGTCAGGGGTGAAATCCCGGGGCTCAACCTCGGAACTGCCTTTGATACTGCAAATCTCGAGTCCGGAAGAGGTGAGTGGAATTCCTAGTGTAGAGGTGAAATTCGTAGATATTAGGAAGAACACCAGTGGCGAAGGCGGCTCACTGGTCCGGTACTGACGCTGAGGTGCGAAAGCGTGGGGAGCAAACAGG,100.000,77133
Hyphomicrobium_720,gi|712432705|gb|KP097211.1|,712432705,TACGGAGGGGACTAGCGTTGTTCGGAATTACTGGGCGTAAAGCGCACGTAGGCGGATTTGTAAGTCAGGGGTGAAATCCCGGGGCTCAACCTCGGAACTGCCTTTGATACTGCAAATCTCGAGTCCGGAAGAGGTGAGTGGAATTCCTAGTGTAGAGGTGAAATTCGTAGATATTAGGAAGAACACCAGTGGCGAAGGCGGCTCACTGGTCCGGTACTGACGCTGAGGTGCGAAAGCGTGGGGAGCAAACAGG,100.000,77133
Hyphomicrobium_720,gi|712432687|gb|KP097193.1|,712432687,TACGGAGGGGACTAGCGTTGTTCGGAATTACTGGGCGTAAAGCGCACGTAGGCGGATTTGTAAGTCAGGGGTGAAATCCCGGGGCTCAACCTCGGAACTGCCTTTGATACTGCAAATCTCGAGTCCGGAAGAGGTGAGTGGAATTCCTAGTGTAGAGGTGAAATTCGTAGATATTAGGAAGAACACCAGTGGCGAAGGCGGCTCACTGGTCCGGTACTGACGCTGAGGTGCGAAAGCGTGGGGAGCAAACAGG,100.000,77133
Hyphomicrobium_720,gi|697232904|emb|LN572254.1|,697232904,TACGGAGGGGACTAGCGTTGTTCGGAATTACTGGGCGTAAAGCGCACGTAGGCGGATTTGTAAGTCAGGGGTGAAATCCCGGGGCTCAACCTCGGAACTGCCTTTGATACTGCAAATCTCGAGTCCGGAAGAGGTGAGTGGAATTCCTAGTGTAGAGGTGAAATTCGTAGATATTAGGAAGAACACCAGTGGCGAAGGCGGCTCACTGGTCCGGTACTGACGCTGAGGTGCGAAAGCGTGGGGAGCAAACAGG,100.000,77133
Hyphomicrobium_720,gi|658117452|gb|KJ664761.1|,658117452,TACGGAGGGGACTAGCGTTGTTCGGAATTACTGGGCGTAAAGCGCACGTAGGCGGATTTGTAAGTCAGGGGTGAAATCCCGGGGCTCAACCTCGGAACTGCCTTTGATACTGCAAATCTCGAGTCCGGAAGAGGTGAGTGGAATTCCTAGTGTAGAGGTGAAATTCGTAGATATTAGGAAGAACACCAGTGGCGAAGGCGGCTCACTGGTCCGGTACTGACGCTGAGGTGCGAAAGCGTGGGGAGCAAACAGG,100.000,77133
Hyphomicrobium_720,gi|658117409|gb|KJ664718.1|,658117409,TACGGAGGGGACTAGCGTTGTTCGGAATTACTGGGCGTAAAGCGCACGTAGGCGGATTTGTAAGTCAGGGGTGAAATCCCGGGGCTCAACCTCGGAACTGCCTTTGATACTGCAAATCTCGAGTCCGGAAGAGGTGAGTGGAATTCCTAGTGTAGAGGTGAAATTCGTAGATATTAGGAAGAACACCAGTGGCGAAGGCGGCTCACTGGTCCGGTACTGACGCTGAGGTGCGAAAGCGTGGGGAGCAAACAGG,100.000,77133
Hyphomicrobium_720,gi|658117404|gb|KJ664713.1|,658117404,TACGGAGGGGACTAGCGTTGTTCGGAATTACTGGGCGTAAAGCGCACGTAGGCGGATTTGTAAGTCAGGGGTGAAATCCCGGGGCTCAACCTCGGAACTGCCTTTGATACTGCAAATCTCGAGTCCGGAAGAGGTGAGTGGAATTCCTAGTGTAGAGGTGAAATTCGTAGATATTAGGAAGAACACCAGTGGCGAAGGCGGCTCACTGGTCCGGTACTGACGCTGAGGTGCGAAAGCGTGGGGAGCAAACAGG,100.000,77133
Hyphomicrobium_720,gi|658117388|gb|KJ664697.1|,658117388,TACGGAGGGGACTAGCGTTGTTCGGAATTACTGGGCGTAAAGCGCACGTAGGCGGATTTGTAAGTCAGGGGTGAAATCCCGGGGCTCAACCTCGGAACTGCCTTTGATACTGCAAATCTCGAGTCCGGAAGAGGTGAGTGGAATTCCTAGTGTAGAGGTGAAATTCGTAGATATTAGGAAGAACACCAGTGGCGAAGGCGGCTCACTGGTCCGGTACTGACGCTGAGGTGCGAAAGCGTGGGGAGCAAACAGG,100.000,77133
Hyphomicrobium_720,gi|658117288|gb|KJ664597.1|,658117288,TACGGAGGGGACTAGCGTTGTTCGGAATTACTGGGCGTAAAGCGCACGTAGGCGGATTTGTAAGTCAGGGGTGAAATCCCGGGGCTCAACCTCGGAACTGCCTTTGATACTGCAAATCTCGAGTCCGGAAGAGGTGAGTGGAATTCCTAGTGTAGAGGTGAAATTCGTAGATATTAGGAAGAACACCAGTGGCGAAGGCGGCTCACTGGTCCGGTACTGACGCTGAGGTGCGAAAGCGTGGGGAGCAAACAGG,100.000,77133
Hyphomicrobium_720,gi|658117261|gb|KJ664570.1|,658117261,TACGGAGGGGACTAGCGTTGTTCGGAATTACTGGGCGTAAAGCGCACGTAGGCGGATTTGTAAGTCAGGGGTGAAATCCCGGGGCTCAACCTCGGAACTGCCTTTGATACTGCAAATCTCGAGTCCGGAAGAGGTGAGTGGAATTCCTAGTGTAGAGGTGAAATTCGTAGATATTAGGAAGAACACCAGTGGCGAAGGCGGCTCACTGGTCCGGTACTGACGCTGAGGTGCGAAAGCGTGGGGAGCAAACAGG,100.000,77133
