Microbacteriaceae_30,gi|747015973|dbj|AB991213.1|,747015973,TACGTAGGGTGCAAGCGTTATCCGGAATTATTGGGCGTAAAGAGCTCGTAGGCGGTTTGTCGCGTCTGCTGTGAAAACTGGAGGCTCAACCTCCAGCCTGCAGTGGGTACGGGCAGACTAGAGTGCGGTAGGGGAGATTGGAATTCCTGGTGTAGCGGTGGAATGCGCAGATATCAGGAGGAACACCAATGGCGAAGGCAGATCTCTGGGCCGTAACTGACGCTGAGGAGCGAAAGCATGGGGAGCGAACAGG,100.000,77133
Microbacteriaceae_30,gi|674144775|gb|KM140761.1|,674144775,TACGTAGGGTGCAAGCGTTATCCGGAATTATTGGGCGTAAAGAGCTCGTAGGCGGTTTGTCGCGTCTGCTGTGAAAACTGGAGGCTCAACCTCCAGCCTGCAGTGGGTACGGGCAGACTAGAGTGCGGTAGGGGAGATTGGAATTCCTGGTGTAGCGGTGGAATGCGCAGATATCAGGAGGAACACCAATGGCGAAGGCAGATCTCTGGGCCGTAACTGACGCTGAGGAGCGAAAGCATGGGGAGCGAACAGG,100.000,77133
Microbacteriaceae_30,gi|529745784|gb|KF295312.1|,529745784,TACGTAGGGTGCAAGCGTTATCCGGAATTATTGGGCGTAAAGAGCTCGTAGGCGGTTTGTCGCGTCTGCTGTGAAAACTGGAGGCTCAACCTCCAGCCTGCAGTGGGTACGGGCAGACTAGAGTGCGGTAGGGGAGATTGGAATTCCTGGTGTAGCGGTGGAATGCGCAGATATCAGGAGGAACACCAATGGCGAAGGCAGATCTCTGGGCCGTAACTGACGCTGAGGAGCGAAAGCATGGGGAGCGAACAGG,100.000,1351356
Microbacteriaceae_30,gi|459942255|gb|KC478080.1|,459942255,TACGTAGGGTGCAAGCGTTATCCGGAATTATTGGGCGTAAAGAGCTCGTAGGCGGTTTGTCGCGTCTGCTGTGAAAACTGGAGGCTCAACCTCCAGCCTGCAGTGGGTACGGGCAGACTAGAGTGCGGTAGGGGAGATTGGAATTCCTGGTGTAGCGGTGGAATGCGCAGATATCAGGAGGAACACCAATGGCGAAGGCAGATCTCTGGGCCGTAACTGACGCTGAGGAGCGAAAGCATGGGGAGCGAACAGG,100.000,1301302
Microbacteriaceae_30,gi|385881005|gb|JQ799984.1|,385881005,TACGTAGGGTGCAAGCGTTATCCGGAATTATTGGGCGTAAAGAGCTCGTAGGCGGTTTGTCGCGTCTGCTGTGAAAACTGGAGGCTCAACCTCCAGCCTGCAGTGGGTACGGGCAGACTAGAGTGCGGTAGGGGAGATTGGAATTCCTGGTGTAGCGGTGGAATGCGCAGATATCAGGAGGAACACCAATGGCGAAGGCAGATCTCTGGGCCGTAACTGACGCTGAGGAGCGAAAGCATGGGGAGCGAACAGG,100.000,1180281
Microbacteriaceae_30,gi|333409703|gb|HQ911237.1|,333409703,TACGTAGGGTGCAAGCGTTATCCGGAATTATTGGGCGTAAAGAGCTCGTAGGCGGTTTGTCGCGTCTGCTGTGAAAACTGGAGGCTCAACCTCCAGCCTGCAGTGGGTACGGGCAGACTAGAGTGCGGTAGGGGAGATTGGAATTCCTGGTGTAGCGGTGGAATGCGCAGATATCAGGAGGAACACCAATGGCGAAGGCAGATCTCTGGGCCGTAACTGACGCTGAGGAGCGAAAGCATGGGGAGCGAACAGG,100.000,77133
Microbacteriaceae_30,gi|326260710|gb|HQ256839.1|,326260710,TACGTAGGGTGCAAGCGTTATCCGGAATTATTGGGCGTAAAGAGCTCGTAGGCGGTTTGTCGCGTCTGCTGTGAAAACTGGAGGCTCAACCTCCAGCCTGCAGTGGGTACGGGCAGACTAGAGTGCGGTAGGGGAGATTGGAATTCCTGGTGTAGCGGTGGAATGCGCAGATATCAGGAGGAACACCAATGGCGAAGGCAGATCTCTGGGCCGTAACTGACGCTGAGGAGCGAAAGCATGGGGAGCGAACAGG,100.000,994577
Microbacteriaceae_30,gi|307597680|gb|HM357066.1|,307597680,TACGTAGGGTGCAAGCGTTATCCGGAATTATTGGGCGTAAAGAGCTCGTAGGCGGTTTGTCGCGTCTGCTGTGAAAACTGGAGGCTCAACCTCCAGCCTGCAGTGGGTACGGGCAGACTAGAGTGCGGTAGGGGAGATTGGAATTCCTGGTGTAGCGGTGGAATGCGCAGATATCAGGAGGAACACCAATGGCGAAGGCAGATCTCTGGGCCGTAACTGACGCTGAGGAGCGAAAGCATGGGGAGCGAACAGG,100.000,77133
Microbacteriaceae_30,gi|307597670|gb|HM357056.1|,307597670,TACGTAGGGTGCAAGCGTTATCCGGAATTATTGGGCGTAAAGAGCTCGTAGGCGGTTTGTCGCGTCTGCTGTGAAAACTGGAGGCTCAACCTCCAGCCTGCAGTGGGTACGGGCAGACTAGAGTGCGGTAGGGGAGATTGGAATTCCTGGTGTAGCGGTGGAATGCGCAGATATCAGGAGGAACACCAATGGCGAAGGCAGATCTCTGGGCCGTAACTGACGCTGAGGAGCGAAAGCATGGGGAGCGAACAGG,100.000,77133
Microbacteriaceae_30,gi|307597360|gb|HM356746.1|,307597360,TACGTAGGGTGCAAGCGTTATCCGGAATTATTGGGCGTAAAGAGCTCGTAGGCGGTTTGTCGCGTCTGCTGTGAAAACTGGAGGCTCAACCTCCAGCCTGCAGTGGGTACGGGCAGACTAGAGTGCGGTAGGGGAGATTGGAATTCCTGGTGTAGCGGTGGAATGCGCAGATATCAGGAGGAACACCAATGGCGAAGGCAGATCTCTGGGCCGTAACTGACGCTGAGGAGCGAAAGCATGGGGAGCGAACAGG,100.000,77133
Frondihabitans_42,gi|762218458|emb|LN774569.1|,762218458,TACGTAGGGTGCAAGCGTTGTCCGGAATTATTGGGCGTAAAGAGCTCGTAGGCGGTTTGTCGCGTCTGCTGTGAAATCTGGGGGCTCAACCCCCAGCCTGCAGTGGGTACGGGCAGACTAGAGTGCGGTAGGGGAGATTGGAATTCCTGGTGTAGCGGTGGAATGCGCAGATATCAGGAGGAACACCGATGGCGAAGGCAGATCTCTGGGCCGTAACTGACGCTGAGGAGCGAAAGCATGGGGAGCGAACAGG,100.000,145483
Frondihabitans_42,gi|762218154|emb|LN774445.1|,762218154,TACGTAGGGTGCAAGCGTTGTCCGGAATTATTGGGCGTAAAGAGCTCGTAGGCGGTTTGTCGCGTCTGCTGTGAAATCTGGGGGCTCAACCCCCAGCCTGCAGTGGGTACGGGCAGACTAGAGTGCGGTAGGGGAGATTGGAATTCCTGGTGTAGCGGTGGAATGCGCAGATATCAGGAGGAACACCGATGGCGAAGGCAGATCTCTGGGCCGTAACTGACGCTGAGGAGCGAAAGCATGGGGAGCGAACAGG,100.000,145483
Frondihabitans_42,gi|762217713|emb|LN774274.1|,762217713,TACGTAGGGTGCAAGCGTTGTCCGGAATTATTGGGCGTAAAGAGCTCGTAGGCGGTTTGTCGCGTCTGCTGTGAAATCTGGGGGCTCAACCCCCAGCCTGCAGTGGGTACGGGCAGACTAGAGTGCGGTAGGGGAGATTGGAATTCCTGGTGTAGCGGTGGAATGCGCAGATATCAGGAGGAACACCGATGGCGAAGGCAGATCTCTGGGCCGTAACTGACGCTGAGGAGCGAAAGCATGGGGAGCGAACAGG,100.000,145483
Frondihabitans_42,gi|762210327|emb|LN774179.1|,762210327,TACGTAGGGTGCAAGCGTTGTCCGGAATTATTGGGCGTAAAGAGCTCGTAGGCGGTTTGTCGCGTCTGCTGTGAAATCTGGGGGCTCAACCCCCAGCCTGCAGTGGGTACGGGCAGACTAGAGTGCGGTAGGGGAGATTGGAATTCCTGGTGTAGCGGTGGAATGCGCAGATATCAGGAGGAACACCGATGGCGAAGGCAGATCTCTGGGCCGTAACTGACGCTGAGGAGCGAAAGCATGGGGAGCGAACAGG,100.000,145483
Frondihabitans_42,gi|755223230|gb|KM891540.1|,755223230,TACGTAGGGTGCAAGCGTTGTCCGGAATTATTGGGCGTAAAGAGCTCGTAGGCGGTTTGTCGCGTCTGCTGTGAAATCTGGGGGCTCAACCCCCAGCCTGCAGTGGGTACGGGCAGACTAGAGTGCGGTAGGGGAGATTGGAATTCCTGGTGTAGCGGTGGAATGCGCAGATATCAGGAGGAACACCGATGGCGAAGGCAGATCTCTGGGCCGTAACTGACGCTGAGGAGCGAAAGCATGGGGAGCGAACAGG,100.000,145483
Frondihabitans_42,gi|747024364|gb|KM507236.1|,747024364,TACGTAGGGTGCAAGCGTTGTCCGGAATTATTGGGCGTAAAGAGCTCGTAGGCGGTTTGTCGCGTCTGCTGTGAAATCTGGGGGCTCAACCCCCAGCCTGCAGTGGGTACGGGCAGACTAGAGTGCGGTAGGGGAGATTGGAATTCCTGGTGTAGCGGTGGAATGCGCAGATATCAGGAGGAACACCGATGGCGAAGGCAGATCTCTGGGCCGTAACTGACGCTGAGGAGCGAAAGCATGGGGAGCGAACAGG,100.000,77133
Frondihabitans_42,gi|675806095|gb|KM403086.1|,675806095,TACGTAGGGTGCAAGCGTTGTCCGGAATTATTGGGCGTAAAGAGCTCGTAGGCGGTTTGTCGCGTCTGCTGTGAAATCTGGGGGCTCAACCCCCAGCCTGCAGTGGGTACGGGCAGACTAGAGTGCGGTAGGGGAGATTGGAATTCCTGGTGTAGCGGTGGAATGCGCAGATATCAGGAGGAACACCGATGGCGAAGGCAGATCTCTGGGCCGTAACTGACGCTGAGGAGCGAAAGCATGGGGAGCGAACAGG,100.000,335377
Frondihabitans_42,gi|674139149|gb|KM135135.1|,674139149,TACGTAGGGTGCAAGCGTTGTCCGGAATTATTGGGCGTAAAGAGCTCGTAGGCGGTTTGTCGCGTCTGCTGTGAAATCTGGGGGCTCAACCCCCAGCCTGCAGTGGGTACGGGCAGACTAGAGTGCGGTAGGGGAGATTGGAATTCCTGGTGTAGCGGTGGAATGCGCAGATATCAGGAGGAACACCGATGGCGAAGGCAGATCTCTGGGCCGTAACTGACGCTGAGGAGCGAAAGCATGGGGAGCGAACAGG,100.000,77133
Frondihabitans_42,gi|674130082|gb|KM131150.1|,674130082,TACGTAGGGTGCAAGCGTTGTCCGGAATTATTGGGCGTAAAGAGCTCGTAGGCGGTTTGTCGCGTCTGCTGTGAAATCTGGGGGCTCAACCCCCAGCCTGCAGTGGGTACGGGCAGACTAGAGTGCGGTAGGGGAGATTGGAATTCCTGGTGTAGCGGTGGAATGCGCAGATATCAGGAGGAACACCGATGGCGAAGGCAGATCTCTGGGCCGTAACTGACGCTGAGGAGCGAAAGCATGGGGAGCGAACAGG,100.000,77133
Frondihabitans_42,gi|674128853|gb|KM129921.1|,674128853,TACGTAGGGTGCAAGCGTTGTCCGGAATTATTGGGCGTAAAGAGCTCGTAGGCGGTTTGTCGCGTCTGCTGTGAAATCTGGGGGCTCAACCCCCAGCCTGCAGTGGGTACGGGCAGACTAGAGTGCGGTAGGGGAGATTGGAATTCCTGGTGTAGCGGTGGAATGCGCAGATATCAGGAGGAACACCGATGGCGAAGGCAGATCTCTGGGCCGTAACTGACGCTGAGGAGCGAAAGCATGGGGAGCGAACAGG,100.000,77133
Clavibacter_33,gi|762210324|emb|LN774178.1|,762210324,TACGTAGGGTGCAAGCGTTGTCCGGAATTATTGGGCGTAAAGAGCTCGTAGGCGGTTTGTCGCGTCTGCTGTGAAATCCCGAGGCTCAACCTCGGGTCTGCAGTGGGTACGGGCAGACTAGAGTGCGGTAGGGGAGATTGGAATTCCTGGTGTAGCGGTGGAATGCGCAGATATCAGGAGGAACACCGATGGCGAAGGCAGATCTCTGGGCCGTAACTGACGCTGAGGAGCGAAAGCATGGGGAGCGAACAGG,100.000,31964
Clavibacter_33,gi|656992582|gb|KF928887.1|,656992582,TACGTAGGGTGCAAGCGTTGTCCGGAATTATTGGGCGTAAAGAGCTCGTAGGCGGTTTGTCGCGTCTGCTGTGAAATCCCGAGGCTCAACCTCGGGTCTGCAGTGGGTACGGGCAGACTAGAGTGCGGTAGGGGAGATTGGAATTCCTGGTGTAGCGGTGGAATGCGCAGATATCAGGAGGAACACCGATGGCGAAGGCAGATCTCTGGGCCGTAACTGACGCTGAGGAGCGAAAGCATGGGGAGCGAACAGG,100.000,1502794
Clavibacter_33,gi|605098256|gb|KJ016157.1|,605098256,TACGTAGGGTGCAAGCGTTGTCCGGAATTATTGGGCGTAAAGAGCTCGTAGGCGGTTTGTCGCGTCTGCTGTGAAATCCCGAGGCTCAACCTCGGGTCTGCAGTGGGTACGGGCAGACTAGAGTGCGGTAGGGGAGATTGGAATTCCTGGTGTAGCGGTGGAATGCGCAGATATCAGGAGGAACACCGATGGCGAAGGCAGATCTCTGGGCCGTAACTGACGCTGAGGAGCGAAAGCATGGGGAGCGAACAGG,100.000,1480877
Clavibacter_33,gi|667630853|gb|KF663871.1|,667630853,TACGTAGGGTGCAAGCGTTGTCCGGAATTATTGGGCGTAAAGAGCTCGTAGGCGGTTTGTCGCGTCTGCTGTGAAATCCCGAGGCTCAACCTCGGGTCTGCAGTGGGTACGGGCAGACTAGAGTGCGGTAGGGGAGATTGGAATTCCTGGTGTAGCGGTGGAATGCGCAGATATCAGGAGGAACACCGATGGCGAAGGCAGATCTCTGGGCCGTAACTGACGCTGAGGAGCGAAAGCATGGGGAGCGAACAGG,100.000,1401995
Clavibacter_33,gi|524853334|gb|KF160592.1|,524853334,TACGTAGGGTGCAAGCGTTGTCCGGAATTATTGGGCGTAAAGAGCTCGTAGGCGGTTTGTCGCGTCTGCTGTGAAATCCCGAGGCTCAACCTCGGGTCTGCAGTGGGTACGGGCAGACTAGAGTGCGGTAGGGGAGATTGGAATTCCTGGTGTAGCGGTGGAATGCGCAGATATCAGGAGGAACACCGATGGCGAAGGCAGATCTCTGGGCCGTAACTGACGCTGAGGAGCGAAAGCATGGGGAGCGAACAGG,100.000,1358158
Clavibacter_33,gi|614713457|gb|KF793823.1|,614713457,TACGTAGGGTGCAAGCGTTGTCCGGAATTATTGGGCGTAAAGAGCTCGTAGGCGGTTTGTCGCGTCTGCTGTGAAATCCCGAGGCTCAACCTCGGGTCTGCAGTGGGTACGGGCAGACTAGAGTGCGGTAGGGGAGATTGGAATTCCTGGTGTAGCGGTGGAATGCGCAGATATCAGGAGGAACACCGATGGCGAAGGCAGATCTCTGGGCCGTAACTGACGCTGAGGAGCGAAAGCATGGGGAGCGAACAGG,100.000,28447
Clavibacter_33,gi|576095546|gb|KF805084.1|,576095546,TACGTAGGGTGCAAGCGTTGTCCGGAATTATTGGGCGTAAAGAGCTCGTAGGCGGTTTGTCGCGTCTGCTGTGAAATCCCGAGGCTCAACCTCGGGTCTGCAGTGGGTACGGGCAGACTAGAGTGCGGTAGGGGAGATTGGAATTCCTGGTGTAGCGGTGGAATGCGCAGATATCAGGAGGAACACCGATGGCGAAGGCAGATCTCTGGGCCGTAACTGACGCTGAGGAGCGAAAGCATGGGGAGCGAACAGG,100.000,1453026
Clavibacter_33,gi|569020899|gb|KF939130.1|,569020899,TACGTAGGGTGCAAGCGTTGTCCGGAATTATTGGGCGTAAAGAGCTCGTAGGCGGTTTGTCGCGTCTGCTGTGAAATCCCGAGGCTCAACCTCGGGTCTGCAGTGGGTACGGGCAGACTAGAGTGCGGTAGGGGAGATTGGAATTCCTGGTGTAGCGGTGGAATGCGCAGATATCAGGAGGAACACCGATGGCGAAGGCAGATCTCTGGGCCGTAACTGACGCTGAGGAGCGAAAGCATGGGGAGCGAACAGG,100.000,1441471
Clavibacter_33,gi|548937419|emb|HG423544.1|,548937419,TACGTAGGGTGCAAGCGTTGTCCGGAATTATTGGGCGTAAAGAGCTCGTAGGCGGTTTGTCGCGTCTGCTGTGAAATCCCGAGGCTCAACCTCGGGTCTGCAGTGGGTACGGGCAGACTAGAGTGCGGTAGGGGAGATTGGAATTCCTGGTGTAGCGGTGGAATGCGCAGATATCAGGAGGAACACCGATGGCGAAGGCAGATCTCTGGGCCGTAACTGACGCTGAGGAGCGAAAGCATGGGGAGCGAACAGG,100.000,1390159
Clavibacter_33,gi|529249886|emb|HG322901.1|,529249886,TACGTAGGGTGCAAGCGTTGTCCGGAATTATTGGGCGTAAAGAGCTCGTAGGCGGTTTGTCGCGTCTGCTGTGAAATCCCGAGGCTCAACCTCGGGTCTGCAGTGGGTACGGGCAGACTAGAGTGCGGTAGGGGAGATTGGAATTCCTGGTGTAGCGGTGGAATGCGCAGATATCAGGAGGAACACCGATGGCGAAGGCAGATCTCTGGGCCGTAACTGACGCTGAGGAGCGAAAGCATGGGGAGCGAACAGG,100.000,1351624
Pseudoclavibacter.helvolus_79,gi|762218059|emb|LN774404.1|,762218059,TACGTAGGGTGCAAGCGTTGTCCGGAATTATTGGGCGTAAAGAGCTCGTAGGCGGTTTGTCGCGTCTGCTGTGAAATCCCGAGGCTCAACCTCGGGTCTGCAGTGGGTACGGGCAGACTAGAGTGTGGTAGGGGAGATTGGAATTCCTGGTGTAGCGGTGGAATGCGCAGATATCAGGAGGAACACCGATGGCGAAGGCAGATCTCTGGGCCATTACTGACGCTGAGGAGCGAAAGCATGGGGAGCGAACAGG,100.000,255205
Pseudoclavibacter.helvolus_79,gi|747024385|gb|KM507257.1|,747024385,TACGTAGGGTGCAAGCGTTGTCCGGAATTATTGGGCGTAAAGAGCTCGTAGGCGGTTTGTCGCGTCTGCTGTGAAATCCCGAGGCTCAACCTCGGGTCTGCAGTGGGTACGGGCAGACTAGAGTGTGGTAGGGGAGATTGGAATTCCTGGTGTAGCGGTGGAATGCGCAGATATCAGGAGGAACACCGATGGCGAAGGCAGATCTCTGGGCCATTACTGACGCTGAGGAGCGAAAGCATGGGGAGCGAACAGG,100.000,77133
Pseudoclavibacter.helvolus_79,gi|702073254|emb|LN589848.1|,702073254,TACGTAGGGTGCAAGCGTTGTCCGGAATTATTGGGCGTAAAGAGCTCGTAGGCGGTTTGTCGCGTCTGCTGTGAAATCCCGAGGCTCAACCTCGGGTCTGCAGTGGGTACGGGCAGACTAGAGTGTGGTAGGGGAGATTGGAATTCCTGGTGTAGCGGTGGAATGCGCAGATATCAGGAGGAACACCGATGGCGAAGGCAGATCTCTGGGCCATTACTGACGCTGAGGAGCGAAAGCATGGGGAGCGAACAGG,100.000,255205
Pseudoclavibacter.helvolus_79,gi|699050283|gb|KM199858.1|,699050283,TACGTAGGGTGCAAGCGTTGTCCGGAATTATTGGGCGTAAAGAGCTCGTAGGCGGTTTGTCGCGTCTGCTGTGAAATCCCGAGGCTCAACCTCGGGTCTGCAGTGGGTACGGGCAGACTAGAGTGTGGTAGGGGAGATTGGAATTCCTGGTGTAGCGGTGGAATGCGCAGATATCAGGAGGAACACCGATGGCGAAGGCAGATCTCTGGGCCATTACTGACGCTGAGGAGCGAAAGCATGGGGAGCGAACAGG,100.000,1562105
Pseudoclavibacter.helvolus_79,gi|687670902|emb|LK391540.1|,687670902,TACGTAGGGTGCAAGCGTTGTCCGGAATTATTGGGCGTAAAGAGCTCGTAGGCGGTTTGTCGCGTCTGCTGTGAAATCCCGAGGCTCAACCTCGGGTCTGCAGTGGGTACGGGCAGACTAGAGTGTGGTAGGGGAGATTGGAATTCCTGGTGTAGCGGTGGAATGCGCAGATATCAGGAGGAACACCGATGGCGAAGGCAGATCTCTGGGCCATTACTGACGCTGAGGAGCGAAAGCATGGGGAGCGAACAGG,100.000,255205
Pseudoclavibacter.helvolus_79,gi|674654965|gb|KJ855302.1|,674654965,TACGTAGGGTGCAAGCGTTGTCCGGAATTATTGGGCGTAAAGAGCTCGTAGGCGGTTTGTCGCGTCTGCTGTGAAATCCCGAGGCTCAACCTCGGGTCTGCAGTGGGTACGGGCAGACTAGAGTGTGGTAGGGGAGATTGGAATTCCTGGTGTAGCGGTGGAATGCGCAGATATCAGGAGGAACACCGATGGCGAAGGCAGATCTCTGGGCCATTACTGACGCTGAGGAGCGAAAGCATGGGGAGCGAACAGG,100.000,1538415
Pseudoclavibacter.helvolus_79,gi|671186653|gb|KJ769174.1|,671186653,TACGTAGGGTGCAAGCGTTGTCCGGAATTATTGGGCGTAAAGAGCTCGTAGGCGGTTTGTCGCGTCTGCTGTGAAATCCCGAGGCTCAACCTCGGGTCTGCAGTGGGTACGGGCAGACTAGAGTGTGGTAGGGGAGATTGGAATTCCTGGTGTAGCGGTGGAATGCGCAGATATCAGGAGGAACACCGATGGCGAAGGCAGATCTCTGGGCCATTACTGACGCTGAGGAGCGAAAGCATGGGGAGCGAACAGG,100.000,1530195
Pseudoclavibacter.helvolus_79,gi|631782770|emb|HG942135.1|,631782770,TACGTAGGGTGCAAGCGTTGTCCGGAATTATTGGGCGTAAAGAGCTCGTAGGCGGTTTGTCGCGTCTGCTGTGAAATCCCGAGGCTCAACCTCGGGTCTGCAGTGGGTACGGGCAGACTAGAGTGTGGTAGGGGAGATTGGAATTCCTGGTGTAGCGGTGGAATGCGCAGATATCAGGAGGAACACCGATGGCGAAGGCAGATCTCTGGGCCATTACTGACGCTGAGGAGCGAAAGCATGGGGAGCGAACAGG,100.000,1472832
Pseudoclavibacter.helvolus_79,gi|485091067|gb|JQ977257.1|,485091067,TACGTAGGGTGCAAGCGTTGTCCGGAATTATTGGGCGTAAAGAGCTCGTAGGCGGTTTGTCGCGTCTGCTGTGAAATCCCGAGGCTCAACCTCGGGTCTGCAGTGGGTACGGGCAGACTAGAGTGTGGTAGGGGAGATTGGAATTCCTGGTGTAGCGGTGGAATGCGCAGATATCAGGAGGAACACCGATGGCGAAGGCAGATCTCTGGGCCATTACTGACGCTGAGGAGCGAAAGCATGGGGAGCGAACAGG,100.000,1327474
Pseudoclavibacter.helvolus_79,gi|413958037|emb|HF548387.1|,413958037,TACGTAGGGTGCAAGCGTTGTCCGGAATTATTGGGCGTAAAGAGCTCGTAGGCGGTTTGTCGCGTCTGCTGTGAAATCCCGAGGCTCAACCTCGGGTCTGCAGTGGGTACGGGCAGACTAGAGTGTGGTAGGGGAGATTGGAATTCCTGGTGTAGCGGTGGAATGCGCAGATATCAGGAGGAACACCGATGGCGAAGGCAGATCTCTGGGCCATTACTGACGCTGAGGAGCGAAAGCATGGGGAGCGAACAGG,100.000,1256713
Microbacteriaceae_73,gi|725096784|gb|KM253060.1|,725096784,TACGTAGGGTGCAAGCGTTGTCCGGAATTATTGGGCGTAAAGAGCTCGTAGGCGGTTTGTCGCGTCTGCTGTGAAAACTGGAGGCTCAACCTCCAGCCTGCAGTGGGTACGGGCAGACTAGAGTGCGGTAGGGGAGATTGGAATTCCTGGTGTAGCGGTGGAATGCGCAGATATCAGGAGGAACACCGATGGCGAAGGCAGATCTCTGGGCCGTAACTGACGCTGAGGAGCGAAAGCATGGGGAGCGAACAGG,100.000,1534025
Microbacteriaceae_73,gi|697247458|emb|LN562163.1|,697247458,TACGTAGGGTGCAAGCGTTGTCCGGAATTATTGGGCGTAAAGAGCTCGTAGGCGGTTTGTCGCGTCTGCTGTGAAAACTGGAGGCTCAACCTCCAGCCTGCAGTGGGTACGGGCAGACTAGAGTGCGGTAGGGGAGATTGGAATTCCTGGTGTAGCGGTGGAATGCGCAGATATCAGGAGGAACACCGATGGCGAAGGCAGATCTCTGGGCCGTAACTGACGCTGAGGAGCGAAAGCATGGGGAGCGAACAGG,100.000,77133
Microbacteriaceae_73,gi|675396960|gb|KJ792858.1|,675396960,TACGTAGGGTGCAAGCGTTGTCCGGAATTATTGGGCGTAAAGAGCTCGTAGGCGGTTTGTCGCGTCTGCTGTGAAAACTGGAGGCTCAACCTCCAGCCTGCAGTGGGTACGGGCAGACTAGAGTGCGGTAGGGGAGATTGGAATTCCTGGTGTAGCGGTGGAATGCGCAGATATCAGGAGGAACACCGATGGCGAAGGCAGATCTCTGGGCCGTAACTGACGCTGAGGAGCGAAAGCATGGGGAGCGAACAGG,100.000,1497587
Microbacteriaceae_73,gi|649471455|gb|KJ417595.1|,649471455,TACGTAGGGTGCAAGCGTTGTCCGGAATTATTGGGCGTAAAGAGCTCGTAGGCGGTTTGTCGCGTCTGCTGTGAAAACTGGAGGCTCAACCTCCAGCCTGCAGTGGGTACGGGCAGACTAGAGTGCGGTAGGGGAGATTGGAATTCCTGGTGTAGCGGTGGAATGCGCAGATATCAGGAGGAACACCGATGGCGAAGGCAGATCTCTGGGCCGTAACTGACGCTGAGGAGCGAAAGCATGGGGAGCGAACAGG,100.000,77133
Microbacteriaceae_73,gi|674126251|gb|KM127319.1|,674126251,TACGTAGGGTGCAAGCGTTGTCCGGAATTATTGGGCGTAAAGAGCTCGTAGGCGGTTTGTCGCGTCTGCTGTGAAAACTGGAGGCTCAACCTCCAGCCTGCAGTGGGTACGGGCAGACTAGAGTGCGGTAGGGGAGATTGGAATTCCTGGTGTAGCGGTGGAATGCGCAGATATCAGGAGGAACACCGATGGCGAAGGCAGATCTCTGGGCCGTAACTGACGCTGAGGAGCGAAAGCATGGGGAGCGAACAGG,100.000,77133
Microbacteriaceae_73,gi|631782722|emb|HG942087.1|,631782722,TACGTAGGGTGCAAGCGTTGTCCGGAATTATTGGGCGTAAAGAGCTCGTAGGCGGTTTGTCGCGTCTGCTGTGAAAACTGGAGGCTCAACCTCCAGCCTGCAGTGGGTACGGGCAGACTAGAGTGCGGTAGGGGAGATTGGAATTCCTGGTGTAGCGGTGGAATGCGCAGATATCAGGAGGAACACCGATGGCGAAGGCAGATCTCTGGGCCGTAACTGACGCTGAGGAGCGAAAGCATGGGGAGCGAACAGG,100.000,1472784
Microbacteriaceae_73,gi|584297465|gb|KF881977.1|,584297465,TACGTAGGGTGCAAGCGTTGTCCGGAATTATTGGGCGTAAAGAGCTCGTAGGCGGTTTGTCGCGTCTGCTGTGAAAACTGGAGGCTCAACCTCCAGCCTGCAGTGGGTACGGGCAGACTAGAGTGCGGTAGGGGAGATTGGAATTCCTGGTGTAGCGGTGGAATGCGCAGATATCAGGAGGAACACCGATGGCGAAGGCAGATCTCTGGGCCGTAACTGACGCTGAGGAGCGAAAGCATGGGGAGCGAACAGG,100.000,1460276
Microbacteriaceae_73,gi|451991391|gb|JX104074.1|,451991391,TACGTAGGGTGCAAGCGTTGTCCGGAATTATTGGGCGTAAAGAGCTCGTAGGCGGTTTGTCGCGTCTGCTGTGAAAACTGGAGGCTCAACCTCCAGCCTGCAGTGGGTACGGGCAGACTAGAGTGCGGTAGGGGAGATTGGAATTCCTGGTGTAGCGGTGGAATGCGCAGATATCAGGAGGAACACCGATGGCGAAGGCAGATCTCTGGGCCGTAACTGACGCTGAGGAGCGAAAGCATGGGGAGCGAACAGG,100.000,239729
Microbacteriaceae_73,gi|485091171|gb|JQ977360.1|,485091171,TACGTAGGGTGCAAGCGTTGTCCGGAATTATTGGGCGTAAAGAGCTCGTAGGCGGTTTGTCGCGTCTGCTGTGAAAACTGGAGGCTCAACCTCCAGCCTGCAGTGGGTACGGGCAGACTAGAGTGCGGTAGGGGAGATTGGAATTCCTGGTGTAGCGGTGGAATGCGCAGATATCAGGAGGAACACCGATGGCGAAGGCAGATCTCTGGGCCGTAACTGACGCTGAGGAGCGAAAGCATGGGGAGCGAACAGG,100.000,1327356
Microbacteriaceae_73,gi|485090971|gb|JQ977162.1|,485090971,TACGTAGGGTGCAAGCGTTGTCCGGAATTATTGGGCGTAAAGAGCTCGTAGGCGGTTTGTCGCGTCTGCTGTGAAAACTGGAGGCTCAACCTCCAGCCTGCAGTGGGTACGGGCAGACTAGAGTGCGGTAGGGGAGATTGGAATTCCTGGTGTAGCGGTGGAATGCGCAGATATCAGGAGGAACACCGATGGCGAAGGCAGATCTCTGGGCCGTAACTGACGCTGAGGAGCGAAAGCATGGGGAGCGAACAGG,100.000,1327698
Microbacteriaceae_341,gi|387911707|emb|HE814797.2|,387911707,TACGTAGGGTGCAAGCGTTGTCCGGAATTATTGGGCGTAAAGAGCTCGTAGGCGGTTTGTCGCGTCTGCTGTGAAAACCCGAGGCTCAACCTCGGGCCTGCAGTGGGTACGGGCAGACTAGAGTGCGGTAGGGGAGATTGGAATTCCTGGTGTAGCGGTGGAATGCGCAGATATCAGGAGGAACACCGATGGCGAAGGCAGATCTCTGGGCCGTTACTGACGCTGAGGAGCGAAAGCATGGGGAGCGAACAGG,100.000,1190390
Microbacteriaceae_341,gi|189231273|emb|FM161352.1|,189231273,TACGTAGGGTGCAAGCGTTGTCCGGAATTATTGGGCGTAAAGAGCTCGTAGGCGGTTTGTCGCGTCTGCTGTGAAAACCCGAGGCTCAACCTCGGGCCTGCAGTGGGTACGGGCAGACTAGAGTGCGGTAGGGGAGATTGGAATTCCTGGTGTAGCGGTGGAATGCGCAGATATCAGGAGGAACACCGATGGCGAAGGCAGATCTCTGGGCCGTTACTGACGCTGAGGAGCGAAAGCATGGGGAGCGAACAGG,100.000,530759
Microbacteriaceae_341,gi|159143793|gb|EU218862.1|,159143793,TACGTAGGGTGCAAGCGTTGTCCGGAATTATTGGGCGTAAAGAGCTCGTAGGCGGTTTGTCGCGTCTGCTGTGAAAACCCGAGGCTCAACCTCGGGCCTGCAGTGGGTACGGGCAGACTAGAGTGCGGTAGGGGAGATTGGAATTCCTGGTGTAGCGGTGGAATGCGCAGATATCAGGAGGAACACCGATGGCGAAGGCAGATCTCTGGGCCGTTACTGACGCTGAGGAGCGAAAGCATGGGGAGCGAACAGG,100.000,165435
Microbacteriaceae_341,gi|765490261|gb|KP259799.1|,765490261,TACGTAGGGTGCAAGCGTTGTCCGGAATTATTGGGCGTAAAGAGCTCGTAGGCGGTTTGTCGCGTCTGCTGTGAAAACCCGAGGCTCAACCTCGGGCCTGCAGTGGGTACGGGCAGACTAGAGTGCGGTAGGGGAGATTGGAATTCCTGGTGTAGCGGTGGAATGCGCAGATATCAGGAGGAACACCGATGGCGAAGGCAGATCTCTGGGCCGTAACTGACGCTGAGGAGCGAAAGCATGGGGAGCGAACAGG,99.605,1617653
Microbacteriaceae_341,gi|765490256|gb|KP259798.1|,765490256,TACGTAGGGTGCAAGCGTTGTCCGGAATTATTGGGCGTAAAGAGCTCGTAGGCGGTTTGTCGCGTCTGCTGTGAAAACCCGAGGCTCAACCTCGGGCCTGCAGTGGGTACGGGCAGACTAGAGTGCGGTAGGGGAGATTGGAATTCCTGGTGTAGCGGTGGAATGCGCAGATATCAGGAGGAACACCGATGGCGAAGGCAGATCTCTGGGCCGTAACTGACGCTGAGGAGCGAAAGCATGGGGAGCGAACAGG,99.605,1617687
Microbacteriaceae_341,gi|765490251|gb|KP259797.1|,765490251,TACGTAGGGTGCAAGCGTTGTCCGGAATTATTGGGCGTAAAGAGCTCGTAGGCGGTTTGTCGCGTCTGCTGTGAAAACCCGAGGCTCAACCTCGGGCCTGCAGTGGGTACGGGCAGACTAGAGTGCGGTAGGGGAGATTGGAATTCCTGGTGTAGCGGTGGAATGCGCAGATATCAGGAGGAACACCGATGGCGAAGGCAGATCTCTGGGCCGTAACTGACGCTGAGGAGCGAAAGCATGGGGAGCGAACAGG,99.605,1617688
Microbacteriaceae_341,gi|765490250|gb|KP259796.1|,765490250,TACGTAGGGTGCAAGCGTTGTCCGGAATTATTGGGCGTAAAGAGCTCGTAGGCGGTTTGTCGCGTCTGCTGTGAAAACCCGAGGCTCAACCTCGGGCCTGCAGTGGGTACGGGCAGACTAGAGTGCGGTAGGGGAGATTGGAATTCCTGGTGTAGCGGTGGAATGCGCAGATATCAGGAGGAACACCGATGGCGAAGGCAGATCTCTGGGCCGTAACTGACGCTGAGGAGCGAAAGCATGGGGAGCGAACAGG,99.605,1617659
Microbacteriaceae_341,gi|728055815|gb|KM461973.1|,728055815,TACGTAGGGTGCAAGCGTTGTCCGGAATTATTGGGCGTAAAGAGCTCGTAGGCGGTTTGTCGCGTCTGCTGTGAAAACCCGAGGCTCAACCTCGGGCCTGCAGTGGGTACGGGCAGACTAGAGTGCGGTAGGGGAGATTGGAATTCCTGGTGTAGCGGTGGAATGCGCAGATATCAGGAGGAACACCGATGGCGAAGGCAGATCTCTGGGCCGTAACTGACGCTGAGGAGCGAAAGCATGGGGAGCGAACAGG,99.605,1577397
Microbacteriaceae_341,gi|725826911|gb|KM456061.1|,725826911,TACGTAGGGTGCAAGCGTTGTCCGGAATTATTGGGCGTAAAGAGCTCGTAGGCGGTTTGTCGCGTCTGCTGTGAAAACCCGAGGCTCAACCTCGGGCCTGCAGTGGGTACGGGCAGACTAGAGTGCGGTAGGGGAGATTGGAATTCCTGGTGTAGCGGTGGAATGCGCAGATATCAGGAGGAACACCGATGGCGAAGGCAGATCTCTGGGCCGTAACTGACGCTGAGGAGCGAAAGCATGGGGAGCGAACAGG,99.605,77133
Microbacteriaceae_341,gi|697275166|emb|LN567722.1|,697275166,TACGTAGGGTGCAAGCGTTGTCCGGAATTATTGGGCGTAAAGAGCTCGTAGGCGGTTTGTCGCGTCTGCTGTGAAAACCCGAGGCTCAACCTCGGGCCTGCAGTGGGTACGGGCAGACTAGAGTGCGGTAGGGGAGATTGGAATTCCTGGTGTAGCGGTGGAATGCGCAGATATCAGGAGGAACACCGATGGCGAAGGCAGATCTCTGGGCCGTAACTGACGCTGAGGAGCGAAAGCATGGGGAGCGAACAGG,99.605,77133
Rathayibacter_253,gi|762218825|emb|LN774722.1|,762218825,TACGTAGGGTGCAAGCGTTGTCCGGAATTATTGGGCGTAAAGAGCTCGTAGGCGGTTTGTCGCGTCTGCTGTGAAAACCCGAGGCTCAACCTCGGGCCTGCAGTGGGTACGGGCAGACTAGAGTGCGGTAGGGGAGAATGGAATTCCTGGTGTAGCGGTGGAATGCGCAGATATCAGGAGGAACACCGATGGCGAAGGCAGTTCTCTGGGCCGTTACTGACGCTGAGGAGCGAAAGCGTGGGGAGCGAACAGG,100.000,110936
Rathayibacter_253,gi|762217788|emb|LN774305.1|,762217788,TACGTAGGGTGCAAGCGTTGTCCGGAATTATTGGGCGTAAAGAGCTCGTAGGCGGTTTGTCGCGTCTGCTGTGAAAACCCGAGGCTCAACCTCGGGCCTGCAGTGGGTACGGGCAGACTAGAGTGCGGTAGGGGAGAATGGAATTCCTGGTGTAGCGGTGGAATGCGCAGATATCAGGAGGAACACCGATGGCGAAGGCAGTTCTCTGGGCCGTTACTGACGCTGAGGAGCGAAAGCGTGGGGAGCGAACAGG,100.000,110937
Rathayibacter_253,gi|762210492|emb|LN774244.1|,762210492,TACGTAGGGTGCAAGCGTTGTCCGGAATTATTGGGCGTAAAGAGCTCGTAGGCGGTTTGTCGCGTCTGCTGTGAAAACCCGAGGCTCAACCTCGGGCCTGCAGTGGGTACGGGCAGACTAGAGTGCGGTAGGGGAGAATGGAATTCCTGGTGTAGCGGTGGAATGCGCAGATATCAGGAGGAACACCGATGGCGAAGGCAGTTCTCTGGGCCGTTACTGACGCTGAGGAGCGAAAGCGTGGGGAGCGAACAGG,100.000,33888
Rathayibacter_253,gi|762210329|emb|LN774180.1|,762210329,TACGTAGGGTGCAAGCGTTGTCCGGAATTATTGGGCGTAAAGAGCTCGTAGGCGGTTTGTCGCGTCTGCTGTGAAAACCCGAGGCTCAACCTCGGGCCTGCAGTGGGTACGGGCAGACTAGAGTGCGGTAGGGGAGAATGGAATTCCTGGTGTAGCGGTGGAATGCGCAGATATCAGGAGGAACACCGATGGCGAAGGCAGTTCTCTGGGCCGTTACTGACGCTGAGGAGCGAAAGCGTGGGGAGCGAACAGG,100.000,110937
Rathayibacter_253,gi|762210292|emb|LN774165.1|,762210292,TACGTAGGGTGCAAGCGTTGTCCGGAATTATTGGGCGTAAAGAGCTCGTAGGCGGTTTGTCGCGTCTGCTGTGAAAACCCGAGGCTCAACCTCGGGCCTGCAGTGGGTACGGGCAGACTAGAGTGCGGTAGGGGAGAATGGAATTCCTGGTGTAGCGGTGGAATGCGCAGATATCAGGAGGAACACCGATGGCGAAGGCAGTTCTCTGGGCCGTTACTGACGCTGAGGAGCGAAAGCGTGGGGAGCGAACAGG,100.000,110937
Rathayibacter_253,gi|542215056|gb|KF441602.1|,542215056,TACGTAGGGTGCAAGCGTTGTCCGGAATTATTGGGCGTAAAGAGCTCGTAGGCGGTTTGTCGCGTCTGCTGTGAAAACCCGAGGCTCAACCTCGGGCCTGCAGTGGGTACGGGCAGACTAGAGTGCGGTAGGGGAGAATGGAATTCCTGGTGTAGCGGTGGAATGCGCAGATATCAGGAGGAACACCGATGGCGAAGGCAGTTCTCTGGGCCGTTACTGACGCTGAGGAGCGAAAGCGTGGGGAGCGAACAGG,100.000,1391346
Rathayibacter_253,gi|643396365|gb|KF076103.1|,643396365,TACGTAGGGTGCAAGCGTTGTCCGGAATTATTGGGCGTAAAGAGCTCGTAGGCGGTTTGTCGCGTCTGCTGTGAAAACCCGAGGCTCAACCTCGGGCCTGCAGTGGGTACGGGCAGACTAGAGTGCGGTAGGGGAGAATGGAATTCCTGGTGTAGCGGTGGAATGCGCAGATATCAGGAGGAACACCGATGGCGAAGGCAGTTCTCTGGGCCGTTACTGACGCTGAGGAGCGAAAGCGTGGGGAGCGAACAGG,100.000,77133
Rathayibacter_253,gi|588494012|gb|KF939290.1|,588494012,TACGTAGGGTGCAAGCGTTGTCCGGAATTATTGGGCGTAAAGAGCTCGTAGGCGGTTTGTCGCGTCTGCTGTGAAAACCCGAGGCTCAACCTCGGGCCTGCAGTGGGTACGGGCAGACTAGAGTGCGGTAGGGGAGAATGGAATTCCTGGTGTAGCGGTGGAATGCGCAGATATCAGGAGGAACACCGATGGCGAAGGCAGTTCTCTGGGCCGTTACTGACGCTGAGGAGCGAAAGCGTGGGGAGCGAACAGG,100.000,400049
Rathayibacter_253,gi|588493991|gb|KF939269.1|,588493991,TACGTAGGGTGCAAGCGTTGTCCGGAATTATTGGGCGTAAAGAGCTCGTAGGCGGTTTGTCGCGTCTGCTGTGAAAACCCGAGGCTCAACCTCGGGCCTGCAGTGGGTACGGGCAGACTAGAGTGCGGTAGGGGAGAATGGAATTCCTGGTGTAGCGGTGGAATGCGCAGATATCAGGAGGAACACCGATGGCGAAGGCAGTTCTCTGGGCCGTTACTGACGCTGAGGAGCGAAAGCGTGGGGAGCGAACAGG,100.000,1468350
Rathayibacter_253,gi|540368211|gb|KF551106.1|,540368211,TACGTAGGGTGCAAGCGTTGTCCGGAATTATTGGGCGTAAAGAGCTCGTAGGCGGTTTGTCGCGTCTGCTGTGAAAACCCGAGGCTCAACCTCGGGCCTGCAGTGGGTACGGGCAGACTAGAGTGCGGTAGGGGAGAATGGAATTCCTGGTGTAGCGGTGGAATGCGCAGATATCAGGAGGAACACCGATGGCGAAGGCAGTTCTCTGGGCCGTTACTGACGCTGAGGAGCGAAAGCGTGGGGAGCGAACAGG,100.000,1395939
Microbacteriaceae_617,gi|472054455|gb|KC632764.1|,472054455,TACGTAGGGCGCAAGCGTTGTCCGGAATTATTGGGCGTAAAGAGCTCGTAGGCGGTCTGTCGCGTCTGCTGTGAAATCCCGAGGCTCAACCTCGGGCTTGCAGTGGGTACGGGCAGACTAGAGTGCGGTAGGGGAGAATGGAATTCCTGGTGTAGCGGTGGAATGCGCAGATATCAGGAGGAACACCGATGGCGAAGGCAGTTCTCTGGGCCGTAACTGACGCTGAGGAGCGAAAGCGTGGGGAGCGAACAGG,100.000,77133
Microbacteriaceae_617,gi|297345466|gb|HM079012.1|,297345466,TACGTAGGGCGCAAGCGTTGTCCGGAATTATTGGGCGTAAAGAGCTCGTAGGCGGTCTGTCGCGTCTGCTGTGAAATCCCGAGGCTCAACCTCGGGCTTGCAGTGGGTACGGGCAGACTAGAGTGCGGTAGGGGAGAATGGAATTCCTGGTGTAGCGGTGGAATGCGCAGATATCAGGAGGAACACCGATGGCGAAGGCAGTTCTCTGGGCCGTAACTGACGCTGAGGAGCGAAAGCGTGGGGAGCGAACAGG,100.000,239730
Microbacteriaceae_617,gi|297348042|gb|HM081588.1|,297348042,TACGTAGGGCGCAAGCGTTGTCCGGAATTATTGGGCGTAAAGAGCTCGTAGGCGGTCTGTCGCGTCTGCTGTGAAATCCCGAGGCTCAACCTCGGGCTTGCAGTGGGTACGGGCAGACTAGAGTGCGGTAGGGGAGAATGGAATTCCTGGTGTAGCGGTGGAATGCGCAGATATCAGGAGGAACACCGATGGCGAAGGCAGTTCTCTGGGCCGTAACTGACGCTGAGGAGCGAAAGCGTGGGGAGCGAACAGG,100.000,239730
Microbacteriaceae_617,gi|297345491|gb|HM079037.1|,297345491,TACGTAGGGCGCAAGCGTTGTCCGGAATTATTGGGCGTAAAGAGCTCGTAGGCGGTCTGTCGCGTCTGCTGTGAAATCCCGAGGCTCAACCTCGGGCTTGCAGTGGGTACGGGCAGACTAGAGTGCGGTAGGGGAGAATGGAATTCCTGGTGTAGCGGTGGAATGCGCAGATATCAGGAGGAACACCGATGGCGAAGGCAGTTCTCTGGGCCGTAACTGACGCTGAGGAGCGAAAGCGTGGGGAGCGAACAGG,100.000,239730
Microbacteriaceae_617,gi|297345467|gb|HM079013.1|,297345467,TACGTAGGGCGCAAGCGTTGTCCGGAATTATTGGGCGTAAAGAGCTCGTAGGCGGTCTGTCGCGTCTGCTGTGAAATCCCGAGGCTCAACCTCGGGCTTGCAGTGGGTACGGGCAGACTAGAGTGCGGTAGGGGAGAATGGAATTCCTGGTGTAGCGGTGGAATGCGCAGATATCAGGAGGAACACCGATGGCGAAGGCAGTTCTCTGGGCCGTAACTGACGCTGAGGAGCGAAAGCGTGGGGAGCGAACAGG,100.000,239730
Microbacteriaceae_617,gi|295702158|gb|GU235933.1|,295702158,TACGTAGGGCGCAAGCGTTGTCCGGAATTATTGGGCGTAAAGAGCTCGTAGGCGGTCTGTCGCGTCTGCTGTGAAATCCCGAGGCTCAACCTCGGGCTTGCAGTGGGTACGGGCAGACTAGAGTGCGGTAGGGGAGAATGGAATTCCTGGTGTAGCGGTGGAATGCGCAGATATCAGGAGGAACACCGATGGCGAAGGCAGTTCTCTGGGCCGTAACTGACGCTGAGGAGCGAAAGCGTGGGGAGCGAACAGG,100.000,77133
Microbacteriaceae_617,gi|295702144|gb|GU235917.1|,295702144,TACGTAGGGCGCAAGCGTTGTCCGGAATTATTGGGCGTAAAGAGCTCGTAGGCGGTCTGTCGCGTCTGCTGTGAAATCCCGAGGCTCAACCTCGGGCTTGCAGTGGGTACGGGCAGACTAGAGTGCGGTAGGGGAGAATGGAATTCCTGGTGTAGCGGTGGAATGCGCAGATATCAGGAGGAACACCGATGGCGAAGGCAGTTCTCTGGGCCGTAACTGACGCTGAGGAGCGAAAGCGTGGGGAGCGAACAGG,100.000,77133
Microbacteriaceae_617,gi|238305345|gb|GQ069168.1|,238305345,TACGTAGGGCGCAAGCGTTGTCCGGAATTATTGGGCGTAAAGAGCTCGTAGGCGGTCTGTCGCGTCTGCTGTGAAATCCCGAGGCTCAACCTCGGGCTTGCAGTGGGTACGGGCAGACTAGAGTGCGGTAGGGGAGAATGGAATTCCTGGTGTAGCGGTGGAATGCGCAGATATCAGGAGGAACACCGATGGCGAAGGCAGTTCTCTGGGCCGTAACTGACGCTGAGGAGCGAAAGCGTGGGGAGCGAACAGG,100.000,77133
Microbacteriaceae_617,gi|227938842|gb|FJ893862.1|,227938842,TACGTAGGGCGCAAGCGTTGTCCGGAATTATTGGGCGTAAAGAGCTCGTAGGCGGTCTGTCGCGTCTGCTGTGAAATCCCGAGGCTCAACCTCGGGCTTGCAGTGGGTACGGGCAGACTAGAGTGCGGTAGGGGAGAATGGAATTCCTGGTGTAGCGGTGGAATGCGCAGATATCAGGAGGAACACCGATGGCGAAGGCAGTTCTCTGGGCCGTAACTGACGCTGAGGAGCGAAAGCGTGGGGAGCGAACAGG,100.000,77133
Microbacteriaceae_617,gi|227938763|gb|FJ893783.1|,227938763,TACGTAGGGCGCAAGCGTTGTCCGGAATTATTGGGCGTAAAGAGCTCGTAGGCGGTCTGTCGCGTCTGCTGTGAAATCCCGAGGCTCAACCTCGGGCTTGCAGTGGGTACGGGCAGACTAGAGTGCGGTAGGGGAGAATGGAATTCCTGGTGTAGCGGTGGAATGCGCAGATATCAGGAGGAACACCGATGGCGAAGGCAGTTCTCTGGGCCGTAACTGACGCTGAGGAGCGAAAGCGTGGGGAGCGAACAGG,100.000,77133
Marisediminicola_553,gi|605098344|gb|KJ016201.1|,605098344,TACGTAGGGTGCAAGCGTTGTCCGGAATTATTGGGCGTAAAGAGCTCGTAGGCGGTTTGTCGCGTCTGCTGTGAAATCCGGAGGCTCAACCTCCGGCCTGCAGTGGGTACGGGCAGACTAGAGTGCGGTAGGGGAGATTGGAATTCCTGGTGTAGCGGTGGAATGCGCAGATATCAGGAGGAACACCGATGGCGAAGGCAGATCTCTGGGCCGTAACTGACGCTGAGGAGCGAAAGCATGGGGAGCGAACAGG,100.000,1481086
Marisediminicola_553,gi|735860293|gb|KM924549.1|,735860293,TACGTAGGGTGCAAGCGTTGTCCGGAATTATTGGGCGTAAAGAGCTCGTAGGCGGTTTGTCGCGTCTGCTGTGAAATCCGGAGGCTCAACCTCCGGCCTGCAGTGGGTACGGGCAGACTAGAGTGCGGTAGGGGAGATTGGAATTCCTGGTGTAGCGGTGGAATGCGCAGATATCAGGAGGAACACCGATGGCGAAGGCAGATCTCTGGGCCGTAACTGACGCTGAGGAGCGAAAGCATGGGGAGCGAACAGG,100.000,1588641
Marisediminicola_553,gi|674159773|gb|KM152985.1|,674159773,TACGTAGGGTGCAAGCGTTGTCCGGAATTATTGGGCGTAAAGAGCTCGTAGGCGGTTTGTCGCGTCTGCTGTGAAATCCGGAGGCTCAACCTCCGGCCTGCAGTGGGTACGGGCAGACTAGAGTGCGGTAGGGGAGATTGGAATTCCTGGTGTAGCGGTGGAATGCGCAGATATCAGGAGGAACACCGATGGCGAAGGCAGATCTCTGGGCCGTAACTGACGCTGAGGAGCGAAAGCATGGGGAGCGAACAGG,100.000,77133
Marisediminicola_553,gi|674140925|gb|KM136911.1|,674140925,TACGTAGGGTGCAAGCGTTGTCCGGAATTATTGGGCGTAAAGAGCTCGTAGGCGGTTTGTCGCGTCTGCTGTGAAATCCGGAGGCTCAACCTCCGGCCTGCAGTGGGTACGGGCAGACTAGAGTGCGGTAGGGGAGATTGGAATTCCTGGTGTAGCGGTGGAATGCGCAGATATCAGGAGGAACACCGATGGCGAAGGCAGATCTCTGGGCCGTAACTGACGCTGAGGAGCGAAAGCATGGGGAGCGAACAGG,100.000,77133
Marisediminicola_553,gi|674140847|gb|KM136833.1|,674140847,TACGTAGGGTGCAAGCGTTGTCCGGAATTATTGGGCGTAAAGAGCTCGTAGGCGGTTTGTCGCGTCTGCTGTGAAATCCGGAGGCTCAACCTCCGGCCTGCAGTGGGTACGGGCAGACTAGAGTGCGGTAGGGGAGATTGGAATTCCTGGTGTAGCGGTGGAATGCGCAGATATCAGGAGGAACACCGATGGCGAAGGCAGATCTCTGGGCCGTAACTGACGCTGAGGAGCGAAAGCATGGGGAGCGAACAGG,100.000,77133
Marisediminicola_553,gi|674140072|gb|KM136058.1|,674140072,TACGTAGGGTGCAAGCGTTGTCCGGAATTATTGGGCGTAAAGAGCTCGTAGGCGGTTTGTCGCGTCTGCTGTGAAATCCGGAGGCTCAACCTCCGGCCTGCAGTGGGTACGGGCAGACTAGAGTGCGGTAGGGGAGATTGGAATTCCTGGTGTAGCGGTGGAATGCGCAGATATCAGGAGGAACACCGATGGCGAAGGCAGATCTCTGGGCCGTAACTGACGCTGAGGAGCGAAAGCATGGGGAGCGAACAGG,100.000,77133
Marisediminicola_553,gi|674140013|gb|KM135999.1|,674140013,TACGTAGGGTGCAAGCGTTGTCCGGAATTATTGGGCGTAAAGAGCTCGTAGGCGGTTTGTCGCGTCTGCTGTGAAATCCGGAGGCTCAACCTCCGGCCTGCAGTGGGTACGGGCAGACTAGAGTGCGGTAGGGGAGATTGGAATTCCTGGTGTAGCGGTGGAATGCGCAGATATCAGGAGGAACACCGATGGCGAAGGCAGATCTCTGGGCCGTAACTGACGCTGAGGAGCGAAAGCATGGGGAGCGAACAGG,100.000,77133
Marisediminicola_553,gi|674139908|gb|KM135894.1|,674139908,TACGTAGGGTGCAAGCGTTGTCCGGAATTATTGGGCGTAAAGAGCTCGTAGGCGGTTTGTCGCGTCTGCTGTGAAATCCGGAGGCTCAACCTCCGGCCTGCAGTGGGTACGGGCAGACTAGAGTGCGGTAGGGGAGATTGGAATTCCTGGTGTAGCGGTGGAATGCGCAGATATCAGGAGGAACACCGATGGCGAAGGCAGATCTCTGGGCCGTAACTGACGCTGAGGAGCGAAAGCATGGGGAGCGAACAGG,100.000,77133
Marisediminicola_553,gi|674139832|gb|KM135818.1|,674139832,TACGTAGGGTGCAAGCGTTGTCCGGAATTATTGGGCGTAAAGAGCTCGTAGGCGGTTTGTCGCGTCTGCTGTGAAATCCGGAGGCTCAACCTCCGGCCTGCAGTGGGTACGGGCAGACTAGAGTGCGGTAGGGGAGATTGGAATTCCTGGTGTAGCGGTGGAATGCGCAGATATCAGGAGGAACACCGATGGCGAAGGCAGATCTCTGGGCCGTAACTGACGCTGAGGAGCGAAAGCATGGGGAGCGAACAGG,100.000,77133
Marisediminicola_553,gi|674139645|gb|KM135631.1|,674139645,TACGTAGGGTGCAAGCGTTGTCCGGAATTATTGGGCGTAAAGAGCTCGTAGGCGGTTTGTCGCGTCTGCTGTGAAATCCGGAGGCTCAACCTCCGGCCTGCAGTGGGTACGGGCAGACTAGAGTGCGGTAGGGGAGATTGGAATTCCTGGTGTAGCGGTGGAATGCGCAGATATCAGGAGGAACACCGATGGCGAAGGCAGATCTCTGGGCCGTAACTGACGCTGAGGAGCGAAAGCATGGGGAGCGAACAGG,100.000,77133
Cryobacterium_281,gi|691425020|gb|KM052409.1|,691425020,TACGTAGGGTGCAAGCGTTGTCCGGAATTATTGGGCGTAAAGAGCTCGTAGGCGGTTTGTCGCGTCTGCTGTGAAAACCCGAGGCTCAACCTCGGGCCTGCAGTGGGTACGGGCAGACTAGAGTGCGGTAGGGGAGATTGGAATTCCTGGTGTAGCGGTGGAATGCGCAGATATCAGGAGGAACACCAATGGCGAAGGCAGATCTCTGGGCCGTAACTGACGCTGAGGAGCGAAAGCATGGGGAGCGAACAGG,100.000,337802
Cryobacterium_281,gi|674197830|gb|KM182036.1|,674197830,TACGTAGGGTGCAAGCGTTGTCCGGAATTATTGGGCGTAAAGAGCTCGTAGGCGGTTTGTCGCGTCTGCTGTGAAAACCCGAGGCTCAACCTCGGGCCTGCAGTGGGTACGGGCAGACTAGAGTGCGGTAGGGGAGATTGGAATTCCTGGTGTAGCGGTGGAATGCGCAGATATCAGGAGGAACACCAATGGCGAAGGCAGATCTCTGGGCCGTAACTGACGCTGAGGAGCGAAAGCATGGGGAGCGAACAGG,100.000,77133
Cryobacterium_281,gi|524853380|gb|KF160638.1|,524853380,TACGTAGGGTGCAAGCGTTGTCCGGAATTATTGGGCGTAAAGAGCTCGTAGGCGGTTTGTCGCGTCTGCTGTGAAAACCCGAGGCTCAACCTCGGGCCTGCAGTGGGTACGGGCAGACTAGAGTGCGGTAGGGGAGATTGGAATTCCTGGTGTAGCGGTGGAATGCGCAGATATCAGGAGGAACACCAATGGCGAAGGCAGATCTCTGGGCCGTAACTGACGCTGAGGAGCGAAAGCATGGGGAGCGAACAGG,100.000,1358209
Cryobacterium_281,gi|524853214|gb|KF160472.1|,524853214,TACGTAGGGTGCAAGCGTTGTCCGGAATTATTGGGCGTAAAGAGCTCGTAGGCGGTTTGTCGCGTCTGCTGTGAAAACCCGAGGCTCAACCTCGGGCCTGCAGTGGGTACGGGCAGACTAGAGTGCGGTAGGGGAGATTGGAATTCCTGGTGTAGCGGTGGAATGCGCAGATATCAGGAGGAACACCAATGGCGAAGGCAGATCTCTGGGCCGTAACTGACGCTGAGGAGCGAAAGCATGGGGAGCGAACAGG,100.000,1358321
Cryobacterium_281,gi|607234964|gb|KJ475137.1|,607234964,TACGTAGGGTGCAAGCGTTGTCCGGAATTATTGGGCGTAAAGAGCTCGTAGGCGGTTTGTCGCGTCTGCTGTGAAAACCCGAGGCTCAACCTCGGGCCTGCAGTGGGTACGGGCAGACTAGAGTGCGGTAGGGGAGATTGGAATTCCTGGTGTAGCGGTGGAATGCGCAGATATCAGGAGGAACACCAATGGCGAAGGCAGATCTCTGGGCCGTAACTGACGCTGAGGAGCGAAAGCATGGGGAGCGAACAGG,100.000,386301
Cryobacterium_281,gi|529747401|gb|KF295705.1|,529747401,TACGTAGGGTGCAAGCGTTGTCCGGAATTATTGGGCGTAAAGAGCTCGTAGGCGGTTTGTCGCGTCTGCTGTGAAAACCCGAGGCTCAACCTCGGGCCTGCAGTGGGTACGGGCAGACTAGAGTGCGGTAGGGGAGATTGGAATTCCTGGTGTAGCGGTGGAATGCGCAGATATCAGGAGGAACACCAATGGCGAAGGCAGATCTCTGGGCCGTAACTGACGCTGAGGAGCGAAAGCATGGGGAGCGAACAGG,100.000,1350886
Cryobacterium_281,gi|529746343|gb|KF295543.1|,529746343,TACGTAGGGTGCAAGCGTTGTCCGGAATTATTGGGCGTAAAGAGCTCGTAGGCGGTTTGTCGCGTCTGCTGTGAAAACCCGAGGCTCAACCTCGGGCCTGCAGTGGGTACGGGCAGACTAGAGTGCGGTAGGGGAGATTGGAATTCCTGGTGTAGCGGTGGAATGCGCAGATATCAGGAGGAACACCAATGGCGAAGGCAGATCTCTGGGCCGTAACTGACGCTGAGGAGCGAAAGCATGGGGAGCGAACAGG,100.000,1350905
Cryobacterium_281,gi|529745787|gb|KF295315.1|,529745787,TACGTAGGGTGCAAGCGTTGTCCGGAATTATTGGGCGTAAAGAGCTCGTAGGCGGTTTGTCGCGTCTGCTGTGAAAACCCGAGGCTCAACCTCGGGCCTGCAGTGGGTACGGGCAGACTAGAGTGCGGTAGGGGAGATTGGAATTCCTGGTGTAGCGGTGGAATGCGCAGATATCAGGAGGAACACCAATGGCGAAGGCAGATCTCTGGGCCGTAACTGACGCTGAGGAGCGAAAGCATGGGGAGCGAACAGG,100.000,1350903
Cryobacterium_281,gi|529744915|gb|KF295245.1|,529744915,TACGTAGGGTGCAAGCGTTGTCCGGAATTATTGGGCGTAAAGAGCTCGTAGGCGGTTTGTCGCGTCTGCTGTGAAAACCCGAGGCTCAACCTCGGGCCTGCAGTGGGTACGGGCAGACTAGAGTGCGGTAGGGGAGATTGGAATTCCTGGTGTAGCGGTGGAATGCGCAGATATCAGGAGGAACACCAATGGCGAAGGCAGATCTCTGGGCCGTAACTGACGCTGAGGAGCGAAAGCATGGGGAGCGAACAGG,100.000,1350892
Cryobacterium_281,gi|529744012|gb|KF295179.1|,529744012,TACGTAGGGTGCAAGCGTTGTCCGGAATTATTGGGCGTAAAGAGCTCGTAGGCGGTTTGTCGCGTCTGCTGTGAAAACCCGAGGCTCAACCTCGGGCCTGCAGTGGGTACGGGCAGACTAGAGTGCGGTAGGGGAGATTGGAATTCCTGGTGTAGCGGTGGAATGCGCAGATATCAGGAGGAACACCAATGGCGAAGGCAGATCTCTGGGCCGTAACTGACGCTGAGGAGCGAAAGCATGGGGAGCGAACAGG,100.000,1350862
Curtobacterium_560,gi|762218873|emb|LN774739.1|,762218873,TACGTAGGGTGCAAGCGTTGTCCGGAATTATTGGGCGTAAAGAGCTCGTAGGCGGTTTGTCGCGTCTGCTGTGAAATCCCGAGGCTCAACCTCGGGCTTGCAGTGGGTACGGGCAGACTAGAGTGCGGTAGGGGAGATTGGAATTCCTGGTGTAGCGGTGGAATGCGCAGATATCAGGAGGAACACCGATGGCGAAGGCAGATCTCTGGGCCGTAACTGACGCTGAGGAGCGAAAGCATGGGGAGCGAACAGG,100.000,2035
Curtobacterium_560,gi|762218558|emb|LN774614.1|,762218558,TACGTAGGGTGCAAGCGTTGTCCGGAATTATTGGGCGTAAAGAGCTCGTAGGCGGTTTGTCGCGTCTGCTGTGAAATCCCGAGGCTCAACCTCGGGCTTGCAGTGGGTACGGGCAGACTAGAGTGCGGTAGGGGAGATTGGAATTCCTGGTGTAGCGGTGGAATGCGCAGATATCAGGAGGAACACCGATGGCGAAGGCAGATCTCTGGGCCGTAACTGACGCTGAGGAGCGAAAGCATGGGGAGCGAACAGG,100.000,2035
Curtobacterium_560,gi|762218411|emb|LN774549.1|,762218411,TACGTAGGGTGCAAGCGTTGTCCGGAATTATTGGGCGTAAAGAGCTCGTAGGCGGTTTGTCGCGTCTGCTGTGAAATCCCGAGGCTCAACCTCGGGCTTGCAGTGGGTACGGGCAGACTAGAGTGCGGTAGGGGAGATTGGAATTCCTGGTGTAGCGGTGGAATGCGCAGATATCAGGAGGAACACCGATGGCGAAGGCAGATCTCTGGGCCGTAACTGACGCTGAGGAGCGAAAGCATGGGGAGCGAACAGG,100.000,2035
Curtobacterium_560,gi|762210309|emb|LN774172.1|,762210309,TACGTAGGGTGCAAGCGTTGTCCGGAATTATTGGGCGTAAAGAGCTCGTAGGCGGTTTGTCGCGTCTGCTGTGAAATCCCGAGGCTCAACCTCGGGCTTGCAGTGGGTACGGGCAGACTAGAGTGCGGTAGGGGAGATTGGAATTCCTGGTGTAGCGGTGGAATGCGCAGATATCAGGAGGAACACCGATGGCGAAGGCAGATCTCTGGGCCGTAACTGACGCTGAGGAGCGAAAGCATGGGGAGCGAACAGG,100.000,2035
Curtobacterium_560,gi|759023663|gb|KP293858.1|,759023663,TACGTAGGGTGCAAGCGTTGTCCGGAATTATTGGGCGTAAAGAGCTCGTAGGCGGTTTGTCGCGTCTGCTGTGAAATCCCGAGGCTCAACCTCGGGCTTGCAGTGGGTACGGGCAGACTAGAGTGCGGTAGGGGAGATTGGAATTCCTGGTGTAGCGGTGGAATGCGCAGATATCAGGAGGAACACCGATGGCGAAGGCAGATCTCTGGGCCGTAACTGACGCTGAGGAGCGAAAGCATGGGGAGCGAACAGG,100.000,1617998
Curtobacterium_560,gi|756058365|gb|KP704429.1|,756058365,TACGTAGGGTGCAAGCGTTGTCCGGAATTATTGGGCGTAAAGAGCTCGTAGGCGGTTTGTCGCGTCTGCTGTGAAATCCCGAGGCTCAACCTCGGGCTTGCAGTGGGTACGGGCAGACTAGAGTGCGGTAGGGGAGATTGGAATTCCTGGTGTAGCGGTGGAATGCGCAGATATCAGGAGGAACACCGATGGCGAAGGCAGATCTCTGGGCCGTAACTGACGCTGAGGAGCGAAAGCATGGGGAGCGAACAGG,100.000,1605326
Curtobacterium_560,gi|756058363|gb|KP704427.1|,756058363,TACGTAGGGTGCAAGCGTTGTCCGGAATTATTGGGCGTAAAGAGCTCGTAGGCGGTTTGTCGCGTCTGCTGTGAAATCCCGAGGCTCAACCTCGGGCTTGCAGTGGGTACGGGCAGACTAGAGTGCGGTAGGGGAGATTGGAATTCCTGGTGTAGCGGTGGAATGCGCAGATATCAGGAGGAACACCGATGGCGAAGGCAGATCTCTGGGCCGTAACTGACGCTGAGGAGCGAAAGCATGGGGAGCGAACAGG,100.000,1605325
Curtobacterium_560,gi|749502876|gb|KM870529.1|,749502876,TACGTAGGGTGCAAGCGTTGTCCGGAATTATTGGGCGTAAAGAGCTCGTAGGCGGTTTGTCGCGTCTGCTGTGAAATCCCGAGGCTCAACCTCGGGCTTGCAGTGGGTACGGGCAGACTAGAGTGCGGTAGGGGAGATTGGAATTCCTGGTGTAGCGGTGGAATGCGCAGATATCAGGAGGAACACCGATGGCGAAGGCAGATCTCTGGGCCGTAACTGACGCTGAGGAGCGAAAGCATGGGGAGCGAACAGG,100.000,138532
Curtobacterium_560,gi|663084585|gb|KF424712.1|,663084585,TACGTAGGGTGCAAGCGTTGTCCGGAATTATTGGGCGTAAAGAGCTCGTAGGCGGTTTGTCGCGTCTGCTGTGAAATCCCGAGGCTCAACCTCGGGCTTGCAGTGGGTACGGGCAGACTAGAGTGCGGTAGGGGAGATTGGAATTCCTGGTGTAGCGGTGGAATGCGCAGATATCAGGAGGAACACCGATGGCGAAGGCAGATCTCTGGGCCGTAACTGACGCTGAGGAGCGAAAGCATGGGGAGCGAACAGG,100.000,2036
Curtobacterium_560,gi|605097916|gb|KJ016004.1|,605097916,TACGTAGGGTGCAAGCGTTGTCCGGAATTATTGGGCGTAAAGAGCTCGTAGGCGGTTTGTCGCGTCTGCTGTGAAATCCCGAGGCTCAACCTCGGGCTTGCAGTGGGTACGGGCAGACTAGAGTGCGGTAGGGGAGATTGGAATTCCTGGTGTAGCGGTGGAATGCGCAGATATCAGGAGGAACACCGATGGCGAAGGCAGATCTCTGGGCCGTAACTGACGCTGAGGAGCGAAAGCATGGGGAGCGAACAGG,100.000,1480883
