Neorhizobium_89,gi|766662720|gb|KP119864.1|,766662720,TACGAAGGGGGCTAGCGTTGTTCGGAATTACTGGGCGTAAAGCGCACGTAGGCGGATATTTAAGTCAGGGGTGAAATCCCAGAGCTCAACTCTGGAACTGCCTTTGATACTGGGTATCTTGAGTATGGAAGAGGTAAGTGGAATTGCGAGTGTAGAGGTGAAATTCGTAGATATTCGCAGGAACACCAGTGGCGAAGGCGGCTTACTGGTCCATTACTGACGCTGAGGTGCGAAAGCGTGGGGAGCAAACAGG,100.000,620996
Neorhizobium_89,gi|766662719|gb|KP119863.1|,766662719,TACGAAGGGGGCTAGCGTTGTTCGGAATTACTGGGCGTAAAGCGCACGTAGGCGGATATTTAAGTCAGGGGTGAAATCCCAGAGCTCAACTCTGGAACTGCCTTTGATACTGGGTATCTTGAGTATGGAAGAGGTAAGTGGAATTGCGAGTGTAGAGGTGAAATTCGTAGATATTCGCAGGAACACCAGTGGCGAAGGCGGCTTACTGGTCCATTACTGACGCTGAGGTGCGAAAGCGTGGGGAGCAAACAGG,100.000,617219
Neorhizobium_89,gi|762218242|emb|LN774481.1|,762218242,TACGAAGGGGGCTAGCGTTGTTCGGAATTACTGGGCGTAAAGCGCACGTAGGCGGATATTTAAGTCAGGGGTGAAATCCCAGAGCTCAACTCTGGAACTGCCTTTGATACTGGGTATCTTGAGTATGGAAGAGGTAAGTGGAATTGCGAGTGTAGAGGTGAAATTCGTAGATATTCGCAGGAACACCAGTGGCGAAGGCGGCTTACTGGTCCATTACTGACGCTGAGGTGCGAAAGCGTGGGGAGCAAACAGG,100.000,160699
Neorhizobium_89,gi|752480187|gb|KP409632.1|,752480187,TACGAAGGGGGCTAGCGTTGTTCGGAATTACTGGGCGTAAAGCGCACGTAGGCGGATATTTAAGTCAGGGGTGAAATCCCAGAGCTCAACTCTGGAACTGCCTTTGATACTGGGTATCTTGAGTATGGAAGAGGTAAGTGGAATTGCGAGTGTAGAGGTGAAATTCGTAGATATTCGCAGGAACACCAGTGGCGAAGGCGGCTTACTGGTCCATTACTGACGCTGAGGTGCGAAAGCGTGGGGAGCAAACAGG,100.000,198431
Neorhizobium_89,gi|751368055|dbj|LC015600.1|,751368055,TACGAAGGGGGCTAGCGTTGTTCGGAATTACTGGGCGTAAAGCGCACGTAGGCGGATATTTAAGTCAGGGGTGAAATCCCAGAGCTCAACTCTGGAACTGCCTTTGATACTGGGTATCTTGAGTATGGAAGAGGTAAGTGGAATTGCGAGTGTAGAGGTGAAATTCGTAGATATTCGCAGGAACACCAGTGGCGAAGGCGGCTTACTGGTCCATTACTGACGCTGAGGTGCGAAAGCGTGGGGAGCAAACAGG,100.000,160699
Neorhizobium_89,gi|751368054|dbj|LC015599.1|,751368054,TACGAAGGGGGCTAGCGTTGTTCGGAATTACTGGGCGTAAAGCGCACGTAGGCGGATATTTAAGTCAGGGGTGAAATCCCAGAGCTCAACTCTGGAACTGCCTTTGATACTGGGTATCTTGAGTATGGAAGAGGTAAGTGGAATTGCGAGTGTAGAGGTGAAATTCGTAGATATTCGCAGGAACACCAGTGGCGAAGGCGGCTTACTGGTCCATTACTGACGCTGAGGTGCGAAAGCGTGGGGAGCAAACAGG,100.000,160699
Neorhizobium_89,gi|747024347|gb|KM507219.1|,747024347,TACGAAGGGGGCTAGCGTTGTTCGGAATTACTGGGCGTAAAGCGCACGTAGGCGGATATTTAAGTCAGGGGTGAAATCCCAGAGCTCAACTCTGGAACTGCCTTTGATACTGGGTATCTTGAGTATGGAAGAGGTAAGTGGAATTGCGAGTGTAGAGGTGAAATTCGTAGATATTCGCAGGAACACCAGTGGCGAAGGCGGCTTACTGGTCCATTACTGACGCTGAGGTGCGAAAGCGTGGGGAGCAAACAGG,100.000,77133
Neorhizobium_89,gi|746874503|gb|KM877128.1|,746874503,TACGAAGGGGGCTAGCGTTGTTCGGAATTACTGGGCGTAAAGCGCACGTAGGCGGATATTTAAGTCAGGGGTGAAATCCCAGAGCTCAACTCTGGAACTGCCTTTGATACTGGGTATCTTGAGTATGGAAGAGGTAAGTGGAATTGCGAGTGTAGAGGTGAAATTCGTAGATATTCGCAGGAACACCAGTGGCGAAGGCGGCTTACTGGTCCATTACTGACGCTGAGGTGCGAAAGCGTGGGGAGCAAACAGG,100.000,77133
Neorhizobium_89,gi|743184869|gb|KM018162.1|,743184869,TACGAAGGGGGCTAGCGTTGTTCGGAATTACTGGGCGTAAAGCGCACGTAGGCGGATATTTAAGTCAGGGGTGAAATCCCAGAGCTCAACTCTGGAACTGCCTTTGATACTGGGTATCTTGAGTATGGAAGAGGTAAGTGGAATTGCGAGTGTAGAGGTGAAATTCGTAGATATTCGCAGGAACACCAGTGGCGAAGGCGGCTTACTGGTCCATTACTGACGCTGAGGTGCGAAAGCGTGGGGAGCAAACAGG,100.000,1590766
Neorhizobium_89,gi|743184868|gb|KM018161.1|,743184868,TACGAAGGGGGCTAGCGTTGTTCGGAATTACTGGGCGTAAAGCGCACGTAGGCGGATATTTAAGTCAGGGGTGAAATCCCAGAGCTCAACTCTGGAACTGCCTTTGATACTGGGTATCTTGAGTATGGAAGAGGTAAGTGGAATTGCGAGTGTAGAGGTGAAATTCGTAGATATTCGCAGGAACACCAGTGGCGAAGGCGGCTTACTGGTCCATTACTGACGCTGAGGTGCGAAAGCGTGGGGAGCAAACAGG,100.000,1590761
Rhizobium_151,gi|725798773|gb|KP016119.1|,725798773,TACGAAGGGGGCTAGCGTTGTTCGGAATTACTGGGCGTAAAGCGCACGTAGGCGGATATTTAAGTCAGGGGTGAAATCCCAGAGCTCAACTCTGGAACTGCCTTTGATACTGGGTATCTCGAGTATGGAAGAGGTGAGTGGAATTCCGAGTGTAGAGGTGAAATTCGTAGATATTCGGAGGAACACCAGTGGCGAAGGCGGCTCACTGGTCCATTACTGACGCTGAGGTGCGAAAGCGTGGGGAGCAAACAGG,100.000,271151
Rhizobium_151,gi|674201405|gb|KM185611.1|,674201405,TACGAAGGGGGCTAGCGTTGTTCGGAATTACTGGGCGTAAAGCGCACGTAGGCGGATATTTAAGTCAGGGGTGAAATCCCAGAGCTCAACTCTGGAACTGCCTTTGATACTGGGTATCTCGAGTATGGAAGAGGTGAGTGGAATTCCGAGTGTAGAGGTGAAATTCGTAGATATTCGGAGGAACACCAGTGGCGAAGGCGGCTCACTGGTCCATTACTGACGCTGAGGTGCGAAAGCGTGGGGAGCAAACAGG,100.000,77133
Rhizobium_151,gi|674201322|gb|KM185528.1|,674201322,TACGAAGGGGGCTAGCGTTGTTCGGAATTACTGGGCGTAAAGCGCACGTAGGCGGATATTTAAGTCAGGGGTGAAATCCCAGAGCTCAACTCTGGAACTGCCTTTGATACTGGGTATCTCGAGTATGGAAGAGGTGAGTGGAATTCCGAGTGTAGAGGTGAAATTCGTAGATATTCGGAGGAACACCAGTGGCGAAGGCGGCTCACTGGTCCATTACTGACGCTGAGGTGCGAAAGCGTGGGGAGCAAACAGG,100.000,77133
Rhizobium_151,gi|674201198|gb|KM185404.1|,674201198,TACGAAGGGGGCTAGCGTTGTTCGGAATTACTGGGCGTAAAGCGCACGTAGGCGGATATTTAAGTCAGGGGTGAAATCCCAGAGCTCAACTCTGGAACTGCCTTTGATACTGGGTATCTCGAGTATGGAAGAGGTGAGTGGAATTCCGAGTGTAGAGGTGAAATTCGTAGATATTCGGAGGAACACCAGTGGCGAAGGCGGCTCACTGGTCCATTACTGACGCTGAGGTGCGAAAGCGTGGGGAGCAAACAGG,100.000,77133
Rhizobium_151,gi|674201193|gb|KM185399.1|,674201193,TACGAAGGGGGCTAGCGTTGTTCGGAATTACTGGGCGTAAAGCGCACGTAGGCGGATATTTAAGTCAGGGGTGAAATCCCAGAGCTCAACTCTGGAACTGCCTTTGATACTGGGTATCTCGAGTATGGAAGAGGTGAGTGGAATTCCGAGTGTAGAGGTGAAATTCGTAGATATTCGGAGGAACACCAGTGGCGAAGGCGGCTCACTGGTCCATTACTGACGCTGAGGTGCGAAAGCGTGGGGAGCAAACAGG,100.000,77133
Rhizobium_151,gi|674200733|gb|KM184939.1|,674200733,TACGAAGGGGGCTAGCGTTGTTCGGAATTACTGGGCGTAAAGCGCACGTAGGCGGATATTTAAGTCAGGGGTGAAATCCCAGAGCTCAACTCTGGAACTGCCTTTGATACTGGGTATCTCGAGTATGGAAGAGGTGAGTGGAATTCCGAGTGTAGAGGTGAAATTCGTAGATATTCGGAGGAACACCAGTGGCGAAGGCGGCTCACTGGTCCATTACTGACGCTGAGGTGCGAAAGCGTGGGGAGCAAACAGG,100.000,77133
Rhizobium_151,gi|674199575|gb|KM183781.1|,674199575,TACGAAGGGGGCTAGCGTTGTTCGGAATTACTGGGCGTAAAGCGCACGTAGGCGGATATTTAAGTCAGGGGTGAAATCCCAGAGCTCAACTCTGGAACTGCCTTTGATACTGGGTATCTCGAGTATGGAAGAGGTGAGTGGAATTCCGAGTGTAGAGGTGAAATTCGTAGATATTCGGAGGAACACCAGTGGCGAAGGCGGCTCACTGGTCCATTACTGACGCTGAGGTGCGAAAGCGTGGGGAGCAAACAGG,100.000,77133
Rhizobium_151,gi|674199365|gb|KM183571.1|,674199365,TACGAAGGGGGCTAGCGTTGTTCGGAATTACTGGGCGTAAAGCGCACGTAGGCGGATATTTAAGTCAGGGGTGAAATCCCAGAGCTCAACTCTGGAACTGCCTTTGATACTGGGTATCTCGAGTATGGAAGAGGTGAGTGGAATTCCGAGTGTAGAGGTGAAATTCGTAGATATTCGGAGGAACACCAGTGGCGAAGGCGGCTCACTGGTCCATTACTGACGCTGAGGTGCGAAAGCGTGGGGAGCAAACAGG,100.000,77133
Rhizobium_151,gi|674199346|gb|KM183552.1|,674199346,TACGAAGGGGGCTAGCGTTGTTCGGAATTACTGGGCGTAAAGCGCACGTAGGCGGATATTTAAGTCAGGGGTGAAATCCCAGAGCTCAACTCTGGAACTGCCTTTGATACTGGGTATCTCGAGTATGGAAGAGGTGAGTGGAATTCCGAGTGTAGAGGTGAAATTCGTAGATATTCGGAGGAACACCAGTGGCGAAGGCGGCTCACTGGTCCATTACTGACGCTGAGGTGCGAAAGCGTGGGGAGCAAACAGG,100.000,77133
Rhizobium_151,gi|674199268|gb|KM183474.1|,674199268,TACGAAGGGGGCTAGCGTTGTTCGGAATTACTGGGCGTAAAGCGCACGTAGGCGGATATTTAAGTCAGGGGTGAAATCCCAGAGCTCAACTCTGGAACTGCCTTTGATACTGGGTATCTCGAGTATGGAAGAGGTGAGTGGAATTCCGAGTGTAGAGGTGAAATTCGTAGATATTCGGAGGAACACCAGTGGCGAAGGCGGCTCACTGGTCCATTACTGACGCTGAGGTGCGAAAGCGTGGGGAGCAAACAGG,100.000,77133
Rhizobium_243,gi|725096738|gb|KM253014.1|,725096738,TACGAAGGGGGCTAGCGTTGTTCGGAATTACTGGGCGTAAAGCGCACGTAGGCGGATCGATCAGTCAGGGGTGAAATCCCAGAGCTCAACTCTGGAACTGCCTTTGATACTGTCGGTCTAGAGTATGGAAGAGGTGAGTGGAATTCCGAGTGTAGAGGTGAAATTCGTAGATATTCGGAGGAACACCAGTGGCGAAGGCGGCTCACTGGTCCATTACTGACGCTGAGGTGCGAAAGCGTGGGGAGCAAACAGG,100.000,1534163
Rhizobium_243,gi|556903282|gb|KF712584.1|,556903282,TACGAAGGGGGCTAGCGTTGTTCGGAATTACTGGGCGTAAAGCGCACGTAGGCGGATCGATCAGTCAGGGGTGAAATCCCAGAGCTCAACTCTGGAACTGCCTTTGATACTGTCGGTCTAGAGTATGGAAGAGGTGAGTGGAATTCCGAGTGTAGAGGTGAAATTCGTAGATATTCGGAGGAACACCAGTGGCGAAGGCGGCTCACTGGTCCATTACTGACGCTGAGGTGCGAAAGCGTGGGGAGCAAACAGG,100.000,77133
Rhizobium_243,gi|674161553|gb|KM154765.1|,674161553,TACGAAGGGGGCTAGCGTTGTTCGGAATTACTGGGCGTAAAGCGCACGTAGGCGGATCGATCAGTCAGGGGTGAAATCCCAGAGCTCAACTCTGGAACTGCCTTTGATACTGTCGGTCTAGAGTATGGAAGAGGTGAGTGGAATTCCGAGTGTAGAGGTGAAATTCGTAGATATTCGGAGGAACACCAGTGGCGAAGGCGGCTCACTGGTCCATTACTGACGCTGAGGTGCGAAAGCGTGGGGAGCAAACAGG,100.000,77133
Rhizobium_243,gi|674161369|gb|KM154581.1|,674161369,TACGAAGGGGGCTAGCGTTGTTCGGAATTACTGGGCGTAAAGCGCACGTAGGCGGATCGATCAGTCAGGGGTGAAATCCCAGAGCTCAACTCTGGAACTGCCTTTGATACTGTCGGTCTAGAGTATGGAAGAGGTGAGTGGAATTCCGAGTGTAGAGGTGAAATTCGTAGATATTCGGAGGAACACCAGTGGCGAAGGCGGCTCACTGGTCCATTACTGACGCTGAGGTGCGAAAGCGTGGGGAGCAAACAGG,100.000,77133
Rhizobium_243,gi|674160622|gb|KM153834.1|,674160622,TACGAAGGGGGCTAGCGTTGTTCGGAATTACTGGGCGTAAAGCGCACGTAGGCGGATCGATCAGTCAGGGGTGAAATCCCAGAGCTCAACTCTGGAACTGCCTTTGATACTGTCGGTCTAGAGTATGGAAGAGGTGAGTGGAATTCCGAGTGTAGAGGTGAAATTCGTAGATATTCGGAGGAACACCAGTGGCGAAGGCGGCTCACTGGTCCATTACTGACGCTGAGGTGCGAAAGCGTGGGGAGCAAACAGG,100.000,77133
Rhizobium_243,gi|674159464|gb|KM152676.1|,674159464,TACGAAGGGGGCTAGCGTTGTTCGGAATTACTGGGCGTAAAGCGCACGTAGGCGGATCGATCAGTCAGGGGTGAAATCCCAGAGCTCAACTCTGGAACTGCCTTTGATACTGTCGGTCTAGAGTATGGAAGAGGTGAGTGGAATTCCGAGTGTAGAGGTGAAATTCGTAGATATTCGGAGGAACACCAGTGGCGAAGGCGGCTCACTGGTCCATTACTGACGCTGAGGTGCGAAAGCGTGGGGAGCAAACAGG,100.000,77133
Rhizobium_243,gi|674159339|gb|KM152551.1|,674159339,TACGAAGGGGGCTAGCGTTGTTCGGAATTACTGGGCGTAAAGCGCACGTAGGCGGATCGATCAGTCAGGGGTGAAATCCCAGAGCTCAACTCTGGAACTGCCTTTGATACTGTCGGTCTAGAGTATGGAAGAGGTGAGTGGAATTCCGAGTGTAGAGGTGAAATTCGTAGATATTCGGAGGAACACCAGTGGCGAAGGCGGCTCACTGGTCCATTACTGACGCTGAGGTGCGAAAGCGTGGGGAGCAAACAGG,100.000,77133
Rhizobium_243,gi|674139118|gb|KM135104.1|,674139118,TACGAAGGGGGCTAGCGTTGTTCGGAATTACTGGGCGTAAAGCGCACGTAGGCGGATCGATCAGTCAGGGGTGAAATCCCAGAGCTCAACTCTGGAACTGCCTTTGATACTGTCGGTCTAGAGTATGGAAGAGGTGAGTGGAATTCCGAGTGTAGAGGTGAAATTCGTAGATATTCGGAGGAACACCAGTGGCGAAGGCGGCTCACTGGTCCATTACTGACGCTGAGGTGCGAAAGCGTGGGGAGCAAACAGG,100.000,77133
Rhizobium_243,gi|674125529|gb|KM126597.1|,674125529,TACGAAGGGGGCTAGCGTTGTTCGGAATTACTGGGCGTAAAGCGCACGTAGGCGGATCGATCAGTCAGGGGTGAAATCCCAGAGCTCAACTCTGGAACTGCCTTTGATACTGTCGGTCTAGAGTATGGAAGAGGTGAGTGGAATTCCGAGTGTAGAGGTGAAATTCGTAGATATTCGGAGGAACACCAGTGGCGAAGGCGGCTCACTGGTCCATTACTGACGCTGAGGTGCGAAAGCGTGGGGAGCAAACAGG,100.000,77133
Rhizobium_243,gi|674124600|gb|KM125668.1|,674124600,TACGAAGGGGGCTAGCGTTGTTCGGAATTACTGGGCGTAAAGCGCACGTAGGCGGATCGATCAGTCAGGGGTGAAATCCCAGAGCTCAACTCTGGAACTGCCTTTGATACTGTCGGTCTAGAGTATGGAAGAGGTGAGTGGAATTCCGAGTGTAGAGGTGAAATTCGTAGATATTCGGAGGAACACCAGTGGCGAAGGCGGCTCACTGGTCCATTACTGACGCTGAGGTGCGAAAGCGTGGGGAGCAAACAGG,100.000,77133
Neorhizobium_315,gi|674131891|gb|KM132959.1|,674131891,TACGAAGGGGGCTAGCGTTGTTCGGAATTACTGGGCGTAAAGCGCACGTAGGCGGATATTTAAGTCAGGGGTGAAATCCCAGAGCTCAACTCTGGAACTGCCTTTGATACTGGGTATCTTGAGTATGGAAGAGGTGAGTGGAATTGCGAGTGTAGAGGTGAAATTCGTAGATATTCGCAGGAACACCAGTGGCGAAGGCGGCTCACTGGTCCATAACTGACGCTGAGGTGCGAAAGCGTGGGGAGCAAACAGG,100.000,77133
Neorhizobium_315,gi|674131279|gb|KM132347.1|,674131279,TACGAAGGGGGCTAGCGTTGTTCGGAATTACTGGGCGTAAAGCGCACGTAGGCGGATATTTAAGTCAGGGGTGAAATCCCAGAGCTCAACTCTGGAACTGCCTTTGATACTGGGTATCTTGAGTATGGAAGAGGTGAGTGGAATTGCGAGTGTAGAGGTGAAATTCGTAGATATTCGCAGGAACACCAGTGGCGAAGGCGGCTCACTGGTCCATAACTGACGCTGAGGTGCGAAAGCGTGGGGAGCAAACAGG,100.000,77133
Neorhizobium_315,gi|674130581|gb|KM131649.1|,674130581,TACGAAGGGGGCTAGCGTTGTTCGGAATTACTGGGCGTAAAGCGCACGTAGGCGGATATTTAAGTCAGGGGTGAAATCCCAGAGCTCAACTCTGGAACTGCCTTTGATACTGGGTATCTTGAGTATGGAAGAGGTGAGTGGAATTGCGAGTGTAGAGGTGAAATTCGTAGATATTCGCAGGAACACCAGTGGCGAAGGCGGCTCACTGGTCCATAACTGACGCTGAGGTGCGAAAGCGTGGGGAGCAAACAGG,100.000,77133
Neorhizobium_315,gi|674130358|gb|KM131426.1|,674130358,TACGAAGGGGGCTAGCGTTGTTCGGAATTACTGGGCGTAAAGCGCACGTAGGCGGATATTTAAGTCAGGGGTGAAATCCCAGAGCTCAACTCTGGAACTGCCTTTGATACTGGGTATCTTGAGTATGGAAGAGGTGAGTGGAATTGCGAGTGTAGAGGTGAAATTCGTAGATATTCGCAGGAACACCAGTGGCGAAGGCGGCTCACTGGTCCATAACTGACGCTGAGGTGCGAAAGCGTGGGGAGCAAACAGG,100.000,77133
Neorhizobium_315,gi|674126124|gb|KM127192.1|,674126124,TACGAAGGGGGCTAGCGTTGTTCGGAATTACTGGGCGTAAAGCGCACGTAGGCGGATATTTAAGTCAGGGGTGAAATCCCAGAGCTCAACTCTGGAACTGCCTTTGATACTGGGTATCTTGAGTATGGAAGAGGTGAGTGGAATTGCGAGTGTAGAGGTGAAATTCGTAGATATTCGCAGGAACACCAGTGGCGAAGGCGGCTCACTGGTCCATAACTGACGCTGAGGTGCGAAAGCGTGGGGAGCAAACAGG,100.000,77133
Neorhizobium_315,gi|395399826|gb|JQ963325.1|,395399826,TACGAAGGGGGCTAGCGTTGTTCGGAATTACTGGGCGTAAAGCGCACGTAGGCGGATATTTAAGTCAGGGGTGAAATCCCAGAGCTCAACTCTGGAACTGCCTTTGATACTGGGTATCTTGAGTATGGAAGAGGTGAGTGGAATTGCGAGTGTAGAGGTGAAATTCGTAGATATTCGCAGGAACACCAGTGGCGAAGGCGGCTCACTGGTCCATAACTGACGCTGAGGTGCGAAAGCGTGGGGAGCAAACAGG,100.000,1209388
Neorhizobium_315,gi|353684314|gb|JN685499.1|,353684314,TACGAAGGGGGCTAGCGTTGTTCGGAATTACTGGGCGTAAAGCGCACGTAGGCGGATATTTAAGTCAGGGGTGAAATCCCAGAGCTCAACTCTGGAACTGCCTTTGATACTGGGTATCTTGAGTATGGAAGAGGTGAGTGGAATTGCGAGTGTAGAGGTGAAATTCGTAGATATTCGCAGGAACACCAGTGGCGAAGGCGGCTCACTGGTCCATAACTGACGCTGAGGTGCGAAAGCGTGGGGAGCAAACAGG,100.000,77133
Neorhizobium_315,gi|674132111|gb|KM133179.1|,674132111,TACGAAGGGGGCTAGCGTTGTTCGGAACTACTGGGCGTAAAGCGCACGTAGGCGGATATTTAAGTCAGGGGTGAAATCCCAGAGCTCAACTCTGGAACTGCCTTTGATACTGGGTATCTTGAGTATGGAAGAGGTGAGTGGAATTGCGAGTGTAGAGGTGAAATTCGTAGATATTCGCAGGAACACCAGTGGCGAAGGCGGCTCACTGGTCCATAACTGACGCTGAGGTGCGAAAGCGTGGGGAGCAAACAGG,99.605,77133
Neorhizobium_315,gi|674130367|gb|KM131435.1|,674130367,TACGAAGGGGGCTAGCGTTGTTCGGAACTACTGGGCGTAAAGCGCACGTAGGCGGATATTTAAGTCAGGGGTGAAATCCCAGAGCTCAACTCTGGAACTGCCTTTGATACTGGGTATCTTGAGTATGGAAGAGGTGAGTGGAATTGCGAGTGTAGAGGTGAAATTCGTAGATATTCGCAGGAACACCAGTGGCGAAGGCGGCTCACTGGTCCATAACTGACGCTGAGGTGCGAAAGCGTGGGGAGCAAACAGG,99.605,77133
Neorhizobium_315,gi|674129939|gb|KM131007.1|,674129939,TACGAAGGGGGCTAGCGTTGTTCGGAATTACTGGGCGTAAAGCGCACGTAGGCGGATATTTAAGTCAGGGGTGAAATCCCAGAGCTCAACTCTGGAACTGCCCTTGATACTGGGTATCTTGAGTATGGAAGAGGTGAGTGGAATTGCGAGTGTAGAGGTGAAATTCGTAGATATTCGCAGGAACACCAGTGGCGAAGGCGGCTCACTGGTCCATAACTGACGCTGAGGTGCGAAAGCGTGGGGAGCAAACAGG,99.605,77133
Rhizobium_339,gi|297346923|gb|HM080469.1|,297346923,TACGAAGGGGGCTAGCGTTGTTCGGAATTACTGGGCGTAAAGCGCACGTAGGCGGATATTTAAGTCAGGGGTGAAATCCCAGAGCTCAACTCTGGAACTGCCTTTGATACTGGGTATCTCGAGTATGGAAGAGGTGAGTGGAATTGCGAGTGTAGAGGTGAAATTCGTAGATATTCGCAGGAACACCAGTGGCGAAGGCGGCTCACTGGTCCATTACTGACGCTGAGGTGCGAAAGCGTGGGGAGCAAACAGG,100.000,208549
Rhizobium_339,gi|725798773|gb|KP016119.1|,725798773,TACGAAGGGGGCTAGCGTTGTTCGGAATTACTGGGCGTAAAGCGCACGTAGGCGGATATTTAAGTCAGGGGTGAAATCCCAGAGCTCAACTCTGGAACTGCCTTTGATACTGGGTATCTCGAGTATGGAAGAGGTGAGTGGAATTCCGAGTGTAGAGGTGAAATTCGTAGATATTCGGAGGAACACCAGTGGCGAAGGCGGCTCACTGGTCCATTACTGACGCTGAGGTGCGAAAGCGTGGGGAGCAAACAGG,99.209,271151
Rhizobium_339,gi|674201405|gb|KM185611.1|,674201405,TACGAAGGGGGCTAGCGTTGTTCGGAATTACTGGGCGTAAAGCGCACGTAGGCGGATATTTAAGTCAGGGGTGAAATCCCAGAGCTCAACTCTGGAACTGCCTTTGATACTGGGTATCTCGAGTATGGAAGAGGTGAGTGGAATTCCGAGTGTAGAGGTGAAATTCGTAGATATTCGGAGGAACACCAGTGGCGAAGGCGGCTCACTGGTCCATTACTGACGCTGAGGTGCGAAAGCGTGGGGAGCAAACAGG,99.209,77133
Rhizobium_339,gi|674201322|gb|KM185528.1|,674201322,TACGAAGGGGGCTAGCGTTGTTCGGAATTACTGGGCGTAAAGCGCACGTAGGCGGATATTTAAGTCAGGGGTGAAATCCCAGAGCTCAACTCTGGAACTGCCTTTGATACTGGGTATCTCGAGTATGGAAGAGGTGAGTGGAATTCCGAGTGTAGAGGTGAAATTCGTAGATATTCGGAGGAACACCAGTGGCGAAGGCGGCTCACTGGTCCATTACTGACGCTGAGGTGCGAAAGCGTGGGGAGCAAACAGG,99.209,77133
Rhizobium_339,gi|674201198|gb|KM185404.1|,674201198,TACGAAGGGGGCTAGCGTTGTTCGGAATTACTGGGCGTAAAGCGCACGTAGGCGGATATTTAAGTCAGGGGTGAAATCCCAGAGCTCAACTCTGGAACTGCCTTTGATACTGGGTATCTCGAGTATGGAAGAGGTGAGTGGAATTCCGAGTGTAGAGGTGAAATTCGTAGATATTCGGAGGAACACCAGTGGCGAAGGCGGCTCACTGGTCCATTACTGACGCTGAGGTGCGAAAGCGTGGGGAGCAAACAGG,99.209,77133
Rhizobium_339,gi|674201193|gb|KM185399.1|,674201193,TACGAAGGGGGCTAGCGTTGTTCGGAATTACTGGGCGTAAAGCGCACGTAGGCGGATATTTAAGTCAGGGGTGAAATCCCAGAGCTCAACTCTGGAACTGCCTTTGATACTGGGTATCTCGAGTATGGAAGAGGTGAGTGGAATTCCGAGTGTAGAGGTGAAATTCGTAGATATTCGGAGGAACACCAGTGGCGAAGGCGGCTCACTGGTCCATTACTGACGCTGAGGTGCGAAAGCGTGGGGAGCAAACAGG,99.209,77133
Rhizobium_339,gi|674200733|gb|KM184939.1|,674200733,TACGAAGGGGGCTAGCGTTGTTCGGAATTACTGGGCGTAAAGCGCACGTAGGCGGATATTTAAGTCAGGGGTGAAATCCCAGAGCTCAACTCTGGAACTGCCTTTGATACTGGGTATCTCGAGTATGGAAGAGGTGAGTGGAATTCCGAGTGTAGAGGTGAAATTCGTAGATATTCGGAGGAACACCAGTGGCGAAGGCGGCTCACTGGTCCATTACTGACGCTGAGGTGCGAAAGCGTGGGGAGCAAACAGG,99.209,77133
Rhizobium_339,gi|674199575|gb|KM183781.1|,674199575,TACGAAGGGGGCTAGCGTTGTTCGGAATTACTGGGCGTAAAGCGCACGTAGGCGGATATTTAAGTCAGGGGTGAAATCCCAGAGCTCAACTCTGGAACTGCCTTTGATACTGGGTATCTCGAGTATGGAAGAGGTGAGTGGAATTCCGAGTGTAGAGGTGAAATTCGTAGATATTCGGAGGAACACCAGTGGCGAAGGCGGCTCACTGGTCCATTACTGACGCTGAGGTGCGAAAGCGTGGGGAGCAAACAGG,99.209,77133
Rhizobium_339,gi|674199365|gb|KM183571.1|,674199365,TACGAAGGGGGCTAGCGTTGTTCGGAATTACTGGGCGTAAAGCGCACGTAGGCGGATATTTAAGTCAGGGGTGAAATCCCAGAGCTCAACTCTGGAACTGCCTTTGATACTGGGTATCTCGAGTATGGAAGAGGTGAGTGGAATTCCGAGTGTAGAGGTGAAATTCGTAGATATTCGGAGGAACACCAGTGGCGAAGGCGGCTCACTGGTCCATTACTGACGCTGAGGTGCGAAAGCGTGGGGAGCAAACAGG,99.209,77133
Rhizobium_339,gi|674199346|gb|KM183552.1|,674199346,TACGAAGGGGGCTAGCGTTGTTCGGAATTACTGGGCGTAAAGCGCACGTAGGCGGATATTTAAGTCAGGGGTGAAATCCCAGAGCTCAACTCTGGAACTGCCTTTGATACTGGGTATCTCGAGTATGGAAGAGGTGAGTGGAATTCCGAGTGTAGAGGTGAAATTCGTAGATATTCGGAGGAACACCAGTGGCGAAGGCGGCTCACTGGTCCATTACTGACGCTGAGGTGCGAAAGCGTGGGGAGCAAACAGG,99.209,77133
Rhizobium_137,gi|686400502|dbj|LC002918.1|,686400502,TACGAAGGGGGCTAGCGTTGTTCGGAATTACTGGGCGTAAAGCGCACGTAGGCGGATATTTAAGTCAGGGGTGAAATCCCAGAGCTCAACTCTGGAACTGCCTTTGATACTGGGTATCTTGAGTATGGAAGAGGTGAGTGGAATTCCGAGTGTAGAGGTGAAATTCGTAGATATTCGGAGGAACACCAGTGGCGAAGGCGGCTCACTGGTCCATAACTGACGCTGAGGTGCGAAAGCGTGGGGAGCAAACAGG,100.000,77133
Rhizobium_137,gi|673531228|emb|LK021178.1|,673531228,TACGAAGGGGGCTAGCGTTGTTCGGAATTACTGGGCGTAAAGCGCACGTAGGCGGATATTTAAGTCAGGGGTGAAATCCCAGAGCTCAACTCTGGAACTGCCTTTGATACTGGGTATCTTGAGTATGGAAGAGGTGAGTGGAATTCCGAGTGTAGAGGTGAAATTCGTAGATATTCGGAGGAACACCAGTGGCGAAGGCGGCTCACTGGTCCATAACTGACGCTGAGGTGCGAAAGCGTGGGGAGCAAACAGG,100.000,424798
Rhizobium_137,gi|413958025|emb|HF548375.1|,413958025,TACGAAGGGGGCTAGCGTTGTTCGGAATTACTGGGCGTAAAGCGCACGTAGGCGGATATTTAAGTCAGGGGTGAAATCCCAGAGCTCAACTCTGGAACTGCCTTTGATACTGGGTATCTTGAGTATGGAAGAGGTGAGTGGAATTCCGAGTGTAGAGGTGAAATTCGTAGATATTCGGAGGAACACCAGTGGCGAAGGCGGCTCACTGGTCCATAACTGACGCTGAGGTGCGAAAGCGTGGGGAGCAAACAGG,100.000,1256701
Rhizobium_137,gi|357061987|gb|JN944189.1|,357061987,TACGAAGGGGGCTAGCGTTGTTCGGAATTACTGGGCGTAAAGCGCACGTAGGCGGATATTTAAGTCAGGGGTGAAATCCCAGAGCTCAACTCTGGAACTGCCTTTGATACTGGGTATCTTGAGTATGGAAGAGGTGAGTGGAATTCCGAGTGTAGAGGTGAAATTCGTAGATATTCGGAGGAACACCAGTGGCGAAGGCGGCTCACTGGTCCATAACTGACGCTGAGGTGCGAAAGCGTGGGGAGCAAACAGG,100.000,1107403
Rhizobium_137,gi|322189456|gb|JF204051.1|,322189456,TACGAAGGGGGCTAGCGTTGTTCGGAATTACTGGGCGTAAAGCGCACGTAGGCGGATATTTAAGTCAGGGGTGAAATCCCAGAGCTCAACTCTGGAACTGCCTTTGATACTGGGTATCTTGAGTATGGAAGAGGTGAGTGGAATTCCGAGTGTAGAGGTGAAATTCGTAGATATTCGGAGGAACACCAGTGGCGAAGGCGGCTCACTGGTCCATAACTGACGCTGAGGTGCGAAAGCGTGGGGAGCAAACAGG,100.000,77133
Rhizobium_137,gi|322184217|gb|JF198812.1|,322184217,TACGAAGGGGGCTAGCGTTGTTCGGAATTACTGGGCGTAAAGCGCACGTAGGCGGATATTTAAGTCAGGGGTGAAATCCCAGAGCTCAACTCTGGAACTGCCTTTGATACTGGGTATCTTGAGTATGGAAGAGGTGAGTGGAATTCCGAGTGTAGAGGTGAAATTCGTAGATATTCGGAGGAACACCAGTGGCGAAGGCGGCTCACTGGTCCATAACTGACGCTGAGGTGCGAAAGCGTGGGGAGCAAACAGG,100.000,77133
Rhizobium_137,gi|322153287|gb|JF167881.1|,322153287,TACGAAGGGGGCTAGCGTTGTTCGGAATTACTGGGCGTAAAGCGCACGTAGGCGGATATTTAAGTCAGGGGTGAAATCCCAGAGCTCAACTCTGGAACTGCCTTTGATACTGGGTATCTTGAGTATGGAAGAGGTGAGTGGAATTCCGAGTGTAGAGGTGAAATTCGTAGATATTCGGAGGAACACCAGTGGCGAAGGCGGCTCACTGGTCCATAACTGACGCTGAGGTGCGAAAGCGTGGGGAGCAAACAGG,100.000,77133
Rhizobium_137,gi|296963964|gb|HM270369.1|,296963964,TACGAAGGGGGCTAGCGTTGTTCGGAATTACTGGGCGTAAAGCGCACGTAGGCGGATATTTAAGTCAGGGGTGAAATCCCAGAGCTCAACTCTGGAACTGCCTTTGATACTGGGTATCTTGAGTATGGAAGAGGTGAGTGGAATTCCGAGTGTAGAGGTGAAATTCGTAGATATTCGGAGGAACACCAGTGGCGAAGGCGGCTCACTGGTCCATAACTGACGCTGAGGTGCGAAAGCGTGGGGAGCAAACAGG,100.000,77133
Rhizobium_137,gi|296950463|gb|HM256868.1|,296950463,TACGAAGGGGGCTAGCGTTGTTCGGAATTACTGGGCGTAAAGCGCACGTAGGCGGATATTTAAGTCAGGGGTGAAATCCCAGAGCTCAACTCTGGAACTGCCTTTGATACTGGGTATCTTGAGTATGGAAGAGGTGAGTGGAATTCCGAGTGTAGAGGTGAAATTCGTAGATATTCGGAGGAACACCAGTGGCGAAGGCGGCTCACTGGTCCATAACTGACGCTGAGGTGCGAAAGCGTGGGGAGCAAACAGG,100.000,77133
Rhizobium_137,gi|257143886|emb|FN421578.1|,257143886,TACGAAGGGGGCTAGCGTTGTTCGGAATTACTGGGCGTAAAGCGCACGTAGGCGGATATTTAAGTCAGGGGTGAAATCCCAGAGCTCAACTCTGGAACTGCCTTTGATACTGGGTATCTTGAGTATGGAAGAGGTGAGTGGAATTCCGAGTGTAGAGGTGAAATTCGTAGATATTCGGAGGAACACCAGTGGCGAAGGCGGCTCACTGGTCCATAACTGACGCTGAGGTGCGAAAGCGTGGGGAGCAAACAGG,100.000,77133
Shinella_353,gi|764007149|emb|LN812277.1|,764007149,TACGAAGGGGGCTAGCGTTGTTCGGAATTACTGGGCGTAAAGCGCACGTAGGCGGATATTTAAGTCAGGGGTGAAATCCCAGAGCTCAACTCTGGAACTGCCTTTGATACTGGGTATCTTGAGTATGGAAGAGGTAAGTGGAATTCCGAGTGTAGAGGTGAAATTCGTAGATATTCGGAGGAACACCAGTGGCGAAGGCGGCTTACTGGTCCATTACTGACGCTGAGGTGCGAAAGCGTGGGGAGCAAACAGG,100.000,1612648
Shinella_353,gi|764007148|emb|LN812276.1|,764007148,TACGAAGGGGGCTAGCGTTGTTCGGAATTACTGGGCGTAAAGCGCACGTAGGCGGATATTTAAGTCAGGGGTGAAATCCCAGAGCTCAACTCTGGAACTGCCTTTGATACTGGGTATCTTGAGTATGGAAGAGGTAAGTGGAATTCCGAGTGTAGAGGTGAAATTCGTAGATATTCGGAGGAACACCAGTGGCGAAGGCGGCTTACTGGTCCATTACTGACGCTGAGGTGCGAAAGCGTGGGGAGCAAACAGG,100.000,1612647
Shinella_353,gi|761662754|gb|KP027681.1|,761662754,TACGAAGGGGGCTAGCGTTGTTCGGAATTACTGGGCGTAAAGCGCACGTAGGCGGATATTTAAGTCAGGGGTGAAATCCCAGAGCTCAACTCTGGAACTGCCTTTGATACTGGGTATCTTGAGTATGGAAGAGGTAAGTGGAATTCCGAGTGTAGAGGTGAAATTCGTAGATATTCGGAGGAACACCAGTGGCGAAGGCGGCTTACTGGTCCATTACTGACGCTGAGGTGCGAAAGCGTGGGGAGCAAACAGG,100.000,1616816
Shinella_353,gi|747175058|gb|KJ528871.1|,747175058,TACGAAGGGGGCTAGCGTTGTTCGGAATTACTGGGCGTAAAGCGCACGTAGGCGGATATTTAAGTCAGGGGTGAAATCCCAGAGCTCAACTCTGGAACTGCCTTTGATACTGGGTATCTTGAGTATGGAAGAGGTAAGTGGAATTCCGAGTGTAGAGGTGAAATTCGTAGATATTCGGAGGAACACCAGTGGCGAAGGCGGCTTACTGGTCCATTACTGACGCTGAGGTGCGAAAGCGTGGGGAGCAAACAGG,100.000,358
Shinella_353,gi|712138667|gb|KP069557.1|,712138667,TACGAAGGGGGCTAGCGTTGTTCGGAATTACTGGGCGTAAAGCGCACGTAGGCGGATATTTAAGTCAGGGGTGAAATCCCAGAGCTCAACTCTGGAACTGCCTTTGATACTGGGTATCTTGAGTATGGAAGAGGTAAGTGGAATTCCGAGTGTAGAGGTGAAATTCGTAGATATTCGGAGGAACACCAGTGGCGAAGGCGGCTTACTGGTCCATTACTGACGCTGAGGTGCGAAAGCGTGGGGAGCAAACAGG,100.000,77133
Shinella_353,gi|751368052|dbj|LC015597.1|,751368052,TACGAAGGGGGCTAGCGTTGTTCGGAATTACTGGGCGTAAAGCGCACGTAGGCGGATATTTAAGTCAGGGGTGAAATCCCAGAGCTCAACTCTGGAACTGCCTTTGATACTGGGTATCTTGAGTATGGAAGAGGTAAGTGGAATTCCGAGTGTAGAGGTGAAATTCGTAGATATTCGGAGGAACACCAGTGGCGAAGGCGGCTTACTGGTCCATTACTGACGCTGAGGTGCGAAAGCGTGGGGAGCAAACAGG,100.000,358
Shinella_353,gi|751368049|dbj|LC015594.1|,751368049,TACGAAGGGGGCTAGCGTTGTTCGGAATTACTGGGCGTAAAGCGCACGTAGGCGGATATTTAAGTCAGGGGTGAAATCCCAGAGCTCAACTCTGGAACTGCCTTTGATACTGGGTATCTTGAGTATGGAAGAGGTAAGTGGAATTCCGAGTGTAGAGGTGAAATTCGTAGATATTCGGAGGAACACCAGTGGCGAAGGCGGCTTACTGGTCCATTACTGACGCTGAGGTGCGAAAGCGTGGGGAGCAAACAGG,100.000,358
Shinella_353,gi|751368048|dbj|LC015593.1|,751368048,TACGAAGGGGGCTAGCGTTGTTCGGAATTACTGGGCGTAAAGCGCACGTAGGCGGATATTTAAGTCAGGGGTGAAATCCCAGAGCTCAACTCTGGAACTGCCTTTGATACTGGGTATCTTGAGTATGGAAGAGGTAAGTGGAATTCCGAGTGTAGAGGTGAAATTCGTAGATATTCGGAGGAACACCAGTGGCGAAGGCGGCTTACTGGTCCATTACTGACGCTGAGGTGCGAAAGCGTGGGGAGCAAACAGG,100.000,358
Shinella_353,gi|751368033|dbj|LC015589.1|,751368033,TACGAAGGGGGCTAGCGTTGTTCGGAATTACTGGGCGTAAAGCGCACGTAGGCGGATATTTAAGTCAGGGGTGAAATCCCAGAGCTCAACTCTGGAACTGCCTTTGATACTGGGTATCTTGAGTATGGAAGAGGTAAGTGGAATTCCGAGTGTAGAGGTGAAATTCGTAGATATTCGGAGGAACACCAGTGGCGAAGGCGGCTTACTGGTCCATTACTGACGCTGAGGTGCGAAAGCGTGGGGAGCAAACAGG,100.000,240521
Shinella_353,gi|749111544|gb|KM884893.1|,749111544,TACGAAGGGGGCTAGCGTTGTTCGGAATTACTGGGCGTAAAGCGCACGTAGGCGGATATTTAAGTCAGGGGTGAAATCCCAGAGCTCAACTCTGGAACTGCCTTTGATACTGGGTATCTTGAGTATGGAAGAGGTAAGTGGAATTCCGAGTGTAGAGGTGAAATTCGTAGATATTCGGAGGAACACCAGTGGCGAAGGCGGCTTACTGGTCCATTACTGACGCTGAGGTGCGAAAGCGTGGGGAGCAAACAGG,100.000,358
Rhizobium_48,gi|745624317|gb|KM598240.1|,745624317,TACGAAGGGGGCTAGCGTTGTTCGGATTTACTGGGCGTAAAGCGCACGTAGGCGGATCGATCAGTCAGGGGTGAAATCCCAGAGCTCAACTCTGGAACTGCCTTTGATACTGTCGATCTGGAGTATGGAAGAGGTGAGTGGAATTCCGAGTGTAGAGGTGAAATTCGTAGATATTCGGAGGAACACCAGTGGCGAAGGCGGCTCACTGGTCCATTACTGACGCTGAGGTGCGAAAGCGTGGGGAGCAAACAGG,100.000,1591115
Rhizobium_48,gi|743184887|gb|KM018180.1|,743184887,TACGAAGGGGGCTAGCGTTGTTCGGATTTACTGGGCGTAAAGCGCACGTAGGCGGATCGATCAGTCAGGGGTGAAATCCCAGAGCTCAACTCTGGAACTGCCTTTGATACTGTCGATCTGGAGTATGGAAGAGGTGAGTGGAATTCCGAGTGTAGAGGTGAAATTCGTAGATATTCGGAGGAACACCAGTGGCGAAGGCGGCTCACTGGTCCATTACTGACGCTGAGGTGCGAAAGCGTGGGGAGCAAACAGG,100.000,1590767
Rhizobium_48,gi|745624347|gb|JX678769.2|,745624347,TACGAAGGGGGCTAGCGTTGTTCGGATTTACTGGGCGTAAAGCGCACGTAGGCGGATCGATCAGTCAGGGGTGAAATCCCAGAGCTCAACTCTGGAACTGCCTTTGATACTGTCGATCTGGAGTATGGAAGAGGTGAGTGGAATTCCGAGTGTAGAGGTGAAATTCGTAGATATTCGGAGGAACACCAGTGGCGAAGGCGGCTCACTGGTCCATTACTGACGCTGAGGTGCGAAAGCGTGGGGAGCAAACAGG,100.000,1265931
Rhizobium_48,gi|728891524|gb|KM387391.1|,728891524,TACGAAGGGGGCTAGCGTTGTTCGGATTTACTGGGCGTAAAGCGCACGTAGGCGGATCGATCAGTCAGGGGTGAAATCCCAGAGCTCAACTCTGGAACTGCCTTTGATACTGTCGATCTGGAGTATGGAAGAGGTGAGTGGAATTCCGAGTGTAGAGGTGAAATTCGTAGATATTCGGAGGAACACCAGTGGCGAAGGCGGCTCACTGGTCCATTACTGACGCTGAGGTGCGAAAGCGTGGGGAGCAAACAGG,100.000,1572880
Rhizobium_48,gi|728891523|gb|KM387390.1|,728891523,TACGAAGGGGGCTAGCGTTGTTCGGATTTACTGGGCGTAAAGCGCACGTAGGCGGATCGATCAGTCAGGGGTGAAATCCCAGAGCTCAACTCTGGAACTGCCTTTGATACTGTCGATCTGGAGTATGGAAGAGGTGAGTGGAATTCCGAGTGTAGAGGTGAAATTCGTAGATATTCGGAGGAACACCAGTGGCGAAGGCGGCTCACTGGTCCATTACTGACGCTGAGGTGCGAAAGCGTGGGGAGCAAACAGG,100.000,1572881
Rhizobium_48,gi|725096734|gb|KM253010.1|,725096734,TACGAAGGGGGCTAGCGTTGTTCGGATTTACTGGGCGTAAAGCGCACGTAGGCGGATCGATCAGTCAGGGGTGAAATCCCAGAGCTCAACTCTGGAACTGCCTTTGATACTGTCGATCTGGAGTATGGAAGAGGTGAGTGGAATTCCGAGTGTAGAGGTGAAATTCGTAGATATTCGGAGGAACACCAGTGGCGAAGGCGGCTCACTGGTCCATTACTGACGCTGAGGTGCGAAAGCGTGGGGAGCAAACAGG,100.000,1534161
Rhizobium_48,gi|702066323|gb|KF933535.1|,702066323,TACGAAGGGGGCTAGCGTTGTTCGGATTTACTGGGCGTAAAGCGCACGTAGGCGGATCGATCAGTCAGGGGTGAAATCCCAGAGCTCAACTCTGGAACTGCCTTTGATACTGTCGATCTGGAGTATGGAAGAGGTGAGTGGAATTCCGAGTGTAGAGGTGAAATTCGTAGATATTCGGAGGAACACCAGTGGCGAAGGCGGCTCACTGGTCCATTACTGACGCTGAGGTGCGAAAGCGTGGGGAGCAAACAGG,100.000,1433498
Rhizobium_48,gi|699448642|gb|KM221323.1|,699448642,TACGAAGGGGGCTAGCGTTGTTCGGATTTACTGGGCGTAAAGCGCACGTAGGCGGATCGATCAGTCAGGGGTGAAATCCCAGAGCTCAACTCTGGAACTGCCTTTGATACTGTCGATCTGGAGTATGGAAGAGGTGAGTGGAATTCCGAGTGTAGAGGTGAAATTCGTAGATATTCGGAGGAACACCAGTGGCGAAGGCGGCTCACTGGTCCATTACTGACGCTGAGGTGCGAAAGCGTGGGGAGCAAACAGG,100.000,77133
Rhizobium_48,gi|697240566|emb|LN560843.1|,697240566,TACGAAGGGGGCTAGCGTTGTTCGGATTTACTGGGCGTAAAGCGCACGTAGGCGGATCGATCAGTCAGGGGTGAAATCCCAGAGCTCAACTCTGGAACTGCCTTTGATACTGTCGATCTGGAGTATGGAAGAGGTGAGTGGAATTCCGAGTGTAGAGGTGAAATTCGTAGATATTCGGAGGAACACCAGTGGCGAAGGCGGCTCACTGGTCCATTACTGACGCTGAGGTGCGAAAGCGTGGGGAGCAAACAGG,100.000,77133
Rhizobium_48,gi|686651438|gb|KM083576.1|,686651438,TACGAAGGGGGCTAGCGTTGTTCGGATTTACTGGGCGTAAAGCGCACGTAGGCGGATCGATCAGTCAGGGGTGAAATCCCAGAGCTCAACTCTGGAACTGCCTTTGATACTGTCGATCTGGAGTATGGAAGAGGTGAGTGGAATTCCGAGTGTAGAGGTGAAATTCGTAGATATTCGGAGGAACACCAGTGGCGAAGGCGGCTCACTGGTCCATTACTGACGCTGAGGTGCGAAAGCGTGGGGAGCAAACAGG,100.000,1548105
