Candidatus_Liberibacter_49,gi|577029992|gb|KF776424.1|,577029992,TACGAAGGGGGCGAGCGTTGTTCGGAATAACTGGGCGTAAAGGGCGCGTAGGCGGGTAATTAAGTTAGGGGTGAAATCCCAAGGCTCAACCTTGGAACTGCCTTTAATACTGGTTATCTAGAGTTCAGGAGAGGTGAGTGGAATTCCGAGTGTAGAGGTGAAATTCGCAGATATTCGGAGGAACACCAGTGGCGAAGGCGGCTCACTGGCCTGATACTGACGCTGAGGCGCGAAAGCGTGGGGAGCAAACAGG,100.000,556287
Candidatus_Liberibacter_49,gi|577029991|gb|KF776423.1|,577029991,TACGAAGGGGGCGAGCGTTGTTCGGAATAACTGGGCGTAAAGGGCGCGTAGGCGGGTAATTAAGTTAGGGGTGAAATCCCAAGGCTCAACCTTGGAACTGCCTTTAATACTGGTTATCTAGAGTTCAGGAGAGGTGAGTGGAATTCCGAGTGTAGAGGTGAAATTCGCAGATATTCGGAGGAACACCAGTGGCGAAGGCGGCTCACTGGCCTGATACTGACGCTGAGGCGCGAAAGCGTGGGGAGCAAACAGG,100.000,556287
Candidatus_Liberibacter_49,gi|577029990|gb|KF776422.1|,577029990,TACGAAGGGGGCGAGCGTTGTTCGGAATAACTGGGCGTAAAGGGCGCGTAGGCGGGTAATTAAGTTAGGGGTGAAATCCCAAGGCTCAACCTTGGAACTGCCTTTAATACTGGTTATCTAGAGTTCAGGAGAGGTGAGTGGAATTCCGAGTGTAGAGGTGAAATTCGCAGATATTCGGAGGAACACCAGTGGCGAAGGCGGCTCACTGGCCTGATACTGACGCTGAGGCGCGAAAGCGTGGGGAGCAAACAGG,100.000,556287
Candidatus_Liberibacter_49,gi|577029989|gb|KF776421.1|,577029989,TACGAAGGGGGCGAGCGTTGTTCGGAATAACTGGGCGTAAAGGGCGCGTAGGCGGGTAATTAAGTTAGGGGTGAAATCCCAAGGCTCAACCTTGGAACTGCCTTTAATACTGGTTATCTAGAGTTCAGGAGAGGTGAGTGGAATTCCGAGTGTAGAGGTGAAATTCGCAGATATTCGGAGGAACACCAGTGGCGAAGGCGGCTCACTGGCCTGATACTGACGCTGAGGCGCGAAAGCGTGGGGAGCAAACAGG,100.000,556287
Candidatus_Liberibacter_49,gi|577029988|gb|KF776420.1|,577029988,TACGAAGGGGGCGAGCGTTGTTCGGAATAACTGGGCGTAAAGGGCGCGTAGGCGGGTAATTAAGTTAGGGGTGAAATCCCAAGGCTCAACCTTGGAACTGCCTTTAATACTGGTTATCTAGAGTTCAGGAGAGGTGAGTGGAATTCCGAGTGTAGAGGTGAAATTCGCAGATATTCGGAGGAACACCAGTGGCGAAGGCGGCTCACTGGCCTGATACTGACGCTGAGGCGCGAAAGCGTGGGGAGCAAACAGG,100.000,556287
Candidatus_Liberibacter_49,gi|544583801|gb|KF188225.1|,544583801,TACGAAGGGGGCGAGCGTTGTTCGGAATAACTGGGCGTAAAGGGCGCGTAGGCGGGTAATTAAGTTAGGGGTGAAATCCCAAGGCTCAACCTTGGAACTGCCTTTAATACTGGTTATCTAGAGTTCAGGAGAGGTGAGTGGAATTCCGAGTGTAGAGGTGAAATTCGCAGATATTCGGAGGAACACCAGTGGCGAAGGCGGCTCACTGGCCTGATACTGACGCTGAGGCGCGAAAGCGTGGGGAGCAAACAGG,100.000,556287
Candidatus_Liberibacter_49,gi|289546836|gb|FJ914619.1|,289546836,TACGAAGGGGGCGAGCGTTGTTCGGAATAACTGGGCGTAAAGGGCGCGTAGGCGGGTAATTAAGTTAGGGGTGAAATCCCAAGGCTCAACCTTGGAACTGCCTTTAATACTGGTTATCTAGAGTTCAGGAGAGGTGAGTGGAATTCCGAGTGTAGAGGTGAAATTCGCAGATATTCGGAGGAACACCAGTGGCGAAGGCGGCTCACTGGCCTGATACTGACGCTGAGGCGCGAAAGCGTGGGGAGCAAACAGG,100.000,706440
Candidatus_Liberibacter_49,gi|313495152|gb|CP002371.1|,313495152,TACGAAGGGGGCGAGCGTTGTTCGGAATAACTGGGCGTAAAGGGCGCGTAGGCGGGTAATTAAGTTAGGGGTGAAATCCCAAGGCTCAACCTTGGAACTGCCTTTAATACTGGTTATCTAGAGTTCAGGAGAGGTGAGTGGAATTCCGAGTGTAGAGGTGAAATTCGCAGATATTCGGAGGAACACCAGTGGCGAAGGCGGCTCACTGGCCTGATACTGACGCTGAGGCGCGAAAGCGTGGGGAGCAAACAGG,100.000,658172
Candidatus_Liberibacter_49,gi|313495152|gb|CP002371.1|,313495152,TACGAAGGGGGCGAGCGTTGTTCGGAATAACTGGGCGTAAAGGGCGCGTAGGCGGGTAATTAAGTTAGGGGTGAAATCCCAAGGCTCAACCTTGGAACTGCCTTTAATACTGGTTATCTAGAGTTTAGGAGAGGTGAGTGGAATTCCGAGTGTAGAGGTGAAATTCGCAGATATTCGGAGGAACACCAGTGGCGAAGGCGGCTCACTGGCCTGATACTGACGCTGAGGCGCGAAAGCGTGGGGAGCAAACAGG,99.605,658172
Candidatus_Liberibacter_49,gi|313495152|gb|CP002371.1|,313495152,TACGAAGGGGGCGAGCGTTGTTCGGAATAACTGGGCGTAAAGGGCGCGTAGGCGGGTAATTAAGTTAGGGGTGAAATCCCAAGGCTCAACCTTGGAACTGCCTTTAATACTGGTTATCTAGAGTTTAGGAGAGGTGAGTGGAATTCCGAGTGTAGAGGTGAAATTCGCAGATATTCGGAGGAACACCAGTGGCGAAGGCGGCTCACTGGCCTGATACTGACGCTGAGGCGCGAAAGCGTGGGGAGCAAACAGG,99.605,658172
Candidatus_Liberibacter_49,gi|258618704|gb|GQ468843.1|,258618704,TACGAAGGGGGCGAGCGTTGTTCGGAATAACTGGGCGTAAAGGGCGCGTAGGCGGGTAATTAAGTTAGGGGTGAAATCCCAAGGCTCAACCTTGGAACTGCCTTTAATACTGGTTATCTAGAGTTCAGGAGAGGTGAGTGGAATTCCGAGTGTAGAGGTGAAATTCGCAGATATTCGGAGGAACACCAGTGGCGAAGGCGGCTCACTGGCCTGATACTGACGCTGAGGCGCGAAAGCGTGGGGAGCAAACAGG,100.000,556287
Candidatus_Liberibacter_49,gi|229488154|gb|FJ395219.1|,229488154,TACGAAGGGGGCGAGCGTTGTTCGGAATAACTGGGCGTAAAGGGCGCGTAGGCGGGTAATTAAGTTAGGGGTGAAATCCCAAGGCTCAACCTTGGAACTGCCTTTAATACTGGTTATCTAGAGTTCAGGAGAGGTGAGTGGAATTCCGAGTGTAGAGGTGAAATTCGCAGATATTCGGAGGAACACCAGTGGCGAAGGCGGCTCACTGGCCTGATACTGACGCTGAGGCGCGAAAGCGTGGGGAGCAAACAGG,100.000,643797
Phreatobacter_452,gi|724165962|gb|KM695470.1|,724165962,TACGAAGGGGGCTAGCGTTGTTCGGAATCACTGGGCGTAAAGCGCACGTAGGCGGACCTTTAAGTCAGGGGTGAAAGCCTGGAGCTCAACTCCAGAACTGCCTTTGATACTGGAGGTCTCGAGTGTGGAAGAGGTTGGTGGAACTGCGAGTGTAGAGGTGAAATTCGTAGATATTCGCAAGAACACCAGTGGCGAAGGCGGCCAACTGGTCCATTACTGACGCTGAGGTGCGAAAGCGTGGGGAGCAAACAGG,100.000,77133
Phreatobacter_452,gi|724272579|gb|KM802087.1|,724272579,TACGTAGGGGGCTAGCGTTGTTCGGAATCACTGGGCGTAAAGCGCACGTAGGCGGACCTTTAAGTCAGGGGTGAAAGCCTGGAGCTCAACTCCAGAACTGCCTTTGATACTGGAGGTCTCGAGTGTGGAAGAGGTTGGTGGAACTGCGAGTGTAGAGGTGAAATTCGTAGATATTCGCAAGAACACCAGTGGCGAAGGCGGCCAACTGGTCCATTACTGACGCTGAGGTGCGAAAGCGTGGGGAGCAAACAGG,99.605,77133
Phreatobacter_452,gi|724254569|gb|KM784077.1|,724254569,TACGAAGGGGGCTAGCGTTGTTCGGAATCACTGGGCGTAAAGCGCACGTAGGCGGACCTTTAAGTCAGGGGTGAAAGCCTGGAGCTCAACTCCAGAACTGCCTTTGATATTGGAGGTCTCGAGTGTGGAAGAGGTTGGTGGAACTGCGAGTGTAGAGGTGAAATTCGTAGATATTCGCAAGAACACCAGTGGCGAAGGCGGCCAACTGGTCCATTACTGACGCTGAGGTGCGAAAGCGTGGGGAGCAAACAGG,99.605,77133
Phreatobacter_452,gi|152003459|gb|EF648045.1|,152003459,TACGAAGGGGGCTAGCGTTGTTCGGAATCACTGGGCGTAAAGCGCGCGTAGGCGGACCTTTAAGTCAGGGGTGAAAGCCTGGAGCTCAACTCCAGAACTGCCTTTGATACTGGAGGTCTCGAGTGTGGAAGAGGTTGGTGGAACTGCGAGTGTAGAGGTGAAATTCGTAGATATTCGCAAGAACACCAGTGGCGAAGGCGGCCAACTGGTCCATTACTGACGCTGAGGTGCGAAAGCGTGGGGAGCAAACAGG,99.605,337523
Phreatobacter_452,gi|2266892|gb|AF007948.1|,2266892,TACGAAGGGGGCTAGCGTTGTTCGGAATCACTGGGCGTAAAGCGCACGTAGGCGGACCTTTAAGTCAGGGGTGAAAGCCTGGAGCTCAACTCCAGAACTGCCTTTGATACTGGAGGTCTCGAGTATGGAAGAGGTTGGTGGAACTGCGAGTGTAGAGGTGAAATTCGTAGATATTCGCAAGAACACCAGTGGCGAAGGCGGCCAACTGGTCCATTACTGACGCTGAGGTGCGAAAGCGTGGGGAGCAAACAGG,99.605,62815
Phreatobacter_452,gi|1673378|emb|Z82966.1|,1673378,GAAGGGGGCTAGCGTTGTTCGGAATCACTGGGCGTAAAGCGCACGTAGGCGGACCTTTAAGTCAGGGGTGAAAGCCTGGAGCTCAACTCCAGAACTGCCTTTGATACTGGAGGTCTCGAGTATGGAAGAGGTTGGTGGAACTGCGAGTGTAGAGGTGAAATTCGTAGATATTCGCAAGAACACCAGTGGCGAAGGCGGCCAACTGGTCCATTACTGACGCTGAGGTGCGAAAGCGTGGGGAGCAAACAGG,99.600,77133
Phreatobacter_452,gi|724181664|gb|KM711172.1|,724181664,CGAAGGGGGCTATCGTTGTTCGGAATCACTGGGCGTAAAGCGCACGTAGGCGGACCTTTAAGTCAGGGGTGAAAGCCTGGAGCTCAACTCCAGAACTGCCTTTGATACTGGAGGTCTCGAGTGTGGAAGAGGTTGGTGGAACTGCGAGTGTAGAGGTGAAATTCGTAGATATTCGCAAGAACACCAGTGGCGAAGGCGGCCAACTGGTCCATTACTGACGCTGAGGTGCGAAAGCGTGGGGAGAAAACAGG,99.203,77133
Phreatobacter_452,gi|724181062|gb|KM710570.1|,724181062,TACGAAGGGGGCTAGCGTTGTTCGGCATCACTGGGCGTAAAGCGCACGTAGGCGGACCTTTAAGTCAGGGGTGAAAGCCTGGAGCTCAACTCCAGAACTGCCTTTGATACTGGAGGTCTCGAGTGTGGAAGAGGTTGGTGGAACTGCGAGTGTAGAGGTGAAATTCGTAGATATTCGCAAGAACACCAGTGGCGAAGGCGGCCAACTGGTCCATTACTGACGCTGAGGTGCGAAAGTGTGGGTAGCAAACAGG,98.814,77133
Phreatobacter_452,gi|371787112|emb|HE583095.1|,371787112,TACGAAGGGGGCTAGCGTTGTTCGGAATCACTGGGCGTAAAGCGCACGTAGGCGGACCATTAAGTCAGGGGTGAAAGCCTGGAGCTCAACTCCAGAACTGCCTTTGATACTGATGGTCTCGAGTGTGGAAGAGGTTGGTGGAACTGCGAGTGTAGAGGTGAAATTCGTAGATATTCGCAAGAACACCAGTGGCGAAGGCGGCCAACTGGTCCATTACTGACGCTGAGGTGCGAAAGCGTGGGGAGCAAACAGG,98.814,77133
Phreatobacter_452,gi|371787086|emb|HE583069.1|,371787086,TACGAAGGGGGCTAGCGTTGTTCGGAATCACTGGGCGTAAAGCGCACGTAGGCGGACCATTAAGTCAGGGGTGAAAGCCTGGAGCTCAACTCCAGAACTGCCTTTGATACTGATGGTCTCGAGTGTGGAAGAGGTTGGTGGAACTGCGAGTGTAGAGGTGAAATTCGTAGATATTCGCAAGAACACCAGTGGCGAAGGCGGCCAACTGGTCCATTACTGACGCTGAGGTGCGAAAGCGTGGGGAGCAAACAGG,98.814,77133
Phreatobacter.oligotrophus_478,gi|674184011|gb|KM172450.1|,674184011,TACGAAGGGGGCTAGCGTTGTTCGGAATCACTGGGCGTAAAGCGCACGTAGGCGGACCATTAAGTCAGGGGTGAAAGCCTGGAGCTCAACTCCAGAACTGCCTTTGATACTGATGGTCTCGAGTTCGGAAGAGGTTGGTGGAACTGCGAGTGTAGAGGTGAAATTCGTAGATATTCGCAAGAACACCAGTGGCGAAGGCGGCCAACTGGTCCGATACTGACGCTGAGGTGCGAAAGCGTGGGGAGCAAACAGG,100.000,77133
Phreatobacter.oligotrophus_478,gi|666416585|emb|LK985387.1|,666416585,TACGAAGGGGGCTAGCGTTGTTCGGAATCACTGGGCGTAAAGCGCACGTAGGCGGACCATTAAGTCAGGGGTGAAAGCCTGGAGCTCAACTCCAGAACTGCCTTTGATACTGATGGTCTCGAGTTCGGAAGAGGTTGGTGGAACTGCGAGTGTAGAGGTGAAATTCGTAGATATTCGCAAGAACACCAGTGGCGAAGGCGGCCAACTGGTCCGATACTGACGCTGAGGTGCGAAAGCGTGGGGAGCAAACAGG,100.000,1522316
Phreatobacter.oligotrophus_478,gi|575397051|gb|KF830576.1|,575397051,TACGAAGGGGGCTAGCGTTGTTCGGAATCACTGGGCGTAAAGCGCACGTAGGCGGACCATTAAGTCAGGGGTGAAAGCCTGGAGCTCAACTCCAGAACTGCCTTTGATACTGATGGTCTCGAGTTCGGAAGAGGTTGGTGGAACTGCGAGTGTAGAGGTGAAATTCGTAGATATTCGCAAGAACACCAGTGGCGAAGGCGGCCAACTGGTCCGATACTGACGCTGAGGTGCGAAAGCGTGGGGAGCAAACAGG,100.000,77133
Phreatobacter.oligotrophus_478,gi|512128170|gb|KC872562.1|,512128170,TACGAAGGGGGCTAGCGTTGTTCGGAATCACTGGGCGTAAAGCGCACGTAGGCGGACCATTAAGTCAGGGGTGAAAGCCTGGAGCTCAACTCCAGAACTGCCTTTGATACTGATGGTCTCGAGTTCGGAAGAGGTTGGTGGAACTGCGAGTGTAGAGGTGAAATTCGTAGATATTCGCAAGAACACCAGTGGCGAAGGCGGCCAACTGGTCCGATACTGACGCTGAGGTGCGAAAGCGTGGGGAGCAAACAGG,100.000,77133
Phreatobacter.oligotrophus_478,gi|512127762|gb|KC872154.1|,512127762,TACGAAGGGGGCTAGCGTTGTTCGGAATCACTGGGCGTAAAGCGCACGTAGGCGGACCATTAAGTCAGGGGTGAAAGCCTGGAGCTCAACTCCAGAACTGCCTTTGATACTGATGGTCTCGAGTTCGGAAGAGGTTGGTGGAACTGCGAGTGTAGAGGTGAAATTCGTAGATATTCGCAAGAACACCAGTGGCGAAGGCGGCCAACTGGTCCGATACTGACGCTGAGGTGCGAAAGCGTGGGGAGCAAACAGG,100.000,77133
Phreatobacter.oligotrophus_478,gi|511202281|gb|KC607456.1|,511202281,TACGAAGGGGGCTAGCGTTGTTCGGAATCACTGGGCGTAAAGCGCACGTAGGCGGACCATTAAGTCAGGGGTGAAAGCCTGGAGCTCAACTCCAGAACTGCCTTTGATACTGATGGTCTCGAGTTCGGAAGAGGTTGGTGGAACTGCGAGTGTAGAGGTGAAATTCGTAGATATTCGCAAGAACACCAGTGGCGAAGGCGGCCAACTGGTCCGATACTGACGCTGAGGTGCGAAAGCGTGGGGAGCAAACAGG,100.000,77133
Phreatobacter.oligotrophus_478,gi|440507871|gb|KC001865.1|,440507871,TACGAAGGGGGCTAGCGTTGTTCGGAATCACTGGGCGTAAAGCGCACGTAGGCGGACCATTAAGTCAGGGGTGAAAGCCTGGAGCTCAACTCCAGAACTGCCTTTGATACTGATGGTCTCGAGTTCGGAAGAGGTTGGTGGAACTGCGAGTGTAGAGGTGAAATTCGTAGATATTCGCAAGAACACCAGTGGCGAAGGCGGCCAACTGGTCCGATACTGACGCTGAGGTGCGAAAGCGTGGGGAGCAAACAGG,100.000,13136
Phreatobacter.oligotrophus_478,gi|440507758|gb|KC001752.1|,440507758,TACGAAGGGGGCTAGCGTTGTTCGGAATCACTGGGCGTAAAGCGCACGTAGGCGGACCATTAAGTCAGGGGTGAAAGCCTGGAGCTCAACTCCAGAACTGCCTTTGATACTGATGGTCTCGAGTTCGGAAGAGGTTGGTGGAACTGCGAGTGTAGAGGTGAAATTCGTAGATATTCGCAAGAACACCAGTGGCGAAGGCGGCCAACTGGTCCGATACTGACGCTGAGGTGCGAAAGCGTGGGGAGCAAACAGG,100.000,13136
Phreatobacter.oligotrophus_478,gi|440507661|gb|KC001655.1|,440507661,TACGAAGGGGGCTAGCGTTGTTCGGAATCACTGGGCGTAAAGCGCACGTAGGCGGACCATTAAGTCAGGGGTGAAAGCCTGGAGCTCAACTCCAGAACTGCCTTTGATACTGATGGTCTCGAGTTCGGAAGAGGTTGGTGGAACTGCGAGTGTAGAGGTGAAATTCGTAGATATTCGCAAGAACACCAGTGGCGAAGGCGGCCAACTGGTCCGATACTGACGCTGAGGTGCGAAAGCGTGGGGAGCAAACAGG,100.000,13136
Phreatobacter.oligotrophus_478,gi|440507334|gb|KC001328.1|,440507334,TACGAAGGGGGCTAGCGTTGTTCGGAATCACTGGGCGTAAAGCGCACGTAGGCGGACCATTAAGTCAGGGGTGAAAGCCTGGAGCTCAACTCCAGAACTGCCTTTGATACTGATGGTCTCGAGTTCGGAAGAGGTTGGTGGAACTGCGAGTGTAGAGGTGAAATTCGTAGATATTCGCAAGAACACCAGTGGCGAAGGCGGCCAACTGGTCCGATACTGACGCTGAGGTGCGAAAGCGTGGGGAGCAAACAGG,100.000,13136
