Pedobacter_34,gi|485091434|gb|JQ977622.1|,485091434,TACGGAGGATCCAAGCGTTATCCGGATTTATTGGGTTTAAAGGGTGCGTAGGCGGCCCGTTAAGTCAGGGGTGAAAGACGGTAGCTCAACTATCGCAGTGCCTTTGATACTGACGGGCTTGAATGAACTAGAGGTAGGCGGAATGAGACAAGTAGCGGTGAAATGCATAGATATGTCTCAGAACACCGATTGCGAAGGCAGCTTACTATGGTTTAATTGACGCTGAGGCACGAAAGCGTGGGGATCAAACAGG,100.000,1327296
Pedobacter_34,gi|485090865|gb|JQ977057.1|,485090865,TACGGAGGATCCAAGCGTTATCCGGATTTATTGGGTTTAAAGGGTGCGTAGGCGGCCCGTTAAGTCAGGGGTGAAAGACGGTAGCTCAACTATCGCAGTGCCTTTGATACTGACGGGCTTGAATGAACTAGAGGTAGGCGGAATGAGACAAGTAGCGGTGAAATGCATAGATATGTCTCAGAACACCGATTGCGAAGGCAGCTTACTATGGTTTAATTGACGCTGAGGCACGAAAGCGTGGGGATCAAACAGG,100.000,1327266
Pedobacter_34,gi|357932481|gb|JN176581.1|,357932481,TACGGAGGATCCAAGCGTTATCCGGATTTATTGGGTTTAAAGGGTGCGTAGGCGGCCCGTTAAGTCAGGGGTGAAAGACGGTAGCTCAACTATCGCAGTGCCTTTGATACTGACGGGCTTGAATGAACTAGAGGTAGGCGGAATGAGACAAGTAGCGGTGAAATGCATAGATATGTCTCAGAACACCGATTGCGAAGGCAGCTTACTATGGTTTAATTGACGCTGAGGCACGAAAGCGTGGGGATCAAACAGG,100.000,1112863
Pedobacter_34,gi|345808262|gb|JN571318.1|,345808262,TACGGAGGATCCAAGCGTTATCCGGATTTATTGGGTTTAAAGGGTGCGTAGGCGGCCCGTTAAGTCAGGGGTGAAAGACGGTAGCTCAACTATCGCAGTGCCTTTGATACTGACGGGCTTGAATGAACTAGAGGTAGGCGGAATGAGACAAGTAGCGGTGAAATGCATAGATATGTCTCAGAACACCGATTGCGAAGGCAGCTTACTATGGTTTAATTGACGCTGAGGCACGAAAGCGTGGGGATCAAACAGG,100.000,1081191
Pedobacter_34,gi|257143824|emb|FN421516.1|,257143824,TACGGAGGATCCAAGCGTTATCCGGATTTATTGGGTTTAAAGGGTGCGTAGGCGGCCCGTTAAGTCAGGGGTGAAAGACGGTAGCTCAACTATCGCAGTGCCTTTGATACTGACGGGCTTGAATGAACTAGAGGTAGGCGGAATGAGACAAGTAGCGGTGAAATGCATAGATATGTCTCAGAACACCGATTGCGAAGGCAGCTTACTATGGTTTAATTGACGCTGAGGCACGAAAGCGTGGGGATCAAACAGG,100.000,77133
Pedobacter_34,gi|257143817|emb|FN421509.1|,257143817,TACGGAGGATCCAAGCGTTATCCGGATTTATTGGGTTTAAAGGGTGCGTAGGCGGCCCGTTAAGTCAGGGGTGAAAGACGGTAGCTCAACTATCGCAGTGCCTTTGATACTGACGGGCTTGAATGAACTAGAGGTAGGCGGAATGAGACAAGTAGCGGTGAAATGCATAGATATGTCTCAGAACACCGATTGCGAAGGCAGCTTACTATGGTTTAATTGACGCTGAGGCACGAAAGCGTGGGGATCAAACAGG,100.000,77133
Pedobacter_34,gi|119675390|gb|EF154189.1|,119675390,TACGGAGGATCCAAGCGTTATCCGGATTTATTGGGTTTAAAGGGTGCGTAGGCGGCCCGTTAAGTCAGGGGTGAAAGACGGTAGCTCAACTATCGCAGTGCCTTTGATACTGACGGGCTTGAATGAACTAGAGGTAGGCGGAATGAGACAAGTAGCGGTGAAATGCATAGATATGTCTCAGAACACCGATTGCGAAGGCAGCTTACTATGGTTTAATTGACGCTGAGGCACGAAAGCGTGGGGATCAAACAGG,100.000,77133
Pedobacter_34,gi|119675361|gb|EF154160.1|,119675361,TACGGAGGATCCAAGCGTTATCCGGATTTATTGGGTTTAAAGGGTGCGTAGGCGGCCCGTTAAGTCAGGGGTGAAAGACGGTAGCTCAACTATCGCAGTGCCTTTGATACTGACGGGCTTGAATGAACTAGAGGTAGGCGGAATGAGACAAGTAGCGGTGAAATGCATAGATATGTCTCAGAACACCGATTGCGAAGGCAGCTTACTATGGTTTAATTGACGCTGAGGCACGAAAGCGTGGGGATCAAACAGG,100.000,77133
Pedobacter_34,gi|15212639|gb|AY038766.1|,15212639,TACGGAGGATCCAAGCGTTATCCGGATTTATTGGGTTTAAAGGGTGCGTAGGCGGCCCGTTAAGTCAGGGGTGAAAGACGGTAGCTCAACTATCGCAGTGCCTTTGATACTGACGGGCTTGAATGAACTAGAGGTAGGCGGAATGAGACAAGTAGCGGTGAAATGCATAGATATGTCTCAGAACACCGATTGCGAAGGCAGCTTACTATGGTTTAATTGACGCTGAGGCACGAAAGCGTGGGGATCAAACAGG,100.000,152509
Pedobacter_34,gi|89258000|gb|DQ151837.2|,89258000,TACGGAGGATCCAAGCGTTATCCGGATTTATTGGGTTTAAAGGGTGCGTAGGCGGCCCGTTAAGTCAGGGGTGAAAGACGGTAGCTCAACTATCGCAGTGCCTTTGATACTGACGGGCTTGAATGAACTAGAGGTAGGCGGAATGAGACAAGTAGCGGTGAAATGCATAGATATGTCTCAGAACACCGATTGCGAAGGCAGCTTACTATGGTTTAATTGACGCTGAGGCACGAAAGCGTGGGGATCAAACAGG,100.000,341210
Pedobacter.panaciterrae_99,gi|751360071|gb|KP081508.1|,751360071,TACGGAGGATCCAAGCGTTATCCGGATTTATTGGGTTTAAAGGGTGCGTAGGCGGCTTATTAAGTCAGGGGTGAAAGACGGTGGCTCAACCATCGCAGTGCCTTTGATACTGATGAGCTTGAATGAACTAGAGGTAGGCGGAATGTGACAAGTAGCGGTGAAATGCATAGATATGTCACAGAACACCGATTGCGAAGGCAGCTTACTATGGTTTTATTGACGCTGAGGCACGAAAGCGTGGGGATCAAACAGG,100.000,1567088
Pedobacter.panaciterrae_99,gi|747024379|gb|KM507251.1|,747024379,TACGGAGGATCCAAGCGTTATCCGGATTTATTGGGTTTAAAGGGTGCGTAGGCGGCTTATTAAGTCAGGGGTGAAAGACGGTGGCTCAACCATCGCAGTGCCTTTGATACTGATGAGCTTGAATGAACTAGAGGTAGGCGGAATGTGACAAGTAGCGGTGAAATGCATAGATATGTCACAGAACACCGATTGCGAAGGCAGCTTACTATGGTTTTATTGACGCTGAGGCACGAAAGCGTGGGGATCAAACAGG,100.000,77133
Pedobacter.panaciterrae_99,gi|674148878|gb|KM144864.1|,674148878,TACGGAGGATCCAAGCGTTATCCGGATTTATTGGGTTTAAAGGGTGCGTAGGCGGCTTATTAAGTCAGGGGTGAAAGACGGTGGCTCAACCATCGCAGTGCCTTTGATACTGATGAGCTTGAATGAACTAGAGGTAGGCGGAATGTGACAAGTAGCGGTGAAATGCATAGATATGTCACAGAACACCGATTGCGAAGGCAGCTTACTATGGTTTTATTGACGCTGAGGCACGAAAGCGTGGGGATCAAACAGG,100.000,77133
Pedobacter.panaciterrae_99,gi|674145459|gb|KM141445.1|,674145459,TACGGAGGATCCAAGCGTTATCCGGATTTATTGGGTTTAAAGGGTGCGTAGGCGGCTTATTAAGTCAGGGGTGAAAGACGGTGGCTCAACCATCGCAGTGCCTTTGATACTGATGAGCTTGAATGAACTAGAGGTAGGCGGAATGTGACAAGTAGCGGTGAAATGCATAGATATGTCACAGAACACCGATTGCGAAGGCAGCTTACTATGGTTTTATTGACGCTGAGGCACGAAAGCGTGGGGATCAAACAGG,100.000,77133
Pedobacter.panaciterrae_99,gi|674142405|gb|KM138391.1|,674142405,TACGGAGGATCCAAGCGTTATCCGGATTTATTGGGTTTAAAGGGTGCGTAGGCGGCTTATTAAGTCAGGGGTGAAAGACGGTGGCTCAACCATCGCAGTGCCTTTGATACTGATGAGCTTGAATGAACTAGAGGTAGGCGGAATGTGACAAGTAGCGGTGAAATGCATAGATATGTCACAGAACACCGATTGCGAAGGCAGCTTACTATGGTTTTATTGACGCTGAGGCACGAAAGCGTGGGGATCAAACAGG,100.000,77133
Pedobacter.panaciterrae_99,gi|674124602|gb|KM125670.1|,674124602,TACGGAGGATCCAAGCGTTATCCGGATTTATTGGGTTTAAAGGGTGCGTAGGCGGCTTATTAAGTCAGGGGTGAAAGACGGTGGCTCAACCATCGCAGTGCCTTTGATACTGATGAGCTTGAATGAACTAGAGGTAGGCGGAATGTGACAAGTAGCGGTGAAATGCATAGATATGTCACAGAACACCGATTGCGAAGGCAGCTTACTATGGTTTTATTGACGCTGAGGCACGAAAGCGTGGGGATCAAACAGG,100.000,77133
Pedobacter.panaciterrae_99,gi|674124184|gb|KM125252.1|,674124184,TACGGAGGATCCAAGCGTTATCCGGATTTATTGGGTTTAAAGGGTGCGTAGGCGGCTTATTAAGTCAGGGGTGAAAGACGGTGGCTCAACCATCGCAGTGCCTTTGATACTGATGAGCTTGAATGAACTAGAGGTAGGCGGAATGTGACAAGTAGCGGTGAAATGCATAGATATGTCACAGAACACCGATTGCGAAGGCAGCTTACTATGGTTTTATTGACGCTGAGGCACGAAAGCGTGGGGATCAAACAGG,100.000,77133
Pedobacter.panaciterrae_99,gi|674124075|gb|KM125143.1|,674124075,TACGGAGGATCCAAGCGTTATCCGGATTTATTGGGTTTAAAGGGTGCGTAGGCGGCTTATTAAGTCAGGGGTGAAAGACGGTGGCTCAACCATCGCAGTGCCTTTGATACTGATGAGCTTGAATGAACTAGAGGTAGGCGGAATGTGACAAGTAGCGGTGAAATGCATAGATATGTCACAGAACACCGATTGCGAAGGCAGCTTACTATGGTTTTATTGACGCTGAGGCACGAAAGCGTGGGGATCAAACAGG,100.000,77133
Pedobacter.panaciterrae_99,gi|674122125|gb|KM123193.1|,674122125,TACGGAGGATCCAAGCGTTATCCGGATTTATTGGGTTTAAAGGGTGCGTAGGCGGCTTATTAAGTCAGGGGTGAAAGACGGTGGCTCAACCATCGCAGTGCCTTTGATACTGATGAGCTTGAATGAACTAGAGGTAGGCGGAATGTGACAAGTAGCGGTGAAATGCATAGATATGTCACAGAACACCGATTGCGAAGGCAGCTTACTATGGTTTTATTGACGCTGAGGCACGAAAGCGTGGGGATCAAACAGG,100.000,77133
Pedobacter.panaciterrae_99,gi|674120961|gb|KM122029.1|,674120961,TACGGAGGATCCAAGCGTTATCCGGATTTATTGGGTTTAAAGGGTGCGTAGGCGGCTTATTAAGTCAGGGGTGAAAGACGGTGGCTCAACCATCGCAGTGCCTTTGATACTGATGAGCTTGAATGAACTAGAGGTAGGCGGAATGTGACAAGTAGCGGTGAAATGCATAGATATGTCACAGAACACCGATTGCGAAGGCAGCTTACTATGGTTTTATTGACGCTGAGGCACGAAAGCGTGGGGATCAAACAGG,100.000,77133
Pedobacter.aquatilis_152,gi|674125272|gb|KM126340.1|,674125272,TACGGAGGATCCAAGCGTTATCCGGATTTATTGGGTTTAAAGGGTGCGTAGGCGGCAGTTTAAGTCAGAGGTGAAAGACGGTAGCTCAACTATCGCAGTGCCTTTGATACTGAATTGCTTGAATGAACTAGAGGTAGGCGGAATGAGACAAGTAGCGGTGAAATGCATAGATATGTCTCAGAACACCGATTGCGAAGGCAGCTTACTATGGTTTTATTGACGCTGAGGCACGAAAGCGTGGGGATCAAACAGG,100.000,77133
Pedobacter.aquatilis_152,gi|674123743|gb|KM124811.1|,674123743,TACGGAGGATCCAAGCGTTATCCGGATTTATTGGGTTTAAAGGGTGCGTAGGCGGCAGTTTAAGTCAGAGGTGAAAGACGGTAGCTCAACTATCGCAGTGCCTTTGATACTGAATTGCTTGAATGAACTAGAGGTAGGCGGAATGAGACAAGTAGCGGTGAAATGCATAGATATGTCTCAGAACACCGATTGCGAAGGCAGCTTACTATGGTTTTATTGACGCTGAGGCACGAAAGCGTGGGGATCAAACAGG,100.000,77133
Pedobacter.aquatilis_152,gi|674123500|gb|KM124568.1|,674123500,TACGGAGGATCCAAGCGTTATCCGGATTTATTGGGTTTAAAGGGTGCGTAGGCGGCAGTTTAAGTCAGAGGTGAAAGACGGTAGCTCAACTATCGCAGTGCCTTTGATACTGAATTGCTTGAATGAACTAGAGGTAGGCGGAATGAGACAAGTAGCGGTGAAATGCATAGATATGTCTCAGAACACCGATTGCGAAGGCAGCTTACTATGGTTTTATTGACGCTGAGGCACGAAAGCGTGGGGATCAAACAGG,100.000,77133
Pedobacter.aquatilis_152,gi|674123408|gb|KM124476.1|,674123408,TACGGAGGATCCAAGCGTTATCCGGATTTATTGGGTTTAAAGGGTGCGTAGGCGGCAGTTTAAGTCAGAGGTGAAAGACGGTAGCTCAACTATCGCAGTGCCTTTGATACTGAATTGCTTGAATGAACTAGAGGTAGGCGGAATGAGACAAGTAGCGGTGAAATGCATAGATATGTCTCAGAACACCGATTGCGAAGGCAGCTTACTATGGTTTTATTGACGCTGAGGCACGAAAGCGTGGGGATCAAACAGG,100.000,77133
Pedobacter.aquatilis_152,gi|674122598|gb|KM123666.1|,674122598,TACGGAGGATCCAAGCGTTATCCGGATTTATTGGGTTTAAAGGGTGCGTAGGCGGCAGTTTAAGTCAGAGGTGAAAGACGGTAGCTCAACTATCGCAGTGCCTTTGATACTGAATTGCTTGAATGAACTAGAGGTAGGCGGAATGAGACAAGTAGCGGTGAAATGCATAGATATGTCTCAGAACACCGATTGCGAAGGCAGCTTACTATGGTTTTATTGACGCTGAGGCACGAAAGCGTGGGGATCAAACAGG,100.000,77133
Pedobacter.aquatilis_152,gi|674122533|gb|KM123601.1|,674122533,TACGGAGGATCCAAGCGTTATCCGGATTTATTGGGTTTAAAGGGTGCGTAGGCGGCAGTTTAAGTCAGAGGTGAAAGACGGTAGCTCAACTATCGCAGTGCCTTTGATACTGAATTGCTTGAATGAACTAGAGGTAGGCGGAATGAGACAAGTAGCGGTGAAATGCATAGATATGTCTCAGAACACCGATTGCGAAGGCAGCTTACTATGGTTTTATTGACGCTGAGGCACGAAAGCGTGGGGATCAAACAGG,100.000,77133
Pedobacter.aquatilis_152,gi|674122383|gb|KM123451.1|,674122383,TACGGAGGATCCAAGCGTTATCCGGATTTATTGGGTTTAAAGGGTGCGTAGGCGGCAGTTTAAGTCAGAGGTGAAAGACGGTAGCTCAACTATCGCAGTGCCTTTGATACTGAATTGCTTGAATGAACTAGAGGTAGGCGGAATGAGACAAGTAGCGGTGAAATGCATAGATATGTCTCAGAACACCGATTGCGAAGGCAGCTTACTATGGTTTTATTGACGCTGAGGCACGAAAGCGTGGGGATCAAACAGG,100.000,77133
Pedobacter.aquatilis_152,gi|674121106|gb|KM122174.1|,674121106,TACGGAGGATCCAAGCGTTATCCGGATTTATTGGGTTTAAAGGGTGCGTAGGCGGCAGTTTAAGTCAGAGGTGAAAGACGGTAGCTCAACTATCGCAGTGCCTTTGATACTGAATTGCTTGAATGAACTAGAGGTAGGCGGAATGAGACAAGTAGCGGTGAAATGCATAGATATGTCTCAGAACACCGATTGCGAAGGCAGCTTACTATGGTTTTATTGACGCTGAGGCACGAAAGCGTGGGGATCAAACAGG,100.000,77133
Pedobacter.aquatilis_152,gi|674120386|gb|KM121454.1|,674120386,TACGGAGGATCCAAGCGTTATCCGGATTTATTGGGTTTAAAGGGTGCGTAGGCGGCAGTTTAAGTCAGAGGTGAAAGACGGTAGCTCAACTATCGCAGTGCCTTTGATACTGAATTGCTTGAATGAACTAGAGGTAGGCGGAATGAGACAAGTAGCGGTGAAATGCATAGATATGTCTCAGAACACCGATTGCGAAGGCAGCTTACTATGGTTTTATTGACGCTGAGGCACGAAAGCGTGGGGATCAAACAGG,100.000,77133
Pedobacter.aquatilis_152,gi|674120205|gb|KM121273.1|,674120205,TACGGAGGATCCAAGCGTTATCCGGATTTATTGGGTTTAAAGGGTGCGTAGGCGGCAGTTTAAGTCAGAGGTGAAAGACGGTAGCTCAACTATCGCAGTGCCTTTGATACTGAATTGCTTGAATGAACTAGAGGTAGGCGGAATGAGACAAGTAGCGGTGAAATGCATAGATATGTCTCAGAACACCGATTGCGAAGGCAGCTTACTATGGTTTTATTGACGCTGAGGCACGAAAGCGTGGGGATCAAACAGG,100.000,77133
Pedobacter_143,gi|528775321|gb|KC904978.1|,528775321,TACGGAGGATCCAAGCGTTATCCGGATTTATTGGGTTTAAAGGGTGCGTAGGCGGCTTATTAAGTCAGGGGTGAAAGACGGTGGCTCAACCATCGCAGTGCCTTTGATACTGATGAGCTTGAATACACTAGAGGTAGGCGGAATGTGACAAGTAGCGGTGAAATGCATAGATATGTCACAGAACACCGATTGCGAAGGCAGCTTACTATGGTGTCATTGACGCTGAGGCACGAAAGCGTGGGGATCAAACAGG,100.000,1378308
Pedobacter_143,gi|514390347|gb|KF150694.1|,514390347,TACGGAGGATCCAAGCGTTATCCGGATTTATTGGGTTTAAAGGGTGCGTAGGCGGCTTATTAAGTCAGGGGTGAAAGACGGTGGCTCAACCATCGCAGTGCCTTTGATACTGATGAGCTTGAATACACTAGAGGTAGGCGGAATGTGACAAGTAGCGGTGAAATGCATAGATATGTCACAGAACACCGATTGCGAAGGCAGCTTACTATGGTGTCATTGACGCTGAGGCACGAAAGCGTGGGGATCAAACAGG,100.000,1338429
Pedobacter_143,gi|484355583|gb|KC788012.1|,484355583,TACGGAGGATCCAAGCGTTATCCGGATTTATTGGGTTTAAAGGGTGCGTAGGCGGCTTATTAAGTCAGGGGTGAAAGACGGTGGCTCAACCATCGCAGTGCCTTTGATACTGATGAGCTTGAATACACTAGAGGTAGGCGGAATGTGACAAGTAGCGGTGAAATGCATAGATATGTCACAGAACACCGATTGCGAAGGCAGCTTACTATGGTGTCATTGACGCTGAGGCACGAAAGCGTGGGGATCAAACAGG,100.000,188932
Pedobacter_143,gi|395629215|gb|JQ307051.1|,395629215,TACGGAGGATCCAAGCGTTATCCGGATTTATTGGGTTTAAAGGGTGCGTAGGCGGCTTATTAAGTCAGGGGTGAAAGACGGTGGCTCAACCATCGCAGTGCCTTTGATACTGATGAGCTTGAATACACTAGAGGTAGGCGGAATGTGACAAGTAGCGGTGAAATGCATAGATATGTCACAGAACACCGATTGCGAAGGCAGCTTACTATGGTGTCATTGACGCTGAGGCACGAAAGCGTGGGGATCAAACAGG,100.000,77133
Pedobacter_143,gi|395629213|gb|JQ307049.1|,395629213,TACGGAGGATCCAAGCGTTATCCGGATTTATTGGGTTTAAAGGGTGCGTAGGCGGCTTATTAAGTCAGGGGTGAAAGACGGTGGCTCAACCATCGCAGTGCCTTTGATACTGATGAGCTTGAATACACTAGAGGTAGGCGGAATGTGACAAGTAGCGGTGAAATGCATAGATATGTCACAGAACACCGATTGCGAAGGCAGCTTACTATGGTGTCATTGACGCTGAGGCACGAAAGCGTGGGGATCAAACAGG,100.000,77133
Pedobacter_143,gi|284519881|gb|FJ946543.1|,284519881,TACGGAGGATCCAAGCGTTATCCGGATTTATTGGGTTTAAAGGGTGCGTAGGCGGCTTATTAAGTCAGGGGTGAAAGACGGTGGCTCAACCATCGCAGTGCCTTTGATACTGATGAGCTTGAATACACTAGAGGTAGGCGGAATGTGACAAGTAGCGGTGAAATGCATAGATATGTCACAGAACACCGATTGCGAAGGCAGCTTACTATGGTGTCATTGACGCTGAGGCACGAAAGCGTGGGGATCAAACAGG,100.000,246139
Pedobacter_143,gi|238560938|gb|FJ979862.1|,238560938,TACGGAGGATCCAAGCGTTATCCGGATTTATTGGGTTTAAAGGGTGCGTAGGCGGCTTATTAAGTCAGGGGTGAAAGACGGTGGCTCAACCATCGCAGTGCCTTTGATACTGATGAGCTTGAATACACTAGAGGTAGGCGGAATGTGACAAGTAGCGGTGAAATGCATAGATATGTCACAGAACACCGATTGCGAAGGCAGCTTACTATGGTGTCATTGACGCTGAGGCACGAAAGCGTGGGGATCAAACAGG,100.000,647865
Pedobacter_143,gi|217031055|gb|FJ517612.1|,217031055,TACGGAGGATCCAAGCGTTATCCGGATTTATTGGGTTTAAAGGGTGCGTAGGCGGCTTATTAAGTCAGGGGTGAAAGACGGTGGCTCAACCATCGCAGTGCCTTTGATACTGATGAGCTTGAATACACTAGAGGTAGGCGGAATGTGACAAGTAGCGGTGAAATGCATAGATATGTCACAGAACACCGATTGCGAAGGCAGCTTACTATGGTGTCATTGACGCTGAGGCACGAAAGCGTGGGGATCAAACAGG,100.000,580003
Pedobacter_143,gi|187711723|gb|EU647529.1|,187711723,TACGGAGGATCCAAGCGTTATCCGGATTTATTGGGTTTAAAGGGTGCGTAGGCGGCTTATTAAGTCAGGGGTGAAAGACGGTGGCTCAACCATCGCAGTGCCTTTGATACTGATGAGCTTGAATACACTAGAGGTAGGCGGAATGTGACAAGTAGCGGTGAAATGCATAGATATGTCACAGAACACCGATTGCGAAGGCAGCTTACTATGGTGTCATTGACGCTGAGGCACGAAAGCGTGGGGATCAAACAGG,100.000,246139
Pedobacter_143,gi|167508858|gb|EU375388.1|,167508858,TACGGAGGATCCAAGCGTTATCCGGATTTATTGGGTTTAAAGGGTGCGTAGGCGGCTTATTAAGTCAGGGGTGAAAGACGGTGGCTCAACCATCGCAGTGCCTTTGATACTGATGAGCTTGAATACACTAGAGGTAGGCGGAATGTGACAAGTAGCGGTGAAATGCATAGATATGTCACAGAACACCGATTGCGAAGGCAGCTTACTATGGTGTCATTGACGCTGAGGCACGAAAGCGTGGGGATCAAACAGG,100.000,502196
Pedobacter_168,gi|485091499|gb|JQ977687.1|,485091499,TACGGAGGATCCAAGCGTTATCCGGATTTATTGGGTTTAAAGGGTGCGTAGGCGGCCTGTTAAGTCAGGGGTGAAAGACGGTAGCTCAACTATCGCAGTGCCCTTGATACTGATGGGCTTGAATGAACTAGAGGTAGGCGGAATGAGACAAGTAGCGGTGAAATGCATAGATATGTCTCAGAACACCGATTGCGAAGGCAGCTTACTATGGTTTAATTGACGCTGAGGCACGAAAGCGTGGGGATCAAACAGG,100.000,1327294
Pedobacter_168,gi|485091480|gb|JQ977668.1|,485091480,TACGGAGGATCCAAGCGTTATCCGGATTTATTGGGTTTAAAGGGTGCGTAGGCGGCCTGTTAAGTCAGGGGTGAAAGACGGTAGCTCAACTATCGCAGTGCCCTTGATACTGATGGGCTTGAATGAACTAGAGGTAGGCGGAATGAGACAAGTAGCGGTGAAATGCATAGATATGTCTCAGAACACCGATTGCGAAGGCAGCTTACTATGGTTTAATTGACGCTGAGGCACGAAAGCGTGGGGATCAAACAGG,100.000,1327280
Pedobacter_168,gi|485091441|gb|JQ977629.1|,485091441,TACGGAGGATCCAAGCGTTATCCGGATTTATTGGGTTTAAAGGGTGCGTAGGCGGCCTGTTAAGTCAGGGGTGAAAGACGGTAGCTCAACTATCGCAGTGCCCTTGATACTGATGGGCTTGAATGAACTAGAGGTAGGCGGAATGAGACAAGTAGCGGTGAAATGCATAGATATGTCTCAGAACACCGATTGCGAAGGCAGCTTACTATGGTTTAATTGACGCTGAGGCACGAAAGCGTGGGGATCAAACAGG,100.000,1327278
Pedobacter_168,gi|485091237|gb|JQ977426.1|,485091237,TACGGAGGATCCAAGCGTTATCCGGATTTATTGGGTTTAAAGGGTGCGTAGGCGGCCTGTTAAGTCAGGGGTGAAAGACGGTAGCTCAACTATCGCAGTGCCCTTGATACTGATGGGCTTGAATGAACTAGAGGTAGGCGGAATGAGACAAGTAGCGGTGAAATGCATAGATATGTCTCAGAACACCGATTGCGAAGGCAGCTTACTATGGTTTAATTGACGCTGAGGCACGAAAGCGTGGGGATCAAACAGG,100.000,1327256
Pedobacter_168,gi|485090795|gb|JQ976988.1|,485090795,TACGGAGGATCCAAGCGTTATCCGGATTTATTGGGTTTAAAGGGTGCGTAGGCGGCCTGTTAAGTCAGGGGTGAAAGACGGTAGCTCAACTATCGCAGTGCCCTTGATACTGATGGGCTTGAATGAACTAGAGGTAGGCGGAATGAGACAAGTAGCGGTGAAATGCATAGATATGTCTCAGAACACCGATTGCGAAGGCAGCTTACTATGGTTTAATTGACGCTGAGGCACGAAAGCGTGGGGATCAAACAGG,100.000,1327254
Pedobacter_168,gi|478731582|emb|HF936837.1|,478731582,TACGGAGGATCCAAGCGTTATCCGGATTTATTGGGTTTAAAGGGTGCGTAGGCGGCCTGTTAAGTCAGGGGTGAAAGACGGTAGCTCAACTATCGCAGTGCCCTTGATACTGATGGGCTTGAATGAACTAGAGGTAGGCGGAATGAGACAAGTAGCGGTGAAATGCATAGATATGTCTCAGAACACCGATTGCGAAGGCAGCTTACTATGGTTTAATTGACGCTGAGGCACGAAAGCGTGGGGATCAAACAGG,100.000,1319907
Pedobacter_168,gi|429324661|emb|HF564250.1|,429324661,TACGGAGGATCCAAGCGTTATCCGGATTTATTGGGTTTAAAGGGTGCGTAGGCGGCCTGTTAAGTCAGGGGTGAAAGACGGTAGCTCAACTATCGCAGTGCCCTTGATACTGATGGGCTTGAATGAACTAGAGGTAGGCGGAATGAGACAAGTAGCGGTGAAATGCATAGATATGTCTCAGAACACCGATTGCGAAGGCAGCTTACTATGGTTTAATTGACGCTGAGGCACGAAAGCGTGGGGATCAAACAGG,100.000,152509
Pedobacter_168,gi|425706947|gb|JX869971.1|,425706947,TACGGAGGATCCAAGCGTTATCCGGATTTATTGGGTTTAAAGGGTGCGTAGGCGGCCTGTTAAGTCAGGGGTGAAAGACGGTAGCTCAACTATCGCAGTGCCCTTGATACTGATGGGCTTGAATGAACTAGAGGTAGGCGGAATGAGACAAGTAGCGGTGAAATGCATAGATATGTCTCAGAACACCGATTGCGAAGGCAGCTTACTATGGTTTAATTGACGCTGAGGCACGAAAGCGTGGGGATCAAACAGG,100.000,475254
Pedobacter_168,gi|119675389|gb|EF154188.1|,119675389,TACGGAGGATCCAAGCGTTATCCGGATTTATTGGGTTTAAAGGGTGCGTAGGCGGCCTGTTAAGTCAGGGGTGAAAGACGGTAGCTCAACTATCGCAGTGCCCTTGATACTGATGGGCTTGAATGAACTAGAGGTAGGCGGAATGAGACAAGTAGCGGTGAAATGCATAGATATGTCTCAGAACACCGATTGCGAAGGCAGCTTACTATGGTTTAATTGACGCTGAGGCACGAAAGCGTGGGGATCAAACAGG,100.000,77133
Pedobacter_168,gi|119675315|gb|EF154114.1|,119675315,TACGGAGGATCCAAGCGTTATCCGGATTTATTGGGTTTAAAGGGTGCGTAGGCGGCCTGTTAAGTCAGGGGTGAAAGACGGTAGCTCAACTATCGCAGTGCCCTTGATACTGATGGGCTTGAATGAACTAGAGGTAGGCGGAATGAGACAAGTAGCGGTGAAATGCATAGATATGTCTCAGAACACCGATTGCGAAGGCAGCTTACTATGGTTTAATTGACGCTGAGGCACGAAAGCGTGGGGATCAAACAGG,100.000,77133
Pedobacter_231,gi|538775125|dbj|AB794483.1|,538775125,TACGGAGGATCCAAGCGTTATCCGGATTTATTGGGTTTAAAGGGTGCGTAGGCGGCCTGTTAAGTCAGAGGTGAAAGACGGTAGCTCAACTATCGCAGTGCCTTTGATACTGATGGGCTTGAATGAACTAGAGGTAGGCGGAATGAGACAAGTAGCGGTGAAATGCATAGATATGTCTCAGAACACCGATTGCGAAGGCAGCTTACTATGGTTTTATTGACGCTGAGGCACGAAAGCGTGGGGATCAAACAGG,100.000,77133
Pedobacter_231,gi|485090800|gb|JQ976993.1|,485090800,TACGGAGGATCCAAGCGTTATCCGGATTTATTGGGTTTAAAGGGTGCGTAGGCGGCCTGTTAAGTCAGAGGTGAAAGACGGTAGCTCAACTATCGCAGTGCCTTTGATACTGATGGGCTTGAATGAACTAGAGGTAGGCGGAATGAGACAAGTAGCGGTGAAATGCATAGATATGTCTCAGAACACCGATTGCGAAGGCAGCTTACTATGGTTTTATTGACGCTGAGGCACGAAAGCGTGGGGATCAAACAGG,100.000,1327438
Pedobacter_231,gi|440494791|gb|KC252614.1|,440494791,TACGGAGGATCCAAGCGTTATCCGGATTTATTGGGTTTAAAGGGTGCGTAGGCGGCCTGTTAAGTCAGAGGTGAAAGACGGTAGCTCAACTATCGCAGTGCCTTTGATACTGATGGGCTTGAATGAACTAGAGGTAGGCGGAATGAGACAAGTAGCGGTGAAATGCATAGATATGTCTCAGAACACCGATTGCGAAGGCAGCTTACTATGGTTTTATTGACGCTGAGGCACGAAAGCGTGGGGATCAAACAGG,100.000,1268550
Pedobacter_231,gi|387175427|gb|JQ229618.1|,387175427,TACGGAGGATCCAAGCGTTATCCGGATTTATTGGGTTTAAAGGGTGCGTAGGCGGCCTGTTAAGTCAGAGGTGAAAGACGGTAGCTCAACTATCGCAGTGCCTTTGATACTGATGGGCTTGAATGAACTAGAGGTAGGCGGAATGAGACAAGTAGCGGTGAAATGCATAGATATGTCTCAGAACACCGATTGCGAAGGCAGCTTACTATGGTTTTATTGACGCTGAGGCACGAAAGCGTGGGGATCAAACAGG,100.000,1186026
Pedobacter_231,gi|322118878|gb|JF139753.1|,322118878,TACGGAGGATCCAAGCGTTATCCGGATTTATTGGGTTTAAAGGGTGCGTAGGCGGCCTGTTAAGTCAGAGGTGAAAGACGGTAGCTCAACTATCGCAGTGCCTTTGATACTGATGGGCTTGAATGAACTAGAGGTAGGCGGAATGAGACAAGTAGCGGTGAAATGCATAGATATGTCTCAGAACACCGATTGCGAAGGCAGCTTACTATGGTTTTATTGACGCTGAGGCACGAAAGCGTGGGGATCAAACAGG,100.000,77133
Pedobacter_231,gi|315258717|dbj|AB509409.1|,315258717,TACGGAGGATCCAAGCGTTATCCGGATTTATTGGGTTTAAAGGGTGCGTAGGCGGCCTGTTAAGTCAGAGGTGAAAGACGGTAGCTCAACTATCGCAGTGCCTTTGATACTGATGGGCTTGAATGAACTAGAGGTAGGCGGAATGAGACAAGTAGCGGTGAAATGCATAGATATGTCTCAGAACACCGATTGCGAAGGCAGCTTACTATGGTTTTATTGACGCTGAGGCACGAAAGCGTGGGGATCAAACAGG,100.000,653881
Pedobacter_231,gi|239909300|gb|GQ225682.1|,239909300,TACGGAGGATCCAAGCGTTATCCGGATTTATTGGGTTTAAAGGGTGCGTAGGCGGCCTGTTAAGTCAGAGGTGAAAGACGGTAGCTCAACTATCGCAGTGCCTTTGATACTGATGGGCTTGAATGAACTAGAGGTAGGCGGAATGAGACAAGTAGCGGTGAAATGCATAGATATGTCTCAGAACACCGATTGCGAAGGCAGCTTACTATGGTTTTATTGACGCTGAGGCACGAAAGCGTGGGGATCAAACAGG,100.000,651871
Pedobacter_231,gi|151935537|gb|EF660752.1|,151935537,TACGGAGGATCCAAGCGTTATCCGGATTTATTGGGTTTAAAGGGTGCGTAGGCGGCCTGTTAAGTCAGAGGTGAAAGACGGTAGCTCAACTATCGCAGTGCCTTTGATACTGATGGGCTTGAATGAACTAGAGGTAGGCGGAATGAGACAAGTAGCGGTGAAATGCATAGATATGTCTCAGAACACCGATTGCGAAGGCAGCTTACTATGGTTTTATTGACGCTGAGGCACGAAAGCGTGGGGATCAAACAGG,100.000,453844
Pedobacter_231,gi|674129247|gb|KM130315.1|,674129247,TACGGAGGATCCAAGCGTTATCCGGATTTATTGGGTTTAAAGGGTGCGTAGGCGGCCTGTTAAGTCAGAGGTGAAAGACGGTAGCTCAACTATCGCAGTGCCTTTGATACTGACGGGCTTGAATGAACTAGAGGTAGGCGGAATGAGACAAGTAGCGGTGAAATGCATAGATATGTCTCAGAACACCGATTGCGAAGGCAGCTTACTATGGTTTTATTGACGCTGAGGCACGAAAGCGTGGGGATCAAACAGG,99.605,77133
Pedobacter_231,gi|485091221|gb|JQ977410.1|,485091221,TACGGAGGATCCAAGCGTTATCCGGATTTATTGGGTTTAAAGGGTGCGTAGGCGGCCTGTTAAGTCAGAGGTGAAAGACGGTAGCTCAACTATCGCAGTGCCTTTGATACTGACGGGCTTGAATGAACTAGAGGTAGGCGGAATGAGACAAGTAGCGGTGAAATGCATAGATATGTCTCAGAACACCGATTGCGAAGGCAGCTTACTATGGTTTTATTGACGCTGAGGCACGAAAGCGTGGGGATCAAACAGG,99.605,1327437
Pedobacter.cryoconitis_234,gi|674129415|gb|KM130483.1|,674129415,TACGGAGGATCCAAGCGTTATCCGGATTTATTGGGTTTAAAGGGTGCGTAGGCGGCTTTTTAAGTCAGGGGTGAAAGACGGTGGCTCAACCATCGCAGTGCCCTTGATACTGAAGAGCTTGAATGAACTAGAGGTAGGCGGAATGTGACAAGTAGCGGTGAAATGCATAGATATGTCACAGAACACCGATTGCGAAGGCAGCTTACTATGGTTATATTGACGCTGAGGCACGAAAGCGTGGGGATCAAACAGG,100.000,77133
Pedobacter.cryoconitis_234,gi|325667934|gb|HQ824869.1|,325667934,TACGGAGGATCCAAGCGTTATCCGGATTTATTGGGTTTAAAGGGTGCGTAGGCGGCTTTTTAAGTCAGGGGTGAAAGACGGTGGCTCAACCATCGCAGTGCCCTTGATACTGAAGAGCTTGAATGAACTAGAGGTAGGCGGAATGTGACAAGTAGCGGTGAAATGCATAGATATGTCACAGAACACCGATTGCGAAGGCAGCTTACTATGGTTATATTGACGCTGAGGCACGAAAGCGTGGGGATCAAACAGG,100.000,188932
Pedobacter.cryoconitis_234,gi|296972349|gb|HM278754.1|,296972349,TACGGAGGATCCAAGCGTTATCCGGATTTATTGGGTTTAAAGGGTGCGTAGGCGGCTTTTTAAGTCAGGGGTGAAAGACGGTGGCTCAACCATCGCAGTGCCCTTGATACTGAAGAGCTTGAATGAACTAGAGGTAGGCGGAATGTGACAAGTAGCGGTGAAATGCATAGATATGTCACAGAACACCGATTGCGAAGGCAGCTTACTATGGTTATATTGACGCTGAGGCACGAAAGCGTGGGGATCAAACAGG,100.000,77133
Pedobacter.cryoconitis_234,gi|225632732|emb|FN293269.1|,225632732,TACGGAGGATCCAAGCGTTATCCGGATTTATTGGGTTTAAAGGGTGCGTAGGCGGCTTTTTAAGTCAGGGGTGAAAGACGGTGGCTCAACCATCGCAGTGCCCTTGATACTGAAGAGCTTGAATGAACTAGAGGTAGGCGGAATGTGACAAGTAGCGGTGAAATGCATAGATATGTCACAGAACACCGATTGCGAAGGCAGCTTACTATGGTTATATTGACGCTGAGGCACGAAAGCGTGGGGATCAAACAGG,100.000,629597
Pedobacter.cryoconitis_234,gi|186976146|gb|EU637886.1|,186976146,TACGGAGGATCCAAGCGTTATCCGGATTTATTGGGTTTAAAGGGTGCGTAGGCGGCTTTTTAAGTCAGGGGTGAAAGACGGTGGCTCAACCATCGCAGTGCCCTTGATACTGAAGAGCTTGAATGAACTAGAGGTAGGCGGAATGTGACAAGTAGCGGTGAAATGCATAGATATGTCACAGAACACCGATTGCGAAGGCAGCTTACTATGGTTATATTGACGCTGAGGCACGAAAGCGTGGGGATCAAACAGG,100.000,524386
Pedobacter.cryoconitis_234,gi|170791203|gb|EU547449.1|,170791203,TACGGAGGATCCAAGCGTTATCCGGATTTATTGGGTTTAAAGGGTGCGTAGGCGGCTTTTTAAGTCAGGGGTGAAAGACGGTGGCTCAACCATCGCAGTGCCCTTGATACTGAAGAGCTTGAATGAACTAGAGGTAGGCGGAATGTGACAAGTAGCGGTGAAATGCATAGATATGTCACAGAACACCGATTGCGAAGGCAGCTTACTATGGTTATATTGACGCTGAGGCACGAAAGCGTGGGGATCAAACAGG,100.000,513205
Pedobacter.cryoconitis_234,gi|219878395|ref|NR_025534.1|,219878395,TACGGAGGATCCAAGCGTTATCCGGATTTATTGGGTTTAAAGGGTGCGTAGGCGGCTTTTTAAGTCAGGGGTGAAAGACGGTGGCTCAACCATCGCAGTGCCCTTGATACTGAAGAGCTTGAATGAACTAGAGGTAGGCGGAATGTGACAAGTAGCGGTGAAATGCATAGATATGTCACAGAACACCGATTGCGAAGGCAGCTTACTATGGTTATATTGACGCTGAGGCACGAAAGCGTGGGGATCAAACAGG,100.000,188932
Pedobacter.cryoconitis_234,gi|674131409|gb|KM132477.1|,674131409,TACGGAGGATCCAAGCGTTATCCGGATTTATTGGGTTTAAAGGGTGCGTAGGCGGCTTTTTAAGTCAGGGGTGAAAGACGGTGGCTCAACCATCGCAGTGCCCTTGATACTGGAGAGCTTGAATGAACTAGAGGTAGGCGGAATGTGACAAGTAGCGGTGAAATGCATAGATATGTCACAGAACACCGATTGCGAAGGCAGCTTACTATGGTTATATTGACGCTGAGGCACGAAAGCGTGGGGATCAAACAGG,99.605,77133
Pedobacter.cryoconitis_234,gi|558552211|gb|KF577526.1|,558552211,TACGGAGGATCCAAGCGTTATCCGGATTTATTGGGTTTAAAGGGTGCGTAGGCGGCTTTTTAAGTCAGGGGTGAAAGACGGTGGCTCAACCATCGCAGTGCCCTTGATACTGAAGAGCTTGAATGAACTAGAGGTAGGCGGAATGTGACAAGTAGCGGTGAAATGCATAGATATGTCACAGAACACCGATTGCGAAGGCAGCTTACTATGGTTAAATTGACGCTGAGGCACGAAAGCGTGGGGATCAAACAGG,99.605,1424245
Pedobacter.cryoconitis_234,gi|375112054|gb|JQ322873.1|,375112054,TACGGAGGATCCAAGCGTTATCCGGATTTATTGGGTTTAAAGGGTGCGTAGGCGGCTTTTTAAGTCAGGGGTGAAAGACGGTGGCTCAACCATCGCAGTGCCCTTGATACTGAAGAGCTTGAATGAACTAGAGGTAGGCGGAATGTGACAAGTAGCGGTGAAATGCATAGATATGTCACAGAACACCGATTGCGAAGGCAGCTTACTATGGTTATATTGACGCTGAGGCACGAAAGCGTGGGGGATCAAACAGG,99.606,1144817
Pedobacter.ginsengiterrae_176,gi|674144610|gb|KM140596.1|,674144610,TACGGAGGATCCAAGCGTTATCCGGATTTATTGGGTTTAAAGGGTGCGTAGGCGGCCTGTTAAGTCAGAGGTGAAAGACGGTAGCTCAACTATCGCAGTGCCTTTGATACTGACGGGCTTGAATAAACTAGAGGTAGGCGGAATGAGACAAGTAGCGGTGAAATGCATAGATATGTCTCAGAACACCGATTGCGAAGGCAGCTTACTATGGTTTTATTGACGCTGAGGCACGAAAGCGTGGGGATCAAACAGG,100.000,77133
Pedobacter.ginsengiterrae_176,gi|674123567|gb|KM124635.1|,674123567,TACGGAGGATCCAAGCGTTATCCGGATTTATTGGGTTTAAAGGGTGCGTAGGCGGCCTGTTAAGTCAGAGGTGAAAGACGGTAGCTCAACTATCGCAGTGCCTTTGATACTGACGGGCTTGAATAAACTAGAGGTAGGCGGAATGAGACAAGTAGCGGTGAAATGCATAGATATGTCTCAGAACACCGATTGCGAAGGCAGCTTACTATGGTTTTATTGACGCTGAGGCACGAAAGCGTGGGGATCAAACAGG,100.000,77133
Pedobacter.ginsengiterrae_176,gi|674118298|gb|KM119366.1|,674118298,TACGGAGGATCCAAGCGTTATCCGGATTTATTGGGTTTAAAGGGTGCGTAGGCGGCCTGTTAAGTCAGAGGTGAAAGACGGTAGCTCAACTATCGCAGTGCCTTTGATACTGACGGGCTTGAATAAACTAGAGGTAGGCGGAATGAGACAAGTAGCGGTGAAATGCATAGATATGTCTCAGAACACCGATTGCGAAGGCAGCTTACTATGGTTTTATTGACGCTGAGGCACGAAAGCGTGGGGATCAAACAGG,100.000,77133
Pedobacter.ginsengiterrae_176,gi|478731745|emb|HF937000.1|,478731745,TACGGAGGATCCAAGCGTTATCCGGATTTATTGGGTTTAAAGGGTGCGTAGGCGGCCTGTTAAGTCAGAGGTGAAAGACGGTAGCTCAACTATCGCAGTGCCTTTGATACTGACGGGCTTGAATAAACTAGAGGTAGGCGGAATGAGACAAGTAGCGGTGAAATGCATAGATATGTCTCAGAACACCGATTGCGAAGGCAGCTTACTATGGTTTTATTGACGCTGAGGCACGAAAGCGTGGGGATCAAACAGG,100.000,1319954
Pedobacter.ginsengiterrae_176,gi|387911659|emb|HE814749.2|,387911659,TACGGAGGATCCAAGCGTTATCCGGATTTATTGGGTTTAAAGGGTGCGTAGGCGGCCTGTTAAGTCAGAGGTGAAAGACGGTAGCTCAACTATCGCAGTGCCTTTGATACTGACGGGCTTGAATAAACTAGAGGTAGGCGGAATGAGACAAGTAGCGGTGAAATGCATAGATATGTCTCAGAACACCGATTGCGAAGGCAGCTTACTATGGTTTTATTGACGCTGAGGCACGAAAGCGTGGGGATCAAACAGG,100.000,1190344
Pedobacter.ginsengiterrae_176,gi|365732787|emb|HE586825.1|,365732787,TACGGAGGATCCAAGCGTTATCCGGATTTATTGGGTTTAAAGGGTGCGTAGGCGGCCTGTTAAGTCAGAGGTGAAAGACGGTAGCTCAACTATCGCAGTGCCTTTGATACTGACGGGCTTGAATAAACTAGAGGTAGGCGGAATGAGACAAGTAGCGGTGAAATGCATAGATATGTCTCAGAACACCGATTGCGAAGGCAGCTTACTATGGTTTTATTGACGCTGAGGCACGAAAGCGTGGGGATCAAACAGG,100.000,77133
Pedobacter.ginsengiterrae_176,gi|322217258|gb|JF231853.1|,322217258,TACGGAGGATCCAAGCGTTATCCGGATTTATTGGGTTTAAAGGGTGCGTAGGCGGCCTGTTAAGTCAGAGGTGAAAGACGGTAGCTCAACTATCGCAGTGCCTTTGATACTGACGGGCTTGAATAAACTAGAGGTAGGCGGAATGAGACAAGTAGCGGTGAAATGCATAGATATGTCTCAGAACACCGATTGCGAAGGCAGCTTACTATGGTTTTATTGACGCTGAGGCACGAAAGCGTGGGGATCAAACAGG,100.000,77133
Pedobacter.ginsengiterrae_176,gi|566085212|ref|NR_109023.1|,566085212,TACGGAGGATCCAAGCGTTATCCGGATTTATTGGGTTTAAAGGGTGCGTAGGCGGCCTGTTAAGTCAGAGGTGAAAGACGGTAGCTCAACTATCGCAGTGCCTTTGATACTGACGGGCTTGAATAAACTAGAGGTAGGCGGAATGAGACAAGTAGCGGTGAAATGCATAGATATGTCTCAGAACACCGATTGCGAAGGCAGCTTACTATGGTTTTATTGACGCTGAGGCACGAAAGCGTGGGGATCAAACAGG,100.000,871696
Pedobacter.ginsengiterrae_176,gi|240004815|gb|GQ157973.1|,240004815,TACGGAGGATCCAAGCGTTATCCGGATTTATTGGGTTTAAAGGGTGCGTAGGCGGCCTGTTAAGTCAGAGGTGAAAGACGGTAGCTCAACTATCGCAGTGCCTTTGATACTGACGGGCTTGAATAAACTAGAGGTAGGCGGAATGAGACAAGTAGCGGTGAAATGCATAGATATGTCTCAGAACACCGATTGCGAAGGCAGCTTACTATGGTTTTATTGACGCTGAGGCACGAAAGCGTGGGGATCAAACAGG,100.000,77133
Pedobacter.ginsengiterrae_176,gi|297015587|gb|HM321992.1|,297015587,TACGGAGGATCCAAGCGTTATCCGGATTTATTGGGTTTAAAGGGTGCGTAGGCGGCCTGTTAAGTCAGAGGTGAAAGACGGTAGCTCAACTATCGCAGTGCCTTTGATACTGACGGGCTTGAATAAACTAGAGGTAGGCGGAATGAGACAAGTAGCGGTGAAATGCATAGATATGTCTCAGAACACCGATTGCGAAGGCAGCTTACTATGGTTTTATTGACGCTGAGGCACGAAAGCGTGGGGATCAAACAGG,100.000,77133
Pedobacter_293,gi|674132449|gb|KM133517.1|,674132449,TACGGAGGATCCAAGCGTTATCCGGATTTATTGGGTTTAAAGGGTGCGTAGGCGGCTTTTTAAGTCAGGGGTGAAAGACGGTGGCTCAACCATCGCAGTGCCCTTGATACTGAAGAGCTTGAATGAACTAGAGGTAGGCGGAATGTGACAAGTAGCGGTGAAATGCATAGATATGTCACAGAACACCGATTGCGAAGGCAGCTTACTATGGTTTAATTGACGCTGAGGCACGAAAGCGTGGGGATCAAACAGG,100.000,77133
Pedobacter_293,gi|558552211|gb|KF577526.1|,558552211,TACGGAGGATCCAAGCGTTATCCGGATTTATTGGGTTTAAAGGGTGCGTAGGCGGCTTTTTAAGTCAGGGGTGAAAGACGGTGGCTCAACCATCGCAGTGCCCTTGATACTGAAGAGCTTGAATGAACTAGAGGTAGGCGGAATGTGACAAGTAGCGGTGAAATGCATAGATATGTCACAGAACACCGATTGCGAAGGCAGCTTACTATGGTTAAATTGACGCTGAGGCACGAAAGCGTGGGGATCAAACAGG,99.605,1424245
Pedobacter_293,gi|322163668|gb|JF178263.1|,322163668,TACGGAGGATCCAAGCGTTATCCGGATTTATTGGGTTTAAAGGGTGCGTAGGCGGCTTTTTAAGTCAGGGGTGAAAGACGGTGGCTCAACCATCGCAGTGCCCTTGATACTGAAGAGCTTGAATGAACTAGAGGTAGGCGGAATGTGACAAGTAGCGGTGAAATGCATAGATATGTCACAGAACACCGATTGCGAAGGCAGCTTACTATGGTTAAATTGACGCTGAGGCACGAAAGCGTGGGGATCAAACAGG,99.605,77133
Pedobacter_293,gi|296964079|gb|HM270484.1|,296964079,TACGGAGGATCCAAGCGTTATCCGGATTTATTGGGTTTAAAGGGTGCGTAGGCGGCTTTTTAAGTCAGGGGTGAAAGACGGTGGCTCAACCATCGCAGTGCCCTTGATACTGAAGAGCTTGAATGAACTAGAGGTAGGCGGAATGTGACAAGTAGCGGTGAAATGCATAGATATGTCACAGAACACCGATTGCGAAGGCAGCTTACTATGGTTAAATTGACGCTGAGGCACGAAAGCGTGGGGATCAAACAGG,99.605,77133
Pedobacter_293,gi|296964000|gb|HM270405.1|,296964000,TACGGAGGATCCAAGCGTTATCCGGATTTATTGGGTTTAAAGGGTGCGTAGGCGGCTTTTTAAGTCAGGGGTGAAAGACGGTGGCTCAACCATCGCAGTGCCCTTGATACTGAAGAGCTTGAATGAACTAGAGGTAGGCGGAATGTGACAAGTAGCGGTGAAATGCATAGATATGTCACAGAACACCGATTGCGAAGGCAGCTTACTATGGTTAAATTGACGCTGAGGCACGAAAGCGTGGGGATCAAACAGG,99.605,77133
Pedobacter_293,gi|290350928|dbj|AB545763.1|,290350928,TACGGAGGATCCAAGCGTTATCCGGATTTATTGGGTTTAAAGGGTGCGTAGGCGGCTTTTTAAGTCAGGGGTGAAAGACGGTGGCTCAACCATCGCAGTGCCCTTGATACTGAAGAGCTTGAATGAACTAGAGGTAGGCGGAATGTGACAAGTAGCGGTGAAATGCATAGATATGTCACAGAACACCGATTGCGAAGGCAGCTTACTATGGTTAAATTGACGCTGAGGCACGAAAGCGTGGGGATCAAACAGG,99.605,717416
Pedobacter_293,gi|281489931|gb|FJ935623.1|,281489931,TACGGAGGATCCAAGCGTTATCCGGATTTATTGGGTTTAAAGGGTGCGTAGGCGGCTTTTTAAGTCAGGGGTGAAAGACGGTGGCTCAACCATCGCAGTGCCCTTGATACTGAAGAGCTTGAATGAACTAGAGGTAGGCGGAATGTGACAAGTAGCGGTGAAATGCATAGATATGTCACAGAACACCGATTGCGAAGGCAGCTTACTATGGTTAAATTGACGCTGAGGCACGAAAGCGTGGGGATCAAACAGG,99.605,77133
Pedobacter_293,gi|197344165|gb|EU978851.1|,197344165,TACGGAGGATCCAAGCGTTATCCGGATTTATTGGGTTTAAAGGGTGCGTAGGCGGCTTTTTAAGTCAGGGGTGAAAGACGGTGGCTCAACCATCGCAGTGCCCTTGATACTGAAGAGCTTGAATGAACTAGAGGTAGGCGGAATGTGACAAGTAGCGGTGAAATGCATAGATATGTCACAGAACACCGATTGCGAAGGCAGCTTACTATGGTTAAATTGACGCTGAGGCACGAAAGCGTGGGGATCAAACAGG,99.605,556536
Pedobacter_293,gi|225632751|emb|FN293288.1|,225632751,TACGGAGGATCCAAGCGTTATCCGGATTTATTGGGTTTAAAGGGTGCGTAGGCGGCTTTTTAAGTCAGGGGTGAAAGACGGTGGCTCAACCATCGCAGTGCCCTTGATACTGAAGAGCTTGAATGAACTAGAGGTAGGCGGAATGTGACAAGTAGCGGTGAAATGCATAGATATGTCACAGAACACCGATTGCGAAGGCAGCTTACTATGGTTAAATTGACGCTGAGGCACGAAAGCGTGGGGATCAAACAGG,99.605,629616
Pedobacter_293,gi|225632730|emb|FN293267.1|,225632730,TACGGAGGATCCAAGCGTTATCCGGATTTATTGGGTTTAAAGGGTGCGTAGGCGGCTTTTTAAGTCAGGGGTGAAAGACGGTGGCTCAACCATCGCAGTGCCCTTGATACTGAAGAGCTTGAATGAACTAGAGGTAGGCGGAATGTGACAAGTAGCGGTGAAATGCATAGATATGTCACAGAACACCGATTGCGAAGGCAGCTTACTATGGTTAAATTGACGCTGAGGCACGAAAGCGTGGGGATCAAACAGG,99.605,629595
Pedobacter_265,gi|674144592|gb|KM140578.1|,674144592,TACGGAGGATCCAAGCGTTATCCGGATTTATTGGGTTTAAAGGGTGCGTAGGCGGCCTGTTAAGTCAGGGGTGAAAGACGGTAGCTCAACTATCGCAGTGCCCTTGATACTGATGGGCTTGAATGGACTAGAGGTAGGCGGAATGAGACAAGTAGCGGTGAAATGCATAGATATGTCTCAGAACACCGATTGCGAAGGCAGCTTACTATGGTTCTATTGACGCTGAGGCACGAAAGCGTGGGGATCAAACAGG,100.000,77133
Pedobacter_265,gi|557602884|gb|KF742683.1|,557602884,TACGGAGGATCCAAGCGTTATCCGGATTTATTGGGTTTAAAGGGTGCGTAGGCGGCCTGTTAAGTCAGGGGTGAAAGACGGTAGCTCAACTATCGCAGTGCCCTTGATACTGATGGGCTTGAATGGACTAGAGGTAGGCGGAATGAGACAAGTAGCGGTGAAATGCATAGATATGTCTCAGAACACCGATTGCGAAGGCAGCTTACTATGGTCCTATTGACGCTGAGGCACGAAAGCGTGGGGATCAAACAGG,99.605,1408813
Pedobacter_265,gi|674152934|gb|KM148920.1|,674152934,TACGGAGGATCCAAGCGTTATCCGGATTTATTGGGTTTAAAGGGTGCGTAGGCGGCCTGTTAAGTCAGGGGTGAAAGACGGTAGCTCAACTATCGCAGTGCCCTTGATACTGATGGGCTTGAATGAACTAGAGGTAGGCGGAATGAGACAAGTAGCGGTGAAATGCATAGATATGTCTCAGAACACCGATTGCGAAGGCAGCTTACTATGGTTCTATTGACGCTGAGGCACGAAAGCGTGGGGATCAAACAGG,99.605,77133
Pedobacter_265,gi|480359167|gb|KC618501.1|,480359167,TACGGAGGATCCAAGCGTTATCCGGATTTATTGGGTTTAAAGGGTGCGTAGGCGGCCTGTTAAGTCAGGGGTGAAAGACGGTAGCTCAACTATCGCAGTGCCCTTGATACTGATGGGCTTGAATGGACTAGAGGTAGGCGGAATGAGACAAGTAGCGGTGAAATGCATAGATATGTCTCAGAACACCGATTGCGAAGGCAGCTTACTATGGTCCTATTGACGCTGAGGCACGAAAGCGTGGGGATCAAACAGG,99.605,1308934
Pedobacter_265,gi|413958034|emb|HF548384.1|,413958034,TACGGAGGATCCAAGCGTTATCCGGATTTATTGGGTTTAAAGGGTGCGTAGGCGGCCTGTTAAGTCAGGGGTGAAAGACGGTAGCTCAACTATCGCAGTGCCCTTGATACTGATGGGCTTGAATGGACTAGAGGTAGGCGGAATGAGACAAGTAGCGGTGAAATGCATAGATATGTCTCAGAACACCGATTGCGAAGGCAGCTTACTATGGTCCTATTGACGCTGAGGCACGAAAGCGTGGGGATCAAACAGG,99.605,1256710
Pedobacter_265,gi|403083546|gb|JX172342.1|,403083546,TACGGAGGATCCAAGCGTTATCCGGATTTATTGGGTTTAAAGGGTGCGTAGGCGGCCTGTTAAGTCAGGGGTGAAAGACGGTAGCTCAACTATCGCAGTGCCCTTGATACTGATGGGCTTGAATGGACTAGAGGTAGGCGGAATGAGACAAGTAGCGGTGAAATGCATAGATATGTCTCAGAACACCGATTGCGAAGGCAGCTTACTATGGTTCTATTGACGCTGAGGCACGAAAGCGTGGGGATCGAACAGG,99.605,77133
Pedobacter_265,gi|403083533|gb|JX172329.1|,403083533,TACGGAGGATCCAAGCGTTATCCGGATTTATTGGGTTTAAAGGGTGCGTAGGCGGCCTGTTAAGTCAGGGGTGAAAGACGGTAGCTCAACTATCGCAGTGCCCTTGATACTGATGGGCTTGAATGGACTAGAGGTAGGCGGAATGAGACAAGTAGCGGTGAAATGCATAGATATGTCTCAGAACACCGATTGCGAAGGCAGCTTACTATGGTTCTATTGACGCTGAGGCACGAAAGCGTGGGGATCGAACAGG,99.605,77133
Pedobacter_265,gi|403083503|gb|JX172299.1|,403083503,TACGGAGGATCCAAGCGTTATCCGGATTTATTGGGTTTAAAGGGTGCGTAGGCGGCCTGTTAAGTCAGGGGTGAAAGACGGTAGCTCAACTATCGCAGTGCCCTTGATACTGATGGGCTTGAATGGACTAGAGGTAGGCGGAATGAGACAAGTAGCGGTGAAATGCATAGATATGTCTCAGAACACCGATTGCGAAGGCAGCTTACTATGGTTCTATTGACGCTGAGGCACGAAAGCGTGGGGATCGAACAGG,99.605,77133
Pedobacter_265,gi|359803894|dbj|AB680843.1|,359803894,TACGGAGGATCCAAGCGTTATCCGGATTTATTGGGTTTAAAGGGTGCGTAGGCGGCCTGTTAAGTCAGGGGTGAAAGACGGTAGCTCAACTATCGCAGTGCCCTTGATACTGATGGGCTTGAATGGACTAGAGGTAGGCGGAATGAGACAAGTAGCGGTGAAATGCATAGATATGTCTCAGAACACCGATTGCGAAGGCAGCTTACTATGGTCCTATTGACGCTGAGGCACGAAAGCGTGGGGATCAAACAGG,99.605,1113649
Pedobacter_265,gi|297034598|gb|HM341003.1|,297034598,TACGGAGGATCCAAGCGTTATCCGGATTTATTGGGTTTAAAGGGTGCGTAGGCGGCCTGTTAAGTCAGGGGTGAAAGACGGTAGCTCAACTATCGCAGTGCCCTTGATACTGATGGGCTTGAATGGACTAGAGGTAGGCGGAATGAGACAAGTAGCGGTGAAATGCATAGATATGTCTCAGAACACCGATTGCGAAGGCAGCTTACTATGGTCCTATTGACGCTGAGGCACGAAAGCGTGGGGATCAAACAGG,99.605,77133
Pedobacter_333,gi|751662973|gb|KP231737.1|,751662973,TACGGAGGATCCAAGCGTTATCCGGATTTATTGGGTTTAAAGGGTGCGTAGGCGGCCTGTTAAGTCAGGGGTGAAAGACGGTAGCTCAACTATCGCAGTGCCCTTGATACTGATGGGCTTGAATGGACTAGAGGTAGGCGGAATGAGACAAGTAGCGGTGAAATGCATAGATATGTCTCAGAACACCGATTGCGAAGGCAGCTTACTATGGTCTTATTGACGCTGAGGCACGAAAGCGTGGGGATCAAACAGG,100.000,246139
Pedobacter_333,gi|747024363|gb|KM507235.1|,747024363,TACGGAGGATCCAAGCGTTATCCGGATTTATTGGGTTTAAAGGGTGCGTAGGCGGCCTGTTAAGTCAGGGGTGAAAGACGGTAGCTCAACTATCGCAGTGCCCTTGATACTGATGGGCTTGAATGGACTAGAGGTAGGCGGAATGAGACAAGTAGCGGTGAAATGCATAGATATGTCTCAGAACACCGATTGCGAAGGCAGCTTACTATGGTCTTATTGACGCTGAGGCACGAAAGCGTGGGGATCAAACAGG,100.000,77133
Pedobacter_333,gi|747023480|gb|KM658497.1|,747023480,TACGGAGGATCCAAGCGTTATCCGGATTTATTGGGTTTAAAGGGTGCGTAGGCGGCCTGTTAAGTCAGGGGTGAAAGACGGTAGCTCAACTATCGCAGTGCCCTTGATACTGATGGGCTTGAATGGACTAGAGGTAGGCGGAATGAGACAAGTAGCGGTGAAATGCATAGATATGTCTCAGAACACCGATTGCGAAGGCAGCTTACTATGGTCTTATTGACGCTGAGGCACGAAAGCGTGGGGATCAAACAGG,100.000,390242
Pedobacter_333,gi|747023465|gb|KM658482.1|,747023465,TACGGAGGATCCAAGCGTTATCCGGATTTATTGGGTTTAAAGGGTGCGTAGGCGGCCTGTTAAGTCAGGGGTGAAAGACGGTAGCTCAACTATCGCAGTGCCCTTGATACTGATGGGCTTGAATGGACTAGAGGTAGGCGGAATGAGACAAGTAGCGGTGAAATGCATAGATATGTCTCAGAACACCGATTGCGAAGGCAGCTTACTATGGTCTTATTGACGCTGAGGCACGAAAGCGTGGGGATCAAACAGG,100.000,336820
Pedobacter_333,gi|747023461|gb|KM658478.1|,747023461,TACGGAGGATCCAAGCGTTATCCGGATTTATTGGGTTTAAAGGGTGCGTAGGCGGCCTGTTAAGTCAGGGGTGAAAGACGGTAGCTCAACTATCGCAGTGCCCTTGATACTGATGGGCTTGAATGGACTAGAGGTAGGCGGAATGAGACAAGTAGCGGTGAAATGCATAGATATGTCTCAGAACACCGATTGCGAAGGCAGCTTACTATGGTCTTATTGACGCTGAGGCACGAAAGCGTGGGGATCAAACAGG,100.000,336820
Pedobacter_333,gi|725096864|gb|KM253140.1|,725096864,TACGGAGGATCCAAGCGTTATCCGGATTTATTGGGTTTAAAGGGTGCGTAGGCGGCCTGTTAAGTCAGGGGTGAAAGACGGTAGCTCAACTATCGCAGTGCCCTTGATACTGATGGGCTTGAATGGACTAGAGGTAGGCGGAATGAGACAAGTAGCGGTGAAATGCATAGATATGTCTCAGAACACCGATTGCGAAGGCAGCTTACTATGGTCTTATTGACGCTGAGGCACGAAAGCGTGGGGATCAAACAGG,100.000,1534092
Pedobacter_333,gi|724408572|gb|KM817278.1|,724408572,TACGGAGGATCCAAGCGTTATCCGGATTTATTGGGTTTAAAGGGTGCGTAGGCGGCCTGTTAAGTCAGGGGTGAAAGACGGTAGCTCAACTATCGCAGTGCCCTTGATACTGATGGGCTTGAATGGACTAGAGGTAGGCGGAATGAGACAAGTAGCGGTGAAATGCATAGATATGTCTCAGAACACCGATTGCGAAGGCAGCTTACTATGGTCTTATTGACGCTGAGGCACGAAAGCGTGGGGATCAAACAGG,100.000,475253
Pedobacter_333,gi|697252310|emb|LN541453.1|,697252310,TACGGAGGATCCAAGCGTTATCCGGATTTATTGGGTTTAAAGGGTGCGTAGGCGGCCTGTTAAGTCAGGGGTGAAAGACGGTAGCTCAACTATCGCAGTGCCCTTGATACTGATGGGCTTGAATGGACTAGAGGTAGGCGGAATGAGACAAGTAGCGGTGAAATGCATAGATATGTCTCAGAACACCGATTGCGAAGGCAGCTTACTATGGTCTTATTGACGCTGAGGCACGAAAGCGTGGGGATCAAACAGG,100.000,77133
Pedobacter_333,gi|693584313|gb|KM102626.1|,693584313,TACGGAGGATCCAAGCGTTATCCGGATTTATTGGGTTTAAAGGGTGCGTAGGCGGCCTGTTAAGTCAGGGGTGAAAGACGGTAGCTCAACTATCGCAGTGCCCTTGATACTGATGGGCTTGAATGGACTAGAGGTAGGCGGAATGAGACAAGTAGCGGTGAAATGCATAGATATGTCTCAGAACACCGATTGCGAAGGCAGCTTACTATGGTCTTATTGACGCTGAGGCACGAAAGCGTGGGGATCAAACAGG,100.000,77133
Pedobacter_333,gi|674150643|gb|KM146629.1|,674150643,TACGGAGGATCCAAGCGTTATCCGGATTTATTGGGTTTAAAGGGTGCGTAGGCGGCCTGTTAAGTCAGGGGTGAAAGACGGTAGCTCAACTATCGCAGTGCCCTTGATACTGATGGGCTTGAATGGACTAGAGGTAGGCGGAATGAGACAAGTAGCGGTGAAATGCATAGATATGTCTCAGAACACCGATTGCGAAGGCAGCTTACTATGGTCTTATTGACGCTGAGGCACGAAAGCGTGGGGATCAAACAGG,100.000,77133
Pedobacter.hartonius_267,gi|674149963|gb|KM145949.1|,674149963,TACGGAGGATCCAAGCGTTATCCGGATTTATTGGGTTTAAAGGGTGCGTAGGCGGCTTTTTAAGTCAGGGGTGAAAGACGGTAGCTCAACTATCGCAGTGCCCTTGATACTGAAGAGCTTGAATGGACTAGAGGTAGGCGGAATGTGACAAGTAGCGGTGAAATGCATAGATATGTCACAGAACACCGATTGCGAAGGCAGCTTACTATGGTTTTATTGACGCTGAGGCACGAAAGCGTGGGGATCAAACAGG,100.000,77133
Pedobacter.hartonius_267,gi|674132399|gb|KM133467.1|,674132399,TACGGAGGATCCAAGCGTTATCCGGATTTATTGGGTTTAAAGGGTGCGTAGGCGGCTTTTTAAGTCAGGGGTGAAAGACGGTAGCTCAACTATCGCAGTGCCCTTGATACTGAAGAGCTTGAATGGACTAGAGGTAGGCGGAATGTGACAAGTAGCGGTGAAATGCATAGATATGTCACAGAACACCGATTGCGAAGGCAGCTTACTATGGTTTTATTGACGCTGAGGCACGAAAGCGTGGGGATCAAACAGG,100.000,77133
Pedobacter.hartonius_267,gi|674132071|gb|KM133139.1|,674132071,TACGGAGGATCCAAGCGTTATCCGGATTTATTGGGTTTAAAGGGTGCGTAGGCGGCTTTTTAAGTCAGGGGTGAAAGACGGTAGCTCAACTATCGCAGTGCCCTTGATACTGAAGAGCTTGAATGGACTAGAGGTAGGCGGAATGTGACAAGTAGCGGTGAAATGCATAGATATGTCACAGAACACCGATTGCGAAGGCAGCTTACTATGGTTTTATTGACGCTGAGGCACGAAAGCGTGGGGATCAAACAGG,100.000,77133
Pedobacter.hartonius_267,gi|674131941|gb|KM133009.1|,674131941,TACGGAGGATCCAAGCGTTATCCGGATTTATTGGGTTTAAAGGGTGCGTAGGCGGCTTTTTAAGTCAGGGGTGAAAGACGGTAGCTCAACTATCGCAGTGCCCTTGATACTGAAGAGCTTGAATGGACTAGAGGTAGGCGGAATGTGACAAGTAGCGGTGAAATGCATAGATATGTCACAGAACACCGATTGCGAAGGCAGCTTACTATGGTTTTATTGACGCTGAGGCACGAAAGCGTGGGGATCAAACAGG,100.000,77133
Pedobacter.hartonius_267,gi|674130158|gb|KM131226.1|,674130158,TACGGAGGATCCAAGCGTTATCCGGATTTATTGGGTTTAAAGGGTGCGTAGGCGGCTTTTTAAGTCAGGGGTGAAAGACGGTAGCTCAACTATCGCAGTGCCCTTGATACTGAAGAGCTTGAATGGACTAGAGGTAGGCGGAATGTGACAAGTAGCGGTGAAATGCATAGATATGTCACAGAACACCGATTGCGAAGGCAGCTTACTATGGTTTTATTGACGCTGAGGCACGAAAGCGTGGGGATCAAACAGG,100.000,77133
Pedobacter.hartonius_267,gi|674130078|gb|KM131146.1|,674130078,TACGGAGGATCCAAGCGTTATCCGGATTTATTGGGTTTAAAGGGTGCGTAGGCGGCTTTTTAAGTCAGGGGTGAAAGACGGTAGCTCAACTATCGCAGTGCCCTTGATACTGAAGAGCTTGAATGGACTAGAGGTAGGCGGAATGTGACAAGTAGCGGTGAAATGCATAGATATGTCACAGAACACCGATTGCGAAGGCAGCTTACTATGGTTTTATTGACGCTGAGGCACGAAAGCGTGGGGATCAAACAGG,100.000,77133
Pedobacter.hartonius_267,gi|674129188|gb|KM130256.1|,674129188,TACGGAGGATCCAAGCGTTATCCGGATTTATTGGGTTTAAAGGGTGCGTAGGCGGCTTTTTAAGTCAGGGGTGAAAGACGGTAGCTCAACTATCGCAGTGCCCTTGATACTGAAGAGCTTGAATGGACTAGAGGTAGGCGGAATGTGACAAGTAGCGGTGAAATGCATAGATATGTCACAGAACACCGATTGCGAAGGCAGCTTACTATGGTTTTATTGACGCTGAGGCACGAAAGCGTGGGGATCAAACAGG,100.000,77133
Pedobacter.hartonius_267,gi|674126797|gb|KM127865.1|,674126797,TACGGAGGATCCAAGCGTTATCCGGATTTATTGGGTTTAAAGGGTGCGTAGGCGGCTTTTTAAGTCAGGGGTGAAAGACGGTAGCTCAACTATCGCAGTGCCCTTGATACTGAAGAGCTTGAATGGACTAGAGGTAGGCGGAATGTGACAAGTAGCGGTGAAATGCATAGATATGTCACAGAACACCGATTGCGAAGGCAGCTTACTATGGTTTTATTGACGCTGAGGCACGAAAGCGTGGGGATCAAACAGG,100.000,77133
Pedobacter.hartonius_267,gi|674126660|gb|KM127728.1|,674126660,TACGGAGGATCCAAGCGTTATCCGGATTTATTGGGTTTAAAGGGTGCGTAGGCGGCTTTTTAAGTCAGGGGTGAAAGACGGTAGCTCAACTATCGCAGTGCCCTTGATACTGAAGAGCTTGAATGGACTAGAGGTAGGCGGAATGTGACAAGTAGCGGTGAAATGCATAGATATGTCACAGAACACCGATTGCGAAGGCAGCTTACTATGGTTTTATTGACGCTGAGGCACGAAAGCGTGGGGATCAAACAGG,100.000,77133
Pedobacter.hartonius_267,gi|632794961|gb|KJ529040.1|,632794961,TACGGAGGATCCAAGCGTTATCCGGATTTATTGGGTTTAAAGGGTGCGTAGGCGGCTTTTTAAGTCAGGGGTGAAAGACGGTAGCTCAACTATCGCAGTGCCCTTGATACTGAAGAGCTTGAATGGACTAGAGGTAGGCGGAATGTGACAAGTAGCGGTGAAATGCATAGATATGTCACAGAACACCGATTGCGAAGGCAGCTTACTATGGTTTTATTGACGCTGAGGCACGAAAGCGTGGGGATCAAACAGG,100.000,425514
Pedobacter_406,gi|595644502|gb|KJ150595.1|,595644502,TACGGAGGATCCAAGCGTTATCCGGATTTATTGGGTTTAAAGGGTGCGTAGGCGGCCTGTTAAGTCAGGGGTGAAAGACGGTAGCTCAACTATCGCAGTGCCCTTGATACTGATGGGCTTGAATGGACTAGAGGTAGGCGGAATGTGACAAGTAGCGGTGAAATGCATAGATATGTCACAGAACACCGATTGCGAAGGCAGCTTACTATGGTCCTATTGACGCTGAGGCACGAAAGCGTGGGGATCAAACAGG,100.000,1476464
Pedobacter_406,gi|485090905|gb|JQ977097.1|,485090905,TACGGAGGATCCAAGCGTTATCCGGATTTATTGGGTTTAAAGGGTGCGTAGGCGGCCTGTTAAGTCAGGGGTGAAAGACGGTAGCTCAACTATCGCAGTGCCCTTGATACTGATGGGCTTGAATGGACTAGAGGTAGGCGGAATGTGACAAGTAGCGGTGAAATGCATAGATATGTCACAGAACACCGATTGCGAAGGCAGCTTACTATGGTCCTATTGACGCTGAGGCACGAAAGCGTGGGGATCAAACAGG,100.000,1327445
Pedobacter_406,gi|485090902|gb|JQ977094.1|,485090902,TACGGAGGATCCAAGCGTTATCCGGATTTATTGGGTTTAAAGGGTGCGTAGGCGGCCTGTTAAGTCAGGGGTGAAAGACGGTAGCTCAACTATCGCAGTGCCCTTGATACTGATGGGCTTGAATGGACTAGAGGTAGGCGGAATGTGACAAGTAGCGGTGAAATGCATAGATATGTCACAGAACACCGATTGCGAAGGCAGCTTACTATGGTCCTATTGACGCTGAGGCACGAAAGCGTGGGGATCAAACAGG,100.000,1327444
Pedobacter_406,gi|322184333|gb|JF198928.1|,322184333,TACGGAGGATCCAAGCGTTATCCGGATTTATTGGGTTTAAAGGGTGCGTAGGCGGCCTGTTAAGTCAGGGGTGAAAGACGGTAGCTCAACTATCGCAGTGCCCTTGATACTGATGGGCTTGAATGGACTAGAGGTAGGCGGAATGTGACAAGTAGCGGTGAAATGCATAGATATGTCACAGAACACCGATTGCGAAGGCAGCTTACTATGGTCCTATTGACGCTGAGGCACGAAAGCGTGGGGATCAAACAGG,100.000,77133
Pedobacter_406,gi|322163365|gb|JF177960.1|,322163365,TACGGAGGATCCAAGCGTTATCCGGATTTATTGGGTTTAAAGGGTGCGTAGGCGGCCTGTTAAGTCAGGGGTGAAAGACGGTAGCTCAACTATCGCAGTGCCCTTGATACTGATGGGCTTGAATGGACTAGAGGTAGGCGGAATGTGACAAGTAGCGGTGAAATGCATAGATATGTCACAGAACACCGATTGCGAAGGCAGCTTACTATGGTCCTATTGACGCTGAGGCACGAAAGCGTGGGGATCAAACAGG,100.000,77133
Pedobacter_406,gi|322130864|gb|JF145458.1|,322130864,TACGGAGGATCCAAGCGTTATCCGGATTTATTGGGTTTAAAGGGTGCGTAGGCGGCCTGTTAAGTCAGGGGTGAAAGACGGTAGCTCAACTATCGCAGTGCCCTTGATACTGATGGGCTTGAATGGACTAGAGGTAGGCGGAATGTGACAAGTAGCGGTGAAATGCATAGATATGTCACAGAACACCGATTGCGAAGGCAGCTTACTATGGTCCTATTGACGCTGAGGCACGAAAGCGTGGGGATCAAACAGG,100.000,77133
Pedobacter_406,gi|322130843|gb|JF145437.1|,322130843,TACGGAGGATCCAAGCGTTATCCGGATTTATTGGGTTTAAAGGGTGCGTAGGCGGCCTGTTAAGTCAGGGGTGAAAGACGGTAGCTCAACTATCGCAGTGCCCTTGATACTGATGGGCTTGAATGGACTAGAGGTAGGCGGAATGTGACAAGTAGCGGTGAAATGCATAGATATGTCACAGAACACCGATTGCGAAGGCAGCTTACTATGGTCCTATTGACGCTGAGGCACGAAAGCGTGGGGATCAAACAGG,100.000,77133
Pedobacter_406,gi|303395941|emb|FN567900.1|,303395941,TACGGAGGATCCAAGCGTTATCCGGATTTATTGGGTTTAAAGGGTGCGTAGGCGGCCTGTTAAGTCAGGGGTGAAAGACGGTAGCTCAACTATCGCAGTGCCCTTGATACTGATGGGCTTGAATGGACTAGAGGTAGGCGGAATGTGACAAGTAGCGGTGAAATGCATAGATATGTCACAGAACACCGATTGCGAAGGCAGCTTACTATGGTCCTATTGACGCTGAGGCACGAAAGCGTGGGGATCAAACAGG,100.000,77133
Pedobacter_406,gi|300253147|gb|HM204919.1|,300253147,TACGGAGGATCCAAGCGTTATCCGGATTTATTGGGTTTAAAGGGTGCGTAGGCGGCCTGTTAAGTCAGGGGTGAAAGACGGTAGCTCAACTATCGCAGTGCCCTTGATACTGATGGGCTTGAATGGACTAGAGGTAGGCGGAATGTGACAAGTAGCGGTGAAATGCATAGATATGTCACAGAACACCGATTGCGAAGGCAGCTTACTATGGTCCTATTGACGCTGAGGCACGAAAGCGTGGGGATCAAACAGG,100.000,862131
Pedobacter_406,gi|296971865|gb|HM278270.1|,296971865,TACGGAGGATCCAAGCGTTATCCGGATTTATTGGGTTTAAAGGGTGCGTAGGCGGCCTGTTAAGTCAGGGGTGAAAGACGGTAGCTCAACTATCGCAGTGCCCTTGATACTGATGGGCTTGAATGGACTAGAGGTAGGCGGAATGTGACAAGTAGCGGTGAAATGCATAGATATGTCACAGAACACCGATTGCGAAGGCAGCTTACTATGGTCCTATTGACGCTGAGGCACGAAAGCGTGGGGATCAAACAGG,100.000,77133
Pedobacter_964,gi|326260725|gb|HQ256854.1|,326260725,TACGGAGGATCCAAGCGTTATCCGGATTTATTGGGTTTAAAGGGTGCGTAGGCGGCCTATTAAGTCAGGGGTGAAAGACGGTAGCTCAACTATCGCAGTGCCTTTGATACTGATGGGCTTGAATGAACTAGAGGTAGGCGGAATGAGACAAGTAGCGGTGAAATGCATAGATATGTCTCAGAACACCGATTGCGAAGGCAGCTTACTATGGTTTAATTGACGCTGAGGCACGAAAGCGTGGGGATCAAACAGG,100.000,994510
Pedobacter_964,gi|440342988|gb|KC119213.1|,440342988,TACGGAGGATCCAAGCGTTATCCGGATTTATTGGGTTTAAAGGGTGCGTAGGCGGCCTGTTAAGTCAGGGGTGAAAGACGGTAGCTCAACTATCGCAGTGCCTTTGATACTGATGGGCTTGAATGAACTAGAGGTAGGCGGAATGAGACAAGTAGCGGTGAAATGCATAGATATGTCTCAGAACACCGATTGCGAAGGCAGCTTACTATGGTTTAATTGACGCTGAGGCACGAAAGCGTGGGGATCAAACAGG,99.605,1270196
Pedobacter_964,gi|422740244|gb|JX949341.1|,422740244,TACGGAGGATCCAAGCGTTATCCGGATTTATTGGGTTTAAAGGGTGCGTAGGCGGCCTGTTAAGTCAGGGGTGAAAGACGGTAGCTCAACTATCGCAGTGCCTTTGATACTGATGGGCTTGAATGAACTAGAGGTAGGCGGAATGAGACAAGTAGCGGTGAAATGCATAGATATGTCTCAGAACACCGATTGCGAAGGCAGCTTACTATGGTTTAATTGACGCTGAGGCACGAAAGCGTGGGGATCAAACAGG,99.605,1259491
Pedobacter_964,gi|296972319|gb|HM278724.1|,296972319,TACGGAGGATCCAAGCGTTATCCGGATTTATTGGGTTTAAAGGGTGCGTAGGCGGCCTGTTAAGTCAGGGGTGAAAGACGGTAGCTCAACTATCGCAGTGCCTTTGATACTGATGGGCTTGAATGAACTAGAGGTAGGCGGAATGAGACAAGTAGCGGTGAAATGCATAGATATGTCTCAGAACACCGATTGCGAAGGCAGCTTACTATGGTTTAATTGACGCTGAGGCACGAAAGCGTGGGGATCAAACAGG,99.605,77133
Pedobacter_964,gi|322206859|gb|JF221454.1|,322206859,TACGGAGGATCCAAGCGTTATCCGGATTTATTGGGTTTAAAGGGTGCGTAGGCGGCCTGTTAAGTCAGGGGTGAAAGACGGTAGCTCAACTATCGCAGTGCCTTTGATACTGATGGGCTTGAATGAACTAGAGGTAGGCGGAATGAGACAAGTAGCGGTGAAATGCATAGATATGTCTCAGAACACCGATTGCGAAGGCAGCTTACTATGGTTTAATTGACGCTGAGGCACGAAAGCGTGGGGATCAAACAGG,99.605,77133
Pedobacter_964,gi|297028489|gb|HM334894.1|,297028489,TACGGAGGATCCAAGCGTTATCCGGATTTATTGGGTTTAAAGGGTGCGTAGGCGGCCTGTTAAGTCAGGGGTGAAAGACGGTAGCTCAACTATCGCAGTGCCTTTGATACTGATGGGCTTGAATGAACTAGAGGTAGGCGGAATGAGACAAGTAGCGGTGAAATGCATAGATATGTCTCAGAACACCGATTGCGAAGGCAGCTTACTATGGTTTAATTGACGCTGAGGCACGAAAGCGTGGGGATCAAACAGG,99.605,77133
Pedobacter_964,gi|157419634|gb|EU057830.1|,157419634,TACGGAGGATCCAAGCGTTATCCGGATTTATTGGGTTTAAAGGGTGCGTAGGCGGCCTGTTAAGTCAGGGGTGAAAGACGGTAGCTCAACTATCGCAGTGCCTTTGATACTGATGGGCTTGAATGAACTAGAGGTAGGCGGAATGAGACAAGTAGCGGTGAAATGCATAGATATGTCTCAGAACACCGATTGCGAAGGCAGCTTACTATGGTTTAATTGACGCTGAGGCACGAAAGCGTGGGGATCAAACAGG,99.605,471791
Pedobacter_964,gi|697260918|emb|LN564988.1|,697260918,TACGGAGGATCCAAGCGTTATCCGGATTTATTGGGTTTAAAGGGTGCGTAGGCGGCCAATTAAGTCAGGGGTGAAAGACGGTAGCTCAACTATCGCAGTGCCTTTGATACTGATTGGCTTGAATGAACTAGAGGTAGGCGGAATGAGACAAGTAGCGGTGAAATGCATAGATATGTCTCAGAACACCGATTGCGAAGGCAGCTTACTATGGTTTAATTGACGCTGAGGCACGAAAGCGTGGGGATCAAACAGG,99.209,77133
Pedobacter_964,gi|530549992|gb|KF385497.1|,530549992,TACGGAGGATCCAAGCGTTATCCGGATTTATTGGGTTTAAAGGGTGCGTAGGCGGCCTGTTAAGTCAGGGGTGAAAGACGGTAGCTCAACTATCGCAGTGCCTTTGATACTGACGGGCTTGAATGAACTAGAGGTAGGCGGAATGAGACAAGTAGCGGTGAAATGCATAGATATGTCTCAGAACACCGATTGCGAAGGCAGCTTACTATGGTTTAATTGACGCTGAGGCACGAAAGCGTGGGGATCAAACAGG,99.209,1383884
Pedobacter_964,gi|485091499|gb|JQ977687.1|,485091499,TACGGAGGATCCAAGCGTTATCCGGATTTATTGGGTTTAAAGGGTGCGTAGGCGGCCTGTTAAGTCAGGGGTGAAAGACGGTAGCTCAACTATCGCAGTGCCCTTGATACTGATGGGCTTGAATGAACTAGAGGTAGGCGGAATGAGACAAGTAGCGGTGAAATGCATAGATATGTCTCAGAACACCGATTGCGAAGGCAGCTTACTATGGTTTAATTGACGCTGAGGCACGAAAGCGTGGGGATCAAACAGG,99.209,1327294
Mucilaginibacter_1169,gi|399532206|gb|JQ627490.1|,399532206,TACGGAGGATCCAAGCGTTATCCGGATTTATTGGGTTTAAAGGGTGCGTAGGCGGCCTGTTAAGTCAGGGGTGAAAGACGGTGGCTCAACCATCGCAGTGCCTTTGATACTGACGGGCTTGAATGCAGCTGAGGTAGGCGGAATGTGACAAGTAGCGGTGAAATGCATAGATATGTCACAGAACACCAATTGCGAAGGCAGCTTACTAAAGTGTGATTGACGCTGAGGCACGAAAGCGTGGGGATCAAACAGG,100.000,152509
Mucilaginibacter_1169,gi|194475559|gb|EU861966.1|,194475559,TACGGAGGATCCAAGCGTTATCCGGATTTATTGGGTTTAAAGGGTGCGTAGGCGGCCTGTTAAGTCAGGGGTGAAAGACGGTGGCTCAACCATCGCAGTGCCTTTGATACTGACGGGCTTGAATGCAGCTGAGGTAGGCGGAATGTGACAAGTAGCGGTGAAATGCATAGATATGTCACAGAACACCAATTGCGAAGGCAGCTTACTAAAGTGTGATTGACGCTGAGGCACGAAAGCGTGGGGATCAAACAGG,100.000,164851
Mucilaginibacter_1169,gi|284519932|gb|FJ946594.1|,284519932,TACGGAGGATCCAAGCGTTATCCGGATTTATTGGGTTTAAAGGGTGCGTAGGCGGCCTGTTAAGTCAGGGGTGAAAGACGGTGGCTCAACCATCGCAGTGCCTTTGGTACTGACGGGCTTGAATGCAGCTGAGGTAGGCGGAATGTGACAAGTAGCGGTGAAATGCATAGATATGTCACAGAACACCAATTGCGAAGGCAGCTTACTAAAGTGTGATTGACGCTGAGGCACGAAAGCGTGGGGATCAAACAGG,99.605,261516
Mucilaginibacter_1169,gi|395473983|gb|JQ075459.1|,395473983,CGGAGGATCCAAGCGTTATCCGGATTTATTGGGTTTAAAGGGTGCGTAGGCGGCCTGTTAAGTCAGGGGTGAAAGACGGTGGCTCAACCATCGCAGTGCCTTTGATACTGACGGGCTTGAATGCAGCTGAGGTAGGCGGAATGTGACAAGTAGCGGTGAAATGCATAGATATGTCACAGAACACCAATTGCGAAGGCAGCTTACTAAAGTGTGATTGACGCTGAGGCACGAAAGCGTGGG-ATCAAACAGG,99.602,77133
Mucilaginibacter_1169,gi|326373472|gb|JF295837.1|,326373472,TACGGAGGATCCAAGCGTTATCCGGATTTATTGGGTTTAAAGGGTGCGTAGGCGGCCTGTTAAGTCAGAGGTGAAAGACGGTAGCTCAACTATCGCAGTGCCTTTGATACTGACGGGCTTGAATGCAGCTGAGGTAGGCGGAATGTGACAAGTAGCGGTGAAATGCATAGATATGTCACAGAACACCAATTGCGAAGGCAGCTTACTAAAGTGTGATTGACGCTGAGGCACGAAAGCGTGGGGATCAAACAGG,98.814,77133
Mucilaginibacter_1169,gi|674150909|gb|KM146895.1|,674150909,TACGGAGGATCCAAGCGTTATCCGGATTTATTGGGTTTAAAGGGTGCGTAGGCGGCCTATTAAGTCAGGGGTGAAAGACGGTAGCTCAACTATCGCAGTGCCTTTGATACTGATGGGCTTGAATGCAGCTGAGGTAGGCGGAATGTGACAAGTAGCGGTGAAATGCATAGATATGTCACAGAACACCGATTGCGAAGGCAGCTTACTAAAGTGTGATTGACGCTGAGGCACGAAAGCGTGGGGATCAAACAGG,98.024,77133
Mucilaginibacter_1169,gi|523452335|gb|KF182755.1|,523452335,TACGGAGGATCCAAGCGTTATCCGGATTTATTGGGTTTAAAGGGTGCGTAGGCGGCCTATTAAGTCAGGGGTGAAAGACGGTGGCTCAACCATCGCAGTGCCTTTGATACTGATGGGCTTGAATGCAGCTGAGGTAGGCGGAATGTGACAAGTAGCGGTGAAATGCATAGATATGTCACAGAACACCGATTGCGAAGGCAGCTTACTAAAGTGCAATTGACGCTGAGGCACGAAAGCGTGGGGATCAAACAGG,98.024,182688
Mucilaginibacter_1169,gi|395558688|gb|JX222119.1|,395558688,TACGGAGGATCCAAGCGTTATCCGGATTTATTGGGTTTAAAGGGTGCGTAGGCGGCCTATTAAGTCAGGGGTGAAAGACGGTGGCTCAACCATCGCAGTGCCTTTGATACTGATGGGCTTGAATGCAGCTGAGGTAGGCGGAATGTGACAAGTAGCGGTGAAATGCATAGATATGTCACAGAACACCGATTGCGAAGGCAGCTTACTAAAGTGCAATTGACGCTGAGGCACGAAAGCGTGGGGATCAAACAGG,98.024,77133
Mucilaginibacter_1169,gi|662163726|gb|KJ661931.1|,662163726,TACGGAGGATCCAAGCGTTATCCGGATTTATTGGGTTTAAAGGGTGCGTAGGCGGCCTATTAAGTCAGGGGTGAAAGACGGTAGCTCAACTATCGCAGTGCCTTTGATACTGATGGGCTTGAATGCAGCTGAGGTAGGCGGAATGTGACAAGTAGCGGTGAAATGCATAGATATGTCACAGAACACCGATTGCGAAGGCAGCTTACTAAAGTGCGATTGACGCTGAGGCACGAAAGCGTGGGGATCAAACAGG,97.628,77133
Mucilaginibacter_1169,gi|601589045|gb|KF974315.1|,601589045,TACGGAGGATCCAAGCGTTATCCGGATTTATTGGGTTTAAAGGGTGCGTAGGCGGCCTGTTAAGTCAGGGGTGAAAGACGGTAGCTTAACTATCGCAGTGCCTTTGATACTGACGGGCTTGAATACACTTGAGGTAGGCGGAATGTGACAAGTAGCGGTGAAATGCATAGATATGTCACAGAACACCAATTGCGAAGGCAGCTTACTAAAGTGTGATTGACGCTGAGGCACGAAAGCGTGGGGATCAAACAGG,97.628,1480646
Pedobacter_1269,gi|296964343|gb|HM270748.1|,296964343,TACGGAGGATCCAAGCGTTATCCGGATTTATTGGGTTTAAAGGGTGCGTAGGCGGCCCGTTAAGTCAGGGGTGAAAGACGGTAGCTCAACTATCGCAGTGCCCTTGATACTGACGGGCTTGAATTGACTAGAGGTAGGCGGAATGTGACAAGTAGCGGTGAAATGCATAGATATGTCACAGAACACCGATTGCGAAGGCAGCTTACTATGGTCTTATTGACGCTGAGGCACGAAAGCGTGGGGATCAAACAGG,100.000,77133
Pedobacter_1269,gi|322196448|gb|JF211043.1|,322196448,TACGGAGGATCCAAGCGTTATCCGGATTTATTGGGTTTAAAGGGTGCGTAGGCGGCCTGTTAAGTCAGGGGTGAAAGACGGTAGCTCAACTATCGCAGTGCCCTTGATACTGACGGGCTTGAATTGACTAGAGGTAGGCGGAATGTGACAAGTAGCGGTGAAATGCATAGATATGTCACAGAACACCGATTGCGAAGGCAGCTTACTATGGTCTTATTGACGCTGAGGCACGAAAGCGTGGGGATCAAACAGG,99.605,77133
Pedobacter_1269,gi|296971285|gb|HM277690.1|,296971285,TACGGAGGATCCAAGCGTTATCCGGATTTATTGGGTTTAAAGGGTGCGTAGGCGGCCTGTTAAGTCAGGGGTGAAAGACGGTAGCTCAACTATCGCAGTGCCCTTGATACTGACGGGCTTGAATTGACTAGAGGTAGGCGGAATGTGACAAGTAGCGGTGAAATGCATAGATATGTCACAGAACACCGATTGCGAAGGCAGCTTACTATGGTCTTATTGACGCTGAGGCACGAAAGCGTGGGGATCAAACAGG,99.605,77133
Pedobacter_1269,gi|296971257|gb|HM277662.1|,296971257,TACGGAGGATCCAAGCGTTATCCGGATTTATTGGGTTTAAAGGGTGCGTAGGCGGCCCGTTAAGTCAGGGGTGAAAGACGGTAGCTCAACTATCGCAGTGCCCTTGATACTGACGGGCTTGAATTGACTAGAGGTAGGCGGAATGTGACAAGTAGCGGTGAAATGCATAGATATGTCACAGAACACCGATTGCGAAGGCAGCTTACTATGGTCTTATTGACGCTGAGGCACGAGAGCGTGGGGATCAAACAGG,99.605,77133
Pedobacter_1269,gi|296957045|gb|HM263450.1|,296957045,TACGGAGGATCCAAGCGTTATCCGGATTTATTGGGTTTAAAGGGTGCGTAGGCGGCCCGTTAAGTCAGGGGTGAAAGACGGTAGCTCAACTATCGCAGTGCCCTTGATACTGACGGGCTTGAATTGACTAGAGGTAGGCGGAATGTGACAAGTAGCGGTGAAATGCATAGATATGTCACAGAACGCCGATTGCGAAGGCAGCTTACTATGGTCTTATTGACGCTGAGGCACGAAAGCGTGGGGATCAAACAGG,99.605,77133
Pedobacter_1269,gi|133753371|gb|EF451611.1|,133753371,TACGGAGGATCCAAGCGTTATCCGGATTTATTGGGTTTAAAGGGTGCGTAGGCGGCCTGTTAAGTCAGGGGTGAAAGACGGTAGCTCAACTATCGCAGTGCCCTTGATACTGACGGGCTTGAATTGACTAGAGGTAGGCGGAATGTGACAAGTAGCGGTGAAATGCATAGATATGTCACAGAACACCGATTGCGAAGGCAGCTTACTATGGTCTTATTGACGCTGAGGCACGAAAGCGTGGGGATCAAACAGG,99.605,77133
Pedobacter_1269,gi|674141899|gb|KM137885.1|,674141899,TACGGAGGATCCAAGCGTTATCCGGATTTATTGGGTTTAAAGGGTGCGTAGGCGGCCTGTTAAGTCAGGGGTGAAAGACGGTAGCTCAACTATCGCAGTGCCCTTGATACTGATGGGCTTGAATTGACTAGAGGTAGGCGGAATGTGACAAGTAGCGGTGAAATGCATAGATATGTCACAGAACACCGATTGCGAAGGCAGCTTACTATGGTCTTATTGACGCTGAGGCACGAAAGCGTGGGGATCAAACAGG,99.209,77133
Pedobacter_1269,gi|673538424|gb|KM035962.1|,673538424,TACGGAGGATCCAAGCGTTATCCGGATTTATTGGGTTTAAAGGGTGCGTAGGCGGCCTGTTAAGTCAGGGGTGAAAGACGGTAGCTCAACTATCGCAGTGCCCTTGATACTGATGGGCTTGAATTGACTAGAGGTAGGCGGAATGTGACAAGTAGCGGTGAAATGCATAGATATGTCACAGAACACCGATTGCGAAGGCAGCTTACTATGGTCTTATTGACGCTGAGGCACGAAAGCGTGGGGATCAAACAGG,99.209,1537390
Pedobacter_1269,gi|524853294|gb|KF160552.1|,524853294,TACGGAGGATCCAAGCGTTATCCGGATTTATTGGGTTTAAAGGGTGCGTAGGCGGCCTGTTAAGTCAGGGGTGAAAGACGGTAGCTCAACTATCGCAGTGCCCTTGATACTGATGGGCTTGAATTGACTAGAGGTAGGCGGAATGTGACAAGTAGCGGTGAAATGCATAGATATGTCACAGAACACCGATTGCGAAGGCAGCTTACTATGGTCTTATTGACGCTGAGGCACGAAAGCGTGGGGATCAAACAGG,99.209,1358320
Pedobacter_1269,gi|411021752|gb|JQ374513.2|,411021752,TACGGAGGATCCAAGCGTTATCCGGATTTATTGGGTTTAAAGGGTGCGTAGGCGGCCTGTTAAGTCAGGGGTGAAAGACGGTAGCTCAACTATCGCAGTGCCCTTGATACTGATGGGCTTGAATTGACTAGAGGTAGGCGGAATGTGACAAGTAGCGGTGAAATGCATAGATATGTCACAGAACACCGATTGCGAAGGCAGCTTACTATGGTCTTATTGACGCTGAGGCACGAAAGCGTGGGGATCAAACAGG,99.209,77133
