"unique_id","V1","V2","V3","V4","V5","family","genus","species","species group","subspecies"
1236877,"endosymbionts4_217","gi|407378215|gb|JQ063450.1|",407378215,"TACGGAGGGTGCAAGCGTTAATCGGAATTACTGGGCGTAAAGCGTACGTAGGCGGTTTGTTAAGTCAGATGTGAAATCCCCGGGCTTAACCTAGGAACTGCATTTGAAACTGGCAAGCTAGAGTCTCGTAGAGGAGAGTAGAATTCCAGGTGTAGCGGTGAAATGCGTAGAAATCTGGAGGAATATCAGTGGCAAAGGCGGCTCTCTGGACGAAGACTGACGCTCAGGTACGAAAGCGTGGGGAGCAAACAGG",93.676,"Enterobacteriaceae",NA,"endosymbiont of Columbicola macrourae",NA,NA
1236877,"endosymbionts4_217","gi|407378189|gb|JQ063424.1|",407378189,"TACGGAGGGTGCAAGCGTTAATCGGAATTACTGGGCGTAAAGCGTACGTAGGCGGTTTGTTAAGTCAGATGTGAAATCCCCGGGCTTAACCTAGGAACTGCATTTGAAACTGGCAAGCTAGAGTCTCGTAGAGGAGAGTAGAATTCCAGGTGTAGCGGTGAAATGCGTAGAAATCTGGAGGAATATCAGTGGCAAAGGCGGCTCTCTGGACGAAGACTGACGCTCAGGTACGAAAGCGTGGGGAGCAAACAGG",93.676,"Enterobacteriaceae",NA,"endosymbiont of Columbicola macrourae",NA,NA
1070135,"endosymbionts4_217","gi|341870436|gb|HQ893855.1|",341870436,"TACGGAGGGTGCAAGCGTTAATCGGAATTACTGGGCGTAAAGCGTACGCAGGCGGTCTGTTAAGTCAGATGTGAAATCCCCGGGCTTAACCTGGGAACTGCATTTAAAACTGGCAGACTAGAGTCTCGTAGAGGCGGGTAGAATTCCAGGTGTAGCGGTGAAATGCGTAGAGATCTGGAGGAATACCAGTGGCGAAGGCGGCCCGCTGGACGAAGACTGACGCTCAGGTACGAAAGCGTGGGGAGCAAACAGG",93.676,"Enterobacteriaceae",NA,"Enterobacteriaceae bacterium symbiont of Parasaissetia nigra",NA,NA
1070130,"endosymbionts4_217","gi|341870425|gb|HQ893844.1|",341870425,"TACGGAGGGTGCAAGCGTTAATCGGAATTACTGGGCGTAAAGCGTACGCAGGCGGTCTGTTAAGTCAGATGTGAAATCCCCGGGCTTAACCTGGGAACTGCATTTAAAACTGGCAGACTAGAGTCTCGTAGAGGCGGGTAGAATTCCAGGTGTAGCGGTGAAATGCGTAGAGATCTGGAGGAATACCAGTGGCGAAGGCGGCCCGCTGGACGAAGACTGACGCTCAGGTACGAAAGCGTGGGGAGCAAACAGG",93.676,"Enterobacteriaceae","Candidatus Gullanella","Candidatus Gullanella endobia",NA,NA
1070128,"endosymbionts4_217","gi|341870422|gb|HQ893841.1|",341870422,"TACGGAGGGTGCAAGCGTTAATCGGAATTACTGGGCGTAAAGCGTACGCAGGCGGTCTGTTAAGTCAGATGTGAAATCCCCGGGCTTAACCTGGGAACTGCATTTAAAACTGGCAGACTAGAGTCTCGTAGAGGCGGGTAGAATTCCAGGTGTAGCGGTGAAATGCGTAGAGATCTGGAGGAATACCAGTGGCGAAGGCGGCCCGCTGGACGAAGACTGACGCTCAGGTACGAAAGCGTGGGGAGCAAACAGG",93.676,"Enterobacteriaceae",NA,"Enterobacteriaceae bacterium symbiont of Crypticerya sp.",NA,NA
655402,"endosymbionts4_217","gi|242397721|gb|FJ655528.1|",242397721,"TACGGAGGGTGTAAGCGTTAATCGGAATTACTGGGCGTAAAGCGCACGCAGGCGGTTTGTTAAGTCAGATGTGAAATCCCCGGGCTCAACCTGGGAACTGCATTTGAAACTGGCAAGCTAGAGTCTCGTAGAGGAGGGTAGAATTCCAGGTGTAGCGGTGAAATGCGTAGAGATCTGGAGGAATACCGGTGGCGAAGGCGACCCCCTGGACGAAGACTGACGCTCAGGTGCGAAAGCGTGGGTAGCAAACAGG",93.676,"Yersiniaceae","Serratia","Serratia symbiotica",NA,NA
687868,"endosymbionts4_217","gi|308190609|gb|GU361716.1|",308190609,"TACGGAGGGTGCAAGCGTTAATCGGAATTACTGGGCGTAAAGCGTACGCAGGCGGTCTGTTAAGTCAGATGTGAAATCCCCGGGCTTAACCTGGGAACTGCATTTGAAACTGGCAGGCTAGAGTCTCGTAGAGGGGGGTAGAATTCCAGGTGTAGCGGTGAAATGCGTAGAGATCTGGAGGAATACCGGTGGCGAAGGCGGCCCCCTGGACGAAGACTGACGCTCAAGTACGAAAGCGTGGGGAGCAAACA",93.625,"Pectobacteriaceae","Sodalis","uncultured Sodalis sp.",NA,NA
77133,"endosymbionts4_217","gi|764120917|gb|KP690886.1|",764120917,"TACGGAGGGTGCAAGCGTTAATCGGAATTACTGGGCGTAAAGCGCACGCAGGCGGTTTGTTAAGTCAGATGTGAAATCCCCGGGCTCAACCTGGGAACTGCATTTGAAACTGGCAAGCTAGAGTCTCGTAGAGGGGGGTAGAATTCCAGGTGTAGCGGTGAAATGCGTAGAGATCTGGAGGAATACCGGTGGCGAAGGCGGCCCCCTGGACGAAGACTGACGCTCAGGTACGAAAGCGTGGGGAGCAAACAGG",93.281,NA,NA,"uncultured bacterium",NA,NA
77133,"endosymbionts4_217","gi|700661779|gb|KM497162.1|",700661779,"TACGGAGGGTGCAAGCGTTAATCGGAATTACTGGGCGTAAAGCGCACGCAGGCGGTTTGTTAAGTCAGATGTGAAATCCCCGGGCTCAACCTGGGAACTGCATTTGAAACTGGCAAGCTAGAGTCTCGTAGAGGGGGGTAGAATTCCAGGTGTAGCGGTGAAATGCGTAGAGATCTGGAGGAATACCGGTGGCGAAGGCGGCCCCCTGGACAAAGACTGACGCTCAGGTGCGAAAGCGTGGGGAGCAAACAGG",93.281,NA,NA,"uncultured bacterium",NA,NA
1501800,"endosymbionts4_217","gi|678127552|gb|KJ857032.1|",678127552,"TACGGAGGGTGCAAGCGTTAATCGGAATTACTGGGCGTAAAGCGTACGCAGGCGGTCTGTTAAGTCAAATGTGAAATCCCCGGGCTTAACCTGGGAACTGCATTTGAAACTGGCAGGCTAGAGTCTCGTAAAGGGGGGTAGAATTCCAGGTGTAGCGGTGAAATGCGTAGAGATCTGGAGGAATACCGGTGGCGAAGGCGGCCCCCTGGACGAAGACTGACGCTCAGGTACGAAAGCGTGGGGAGCAAACAGG",93.281,NA,NA,"bacterium endosymbiont of Puto barberi",NA,NA
573,"Enterobacter_380","gi|762020818|gb|KP091888.1|",762020818,"TACGGAGGGTGCAAGCGTTAATCGGAATTACTGGGCGTAAAGCGCACGCAGGCGGTCTGTCAAGTCGGATGTGAAATCCCCGGGCTCAACCTGGGAACTGCATTCGAAACTGGCAGGCTAGAGTCTTGTAGAGGGGGGTAGAATTCCAGGTGTAGCGGTGAAATGCGTAGAGATCTGGAGGAATACCGGTGGCGAAGGCGGCCCCCTGGACAAAGACTGACGCTCAGGTGCGAAAGCGTGGGGAGCAAACAGG",100,"Enterobacteriaceae","Klebsiella","Klebsiella pneumoniae",NA,NA
573,"Enterobacter_380","gi|659496047|gb|KJ560981.1|",659496047,"TACGGAGGGTGCAAGCGTTAATCGGAATTACTGGGCGTAAAGCGCACGCAGGCGGTCTGTCAAGTCGGATGTGAAATCCCCGGGCTCAACCTGGGAACTGCATTCGAAACTGGCAGGCTAGAGTCTTGTAGAGGGGGGTAGAATTCCAGGTGTAGCGGTGAAATGCGTAGAGATCTGGAGGAATACCGGTGGCGAAGGCGGCCCCCTGGACAAAGACTGACGCTCAGGTGCGAAAGCGTGGGGAGCAAACAGG",100,"Enterobacteriaceae","Klebsiella","Klebsiella pneumoniae",NA,NA
573,"Enterobacter_380","gi|762020799|gb|KP091885.1|",762020799,"TACGGAGGGTGCAAGCGTTAATCGGAATTACTGGGCGTAAAGCGCACGCAGGCGGTCTGTCAAGTCGGATGTGAAATCCCCGGGCTCAACCTGGGAACTGCATTCGAAACTGGCAGGCTAGAGTCTTGTAGAGGGGGGTAGAATTCCAGGTGTAGCGGTGAAATGCGTAGAGATCTGGAGGAATACCGGTGGCGAAGGCGGCCCCCTGGACAAAGACTGACGCTCAGGTGCGAAAGCGTGGGGAGCAAACAGG",100,"Enterobacteriaceae","Klebsiella","Klebsiella pneumoniae",NA,NA
299767,"Enterobacter_380","gi|659496012|gb|KJ560946.1|",659496012,"TACGGAGGGTGCAAGCGTTAATCGGAATTACTGGGCGTAAAGCGCACGCAGGCGGTCTGTCAAGTCGGATGTGAAATCCCCGGGCTCAACCTGGGAACTGCATTCGAAACTGGCAGGCTAGAGTCTTGTAGAGGGGGGTAGAATTCCAGGTGTAGCGGTGAAATGCGTAGAGATCTGGAGGAATACCGGTGGCGAAGGCGGCCCCCTGGACAAAGACTGACGCTCAGGTGCGAAAGCGTGGGGAGCAAACAGG",100,"Enterobacteriaceae","Enterobacter","Enterobacter ludwigii","Enterobacter cloacae complex",NA
299767,"Enterobacter_380","gi|659496015|gb|KJ560949.1|",659496015,"TACGGAGGGTGCAAGCGTTAATCGGAATTACTGGGCGTAAAGCGCACGCAGGCGGTCTGTCAAGTCGGATGTGAAATCCCCGGGCTCAACCTGGGAACTGCATTCGAAACTGGCAGGCTAGAGTCTTGTAGAGGGGGGTAGAATTCCAGGTGTAGCGGTGAAATGCGTAGAGATCTGGAGGAATACCGGTGGCGAAGGCGGCCCCCTGGACAAAGACTGACGCTCAGGTGCGAAAGCGTGGGGAGCAAACAGG",100,"Enterobacteriaceae","Enterobacter","Enterobacter ludwigii","Enterobacter cloacae complex",NA
61645,"Enterobacter_380","gi|659496010|gb|KJ560944.1|",659496010,"TACGGAGGGTGCAAGCGTTAATCGGAATTACTGGGCGTAAAGCGCACGCAGGCGGTCTGTCAAGTCGGATGTGAAATCCCCGGGCTCAACCTGGGAACTGCATTCGAAACTGGCAGGCTAGAGTCTTGTAGAGGGGGGTAGAATTCCAGGTGTAGCGGTGAAATGCGTAGAGATCTGGAGGAATACCGGTGGCGAAGGCGGCCCCCTGGACAAAGACTGACGCTCAGGTGCGAAAGCGTGGGGAGCAAACAGG",100,"Enterobacteriaceae","Enterobacter","Enterobacter asburiae","Enterobacter cloacae complex",NA
1618181,"Enterobacter_380","gi|763826692|gb|KP091756.1|",763826692,"TACGGAGGGTGCAAGCGTTAATCGGAATTACTGGGCGTAAAGCGCACGCAGGCGGTCTGTCAAGTCGGATGTGAAATCCCCGGGCTCAACCTGGGAACTGCATTCGAAACTGGCAGGCTAGAGTCTTGTAGAGGGGGGTAGAATTCCAGGTGTAGCGGTGAAATGCGTAGAGATCTGGAGGAATACCGGTGGCGAAGGCGGCCCCCTGGACAAAGACTGACGCTCAGGTGCGAAAGCGTGGGGAGCAAACAGG",100,"Enterobacteriaceae","Klebsiella","Klebsiella sp. LD2",NA,NA
1616815,"Enterobacter_380","gi|761662762|gb|KP027689.1|",761662762,"TACGGAGGGTGCAAGCGTTAATCGGAATTACTGGGCGTAAAGCGCACGCAGGCGGTCTGTCAAGTCGGATGTGAAATCCCCGGGCTCAACCTGGGAACTGCATTCGAAACTGGCAGGCTAGAGTCTTGTAGAGGGGGGTAGAATTCCAGGTGTAGCGGTGAAATGCGTAGAGATCTGGAGGAATACCGGTGGCGAAGGCGGCCCCCTGGACAAAGACTGACGCTCAGGTGCGAAAGCGTGGGGAGCAAACAGG",100,"Enterobacteriaceae","Klebsiella","Klebsiella sp. MMUST-002",NA,NA
244366,"Enterobacter_380","gi|761662756|gb|KP027683.1|",761662756,"TACGGAGGGTGCAAGCGTTAATCGGAATTACTGGGCGTAAAGCGCACGCAGGCGGTCTGTCAAGTCGGATGTGAAATCCCCGGGCTCAACCTGGGAACTGCATTCGAAACTGGCAGGCTAGAGTCTTGTAGAGGGGGGTAGAATTCCAGGTGTAGCGGTGAAATGCGTAGAGATCTGGAGGAATACCGGTGGCGAAGGCGGCCCCCTGGACAAAGACTGACGCTCAGGTGCGAAAGCGTGGGGAGCAAACAGG",100,"Enterobacteriaceae","Klebsiella","Klebsiella variicola",NA,NA
244366,"Enterobacter_380","gi|761662760|gb|KP027687.1|",761662760,"TACGGAGGGTGCAAGCGTTAATCGGAATTACTGGGCGTAAAGCGCACGCAGGCGGTCTGTCAAGTCGGATGTGAAATCCCCGGGCTCAACCTGGGAACTGCATTCGAAACTGGCAGGCTAGAGTCTTGTAGAGGGGGGTAGAATTCCAGGTGTAGCGGTGAAATGCGTAGAGATCTGGAGGAATACCGGTGGCGAAGGCGGCCCCCTGGACAAAGACTGACGCTCAGGTGCGAAAGCGTGGGGAGCAAACAGG",100,"Enterobacteriaceae","Klebsiella","Klebsiella variicola",NA,NA
77133,"Enterobacteriaceae_1328","gi|359829076|gb|JN392918.1|",359829076,"TACGGGGGGTGCAAGCGTTAATCGGAATTACTGGGCGTAAAGCGCACGCAGGCGGTTTGTCAAGTCGGATGTGAAATCCCCGGGCTCAACCTGGGAACTGCATTCGAAACGGGCAAGCTAGAGTCTTGTAGAGGGGGGTAGAATTCCAGGTGTAGCGGTGAAATGCGTAGAGATCTGGAGGAATACCGGTGGCGAAGGCGGCCCCCTGGACAAAGACTGACGCTCAGGTGCGAAAGCGTGGGGAGCAAACAGG",99.209,NA,NA,"uncultured bacterium",NA,NA
77133,"Enterobacteriaceae_1328","gi|585284039|gb|KF600004.1|",585284039,"TACGGAGGGTGCAAGCGTTAATCGGAATTACTGGGCGTAAAGCGCACGCAGGCGGTTTGTCAAGTCGGATGTGAAATCCCCGGGCTCAACCTGGGAACTGCATTCGAAACGGGCAAACTAGAGTCTTGTAGAGGGGGGTAGAATTCCAGGTGTAGCGGTGAAATGCGTAGAGATCTGGAGGAATACCGGTGGCGAAGGCGGCCCCCTGGACAAAGACTGACGCTCAGGTGCGAAAGCGTGGGGAGCAAACAGG",100,NA,NA,"uncultured bacterium",NA,NA
77133,"Enterobacteriaceae_1328","gi|686400533|dbj|LC002949.1|",686400533,"TACGGGGGGTGCAAGCGTTAATCGGAATTACTGGGCGTAAAGCGCACGCAGGCGGTTTGTCAAGTCGGATGTGAAATCCCCGGGCTCAACCTGGGAACTGCATTCGAAACGGGCAAGCTAGAGTCTTGTAGAGGGGGGTAGAATTCCAGGTGTAGCGGTGAAATGCGTAGAGATCTGGAGGAATACCGGTGGCGAAGGCGGCCCCCTGGACAAAGACTGACGCTCAGGTGCGAAAGCGTGGGGAGCAAACAGG",99.209,NA,NA,"uncultured bacterium",NA,NA
77133,"Enterobacteriaceae_1328","gi|258617829|gb|GQ451180.1|",258617829,"TACGGGGGGTGCAAGCGTTAATCGGAATTACTGGGCGTAAAGCGCACGCAGGCGGTTTGTCAAGTCGGATGTGAAATCCCCGGGCTCAACCTGGGAACTGCATTCGAAACGGGCAAGCTAGAGTCTTGTAGAGGGGGGTAGAATTCCAGGTGTAGCGGTGAAATGCGTAGAGATCTGGAGGAATACCGGTGGCGAAGGCGGCCCCCTGGACAAAGACTGACGCTCAGGTGCGAAAGCGTGGGGAGCAAACAGG",99.209,NA,NA,"uncultured bacterium",NA,NA
82990,"Enterobacteriaceae_1328","gi|530253595|gb|KC951917.1|",530253595,"TACGGAGGGTGCAAGCGTTAATCGGAATTACTGGGCGTAAAGCGCACGCAGGCGGTTTGTCAAGTCGGATGTGAAATCCCCGGGCTCAACCTGGGAACTGCATTCGAAACTGGCAAGCTAGAGTCTTGTAGAGGGGGGTAGAATTCCAGGTGTAGCGGTGAAATGCGTAGAGATCTGGAGGAATACCGGTGGCGAAGGCGGCCCCCTGGACAAAGACTGACGCTCAGGTGCGAAAGCGTGGGGAGCAAACAGG",99.209,"Enterobacteriaceae","Buttiauxella","Buttiauxella gaviniae",NA,NA
82988,"Enterobacteriaceae_1328","gi|530253594|gb|KC951916.1|",530253594,"TACGGAGGGTGCAAGCGTTAATCGGAATTACTGGGCGTAAAGCGCACGCAGGCGGTTTGTCAAGTCGGATGTGAAATCCCCGGGCTCAACCTGGGAACTGCATTCGAAACTGGCAAGCTAGAGTCTTGTAGAGGGGGGTAGAATTCCAGGTGTAGCGGTGAAATGCGTAGAGATCTGGAGGAATACCGGTGGCGAAGGCGGCCCCCTGGACAAAGACTGACGCTCAGGTGCGAAAGCGTGGGGAGCAAACAGG",99.209,"Enterobacteriaceae","Buttiauxella","Buttiauxella brennerae",NA,NA
1221624,"Enterobacteriaceae_1328","gi|402170181|gb|JX133191.1|",402170181,"TACGGAGGGTGCAAGCGTTAATCGGAATTACTGGGCGTAAAGCGCACGCAGGCGGTTTGTCAAGTCGGATGTGAAATCCCCGGGCTCAACCTGGGAACTGCATTCGAAACTGGCAAGCTAGAGTCTTGTAGAGGGGGGTAGAATTCCAGGTGTAGCGGTGAAATGCGTAGAGATCTGGAGGAATACCGGTGGCGAAGGCGGCCCCCTGGACAAAGACTGACGCTCAGGTGCGAAAGCGTGGGGAGCAAACAGG",99.209,"Enterobacteriaceae","Buttiauxella","Buttiauxella sp. UW21",NA,NA
1224586,"Enterobacteriaceae_1328","gi|401712838|gb|JX162041.1|",401712838,"TACGGAGGGTGCAAGCGTTAATCGGAATTACTGGGCGTAAAGCGCACGCAGGCGGTTTGTCAAGTCGGATGTGAAATCCCCGGGCTCAACCTGGGAACTGCATTCGAAACTGGCAAGCTAGAGTCTTGTAGAGGGGGGTAGAATTCCAGGTGTAGCGGTGAAATGCGTAGAGATCTGGAGGAATACCGGTGGCGAAGGCGGCCCCCTGGACAAAGACTGACGCTCAGGTGCGAAAGCGTGGGGAGCAAACAGG",99.209,"Enterobacteriaceae",NA,"Enterobacteriaceae bacterium JLA6-c",NA,NA
992297,"Enterobacteriaceae_1328","gi|332079520|gb|JF327476.1|",332079520,"TACGGAGGGTGCAAGCGTTAATCGGAATTACTGGGCGTAAAGCGCACGCAGGCGGTTTGTCATGTCGGATGTGAAATCCCCGGGCTCAACCTGGGAACTGCATTCGAAACGGGCAAGCTAGAGTCTTGTAGAGGGGGGTAGAATTCCAGGTGTAGCGGTGAAATGCGTAGAGATCTGGAGGAATACCGGTGGCGAAGGCGGCCCCCTGGACAAAGACTGACGCTCAGGTGCGAAAGCGTGGGGAGCAAACAGG",99.209,"Enterobacteriaceae","Enterobacter","Enterobacter sp. KB52",NA,NA
1045270,"Enterobacteriaceae_1328","gi|336093187|gb|JF915349.1|",336093187,"TACGGAGGGTGCAAGCGTTAATCGGAATTACTGGGCGTAAAGCGCACGCAGGCGGTTTGTCAAGTCGGATGTGAAATCCCCGGGCTCAACCTGGGAACTGCATTCGAAACTGGCAAGCTAGAGTCTTGTAGAGGGGGGTAGAATTCCAGGTGTAGCGGTGAAATGCGTAGAGATCTGGAGGAATACCGGTGGCGAAGGCGGCCCCCTGGACAAAGACTGACGCTCAGGTGCGAAAGCGTGGGGAGCAAACAGG",99.209,"Enterobacteriaceae","Buttiauxella","Buttiauxella sp. NW51",NA,NA
77133,"Enterobacteriaceae_319","gi|558413086|dbj|AB821290.1|",558413086,"TACGGAGGGTGCAAGCGTTAATCGGAATTACTGGGCGTAAAGCGTACGCAGGCGGTCTGTTAAGTCAGATGTGAAATCCCCGGGCTTAACCTGGGAACTGCATTTGAAACTGGCAGGCTAGAGTCTCGTAGAGGGGGGTAGAATTCCAGGTGTAGCGGTGAAATGCGTAGAGATCTGGAGGAATACCGGTGGCGAAGGCGGCCCCCTGGACGAAGACTGACGCTCAGGTACGAAAGCGTGGGGAGCAAACAGG",93.281,NA,NA,"uncultured bacterium",NA,NA
77133,"Enterobacteriaceae_319","gi|558413084|dbj|AB821289.1|",558413084,"TACGGAGGGTGCAAGCGTTAATCGGAATTACTGGGCGTAAAGCGTACGCAGGCGGTCTGTTAAGTCAGATGTGAAATCCCCGGGCTTAACCTGGGAACTGCATTTGAAACTGGCAGGCTAGAGTCTCGTAGAGGGGGGTAGAATTCCAGGTGTAGCGGTGAAATGCGTAGAGATCTGGAGGAATACCGGTGGCGAAGGCGGCCCCCTGGACGAAGACTGACGCTCAGGTACGAAAGCGTGGGGAGCAAACAGG",93.281,NA,NA,"uncultured bacterium",NA,NA
1292581,"Enterobacteriaceae_319","gi|449551608|gb|JX228426.1|",449551608,"TACGGAGGGTGCAAGCGTTAATCGGAATTACTGGGCGTAAAGCGTACGCAGGCGGTCTGTTAAGTCAGATGTGAAATCCCCGGGCTTAACCTGGGAACTGCATTTGAAACTGGCAGGCTAGAGTCTCGTAGAGGGGGGTAGAATTCCAGGTGTAGCGGTGAAATGCGTAGAGATCTGGAGGAATACCGGTGGCGAAGGCGGCCCCCTGGACGAAGACTGACGCTCAGGTACGAAAGCGTGGGGAGCAAACAGG",93.281,NA,NA,"bacterium 25-L049660-122-017-A04",NA,NA
343509,"Enterobacteriaceae_319","gi|84778498|dbj|AP008232.1|",84778498,"TACGGAGGGTGCAAGCGTTAATCGGAATTACTGGGCGTAAAGCGTACGCAGGCGGTCTGTTAAGTCAGATGTGAAATCCCCGGGCTTAACCTGGGAACTGCATTTGAAACTGGCAGGCTAGAGTCTCGTAGAGGGGGGTAGAATTCCAGGTGTAGCGGTGAAATGCGTAGAGATCTGGAGGAATACCGGTGGCGAAGGCGGCCCCCTGGACGAAGACTGACGCTCAGGTACGAAAGCGTGGGGAGCAAACAGG",93.281,"Pectobacteriaceae","Sodalis","Sodalis glossinidius",NA,NA
343509,"Enterobacteriaceae_319","gi|444304101|ref|NR_074525.1|",444304101,"TACGGAGGGTGCAAGCGTTAATCGGAATTACTGGGCGTAAAGCGTACGCAGGCGGTCTGTTAAGTCAGATGTGAAATCCCCGGGCTTAACCTGGGAACTGCATTTGAAACTGGCAGGCTAGAGTCTCGTAGAGGGGGGTAGAATTCCAGGTGTAGCGGTGAAATGCGTAGAGATCTGGAGGAATACCGGTGGCGAAGGCGGCCCCCTGGACGAAGACTGACGCTCAGGTACGAAAGCGTGGGGAGCAAACAGG",93.281,"Pectobacteriaceae","Sodalis","Sodalis glossinidius",NA,NA
63612,"Enterobacteriaceae_319","gi|58761271|gb|AY861702.1|",58761271,"TACGGAGGGTGCAAGCGTTAATCGGAATTACTGGGCGTAAAGCGTACGCAGGCGGTCTGTTAAGTCAGATGTGAAATCCCCGGGCTTAACCTGGGAACTGCATTTGAAACTGGCAGGCTAGAGTCTCGTAGAGGGGGGTAGAATTCCAGGTGTAGCGGTGAAATGCGTAGAGATCTGGAGGAATACCGGTGGCGAAGGCGGCCCCCTGGACGAAGACTGACGCTCAGGTACGAAAGCGTGGGGAGCAAACAGG",93.281,"Pectobacteriaceae","Sodalis","Sodalis glossinidius",NA,NA
63612,"Enterobacteriaceae_319","gi|33334424|gb|AF548136.1|",33334424,"TACGGAGGGTGCAAGCGTTAATCGGAATTACTGGGCGTAAAGCGTACGCAGGCGGTCTGTTAAGTCAGATGTGAAATCCCCGGGCTTAACCTGGGAACTGCATTTGAAACTGGCAGGCTAGAGTCTCGTAGAGGGGGGTAGAATTCCAGGTGTAGCGGTGAAATGCGTAGAGATCTGGAGGAATACCGGTGGCGAAGGCGGCCCCCTGGACGAAGACTGACGCTCAGGTACGAAAGCGTGGGGAGCAAACAGG",93.281,"Pectobacteriaceae","Sodalis","Sodalis glossinidius",NA,NA
63612,"Enterobacteriaceae_319","gi|58761273|gb|AY861704.1|",58761273,"TACGGAGGGTGCAAGCGTTAATCGGAATTACTGGGCGTAAAGCGTACGCAGGCGGTCTGTTAAGTCAGATGTGAAATCCCCGGGCTTAACCTGGGAACTGCATTTGAAACTGGCAGGCTAGAGTCTCGTAGAGGGGGGTAGAATTCCAGGTGTAGCGGTGAAATGCGTAGAGATCTGGAGGAATACCGGTGGCGAAGGCGGCCCCCTGGACGAAGACTGACGCTCAGGTACGAAAGCGTGGGGAGCAAACAGG",93.281,"Pectobacteriaceae","Sodalis","Sodalis glossinidius",NA,NA
63612,"Enterobacteriaceae_319","gi|58761272|gb|AY861703.1|",58761272,"TACGGAGGGTGCAAGCGTTAATCGGAATTACTGGGCGTAAAGCGTACGCAGGCGGTCTGTTAAGTCAGATGTGAAATCCCCGGGCTTAACCTGGGAACTGCATTTGAAACTGGCAGGCTAGAGTCTCGTAGAGGGGGGTAGAATTCCAGGTGTAGCGGTGAAATGCGTAGAGATCTGGAGGAATACCGGTGGCGAAGGCGGCCCCCTGGACGAAGACTGACGCTCAGGTACGAAAGCGTGGGGAGCAAACAGG",93.281,"Pectobacteriaceae","Sodalis","Sodalis glossinidius",NA,NA
51224,"Enterobacteriaceae_319","gi|1513094|gb|U64867.1|GPU64867",1513094,"TACGGAGGGTGCAAGCGTTAATCGGAATTACTGGGCGTAAAGCGTACGCAGGCGGTCTGTTAAGTCAGATGTGAAATCCCCGGGCTTAACCTGGGAACTGCATTTGAAACTGGCAGGCTAGAGTCTCGTAGAGGGGGGTAGAATTCCAGGTGTAGCGGTGAAATGCGTAGAGATCTGGAGGAATACCGGTGGCGAAGGCGGCCCCCTGGACGAAGACTGACGCTCAGGTACGAAAGCGTGGGGAGCAAACAGG",93.281,"Pectobacteriaceae","Sodalis","Sodalis glossinidius",NA,NA
77133,"Enterobacteriaceae_320","gi|732665990|gb|KP142385.1|",732665990,"TACGGAGGGTGCAAGCGTTAATCGGAATTACTGGGCGTAAAGCGCACGCAGGCGGTTTGTTAAGTCAGATGTGAAATCCCCGAGCTTAACTTGGGAACTGCATTTGAAACTGGCAAGCTAGAGTCTTGTAGAGGGGGGTAGAATTCCAGGTGTAGCGGTGAAATGCGTAGAGATCTGGAGGAATACCGGTGGCGAAGGCGGCCCCCTGGACAAAGACTGACGCTCAGGTGCGAAAGCGTGGGGAGCAAACAGG",100,NA,NA,"uncultured bacterium",NA,NA
34038,"Enterobacteriaceae_320","gi|751761199|gb|KM977991.1|",751761199,"TACGGAGGGTGCAAGCGTTAATCGGAATTACTGGGCGTAAAGCGCACGCAGGCGGTTTGTTAAGTCAGATGTGAAATCCCCGAGCTTAACTTGGGAACTGCATTTGAAACTGGCAAGCTAGAGTCTTGTAGAGGGGGGTAGAATTCCAGGTGTAGCGGTGAAATGCGTAGAGATCTGGAGGAATACCGGTGGCGAAGGCGGCCCCCTGGACAAAGACTGACGCTCAGGTGCGAAAGCGTGGGGAGCAAACAGG",100,"Yersiniaceae","Rahnella","Rahnella aquatilis",NA,NA
34038,"Enterobacteriaceae_320","gi|761662925|gb|KP030688.1|",761662925,"TACGGAGGGTGCAAGCGTTAATCGGAATTACTGGGCGTAAAGCGCACGCAGGCGGTTTGTTAAGTCAGATGTGAAATCCCCGAGCTTAACTTGGGAACTGCATTTGAAACTGGCAAGCTAGAGTCTTGTAGAGGGGGGTAGAATTCCAGGTGTAGCGGTGAAATGCGTAGAGATCTGGAGGAATACCGGTGGCGAAGGCGGCCCCCTGGACAAAGACTGACGCTCAGGTGCGAAAGCGTGGGGAGCAAACAGG",100,"Yersiniaceae","Rahnella","Rahnella aquatilis",NA,NA
47917,"Enterobacteriaceae_320","gi|761263489|gb|KP089980.1|",761263489,"TACGGAGGGTGCAAGCGTTAATCGGAATTACTGGGCGTAAAGCGCACGCAGGCGGTTTGTTAAGTCAGATGTGAAATCCCCGAGCTTAACTTGGGAACTGCATTTGAAACTGGCAAGCTAGAGTCTTGTAGAGGGGGGTAGAATTCCAGGTGTAGCGGTGAAATGCGTAGAGATCTGGAGGAATACCGGTGGCGAAGGCGGCCCCCTGGACAAAGACTGACGCTCAGGTGCGAAAGCGTGGGGAGCAAACAGG",100,"Yersiniaceae","Serratia","Serratia fonticola",NA,NA
41202,"Enterobacteriaceae_320","gi|755223243|gb|KM891553.1|",755223243,"TACGGAGGGTGCAAGCGTTAATCGGAATTACTGGGCGTAAAGCGCACGCAGGCGGTTTGTTAAGTCAGATGTGAAATCCCCGAGCTTAACTTGGGAACTGCATTTGAAACTGGCAAGCTAGAGTCTTGTAGAGGGGGGTAGAATTCCAGGTGTAGCGGTGAAATGCGTAGAGATCTGGAGGAATACCGGTGGCGAAGGCGGCCCCCTGGACAAAGACTGACGCTCAGGTGCGAAAGCGTGGGGAGCAAACAGG",100,"Yersiniaceae","Ewingella","Ewingella americana",NA,NA
41202,"Enterobacteriaceae_320","gi|762218605|emb|LN774635.1|",762218605,"TACGGAGGGTGCAAGCGTTAATCGGAATTACTGGGCGTAAAGCGCACGCAGGCGGTTTGTTAAGTCAGATGTGAAATCCCCGAGCTTAACTTGGGAACTGCATTTGAAACTGGCAAGCTAGAGTCTTGTAGAGGGGGGTAGAATTCCAGGTGTAGCGGTGAAATGCGTAGAGATCTGGAGGAATACCGGTGGCGAAGGCGGCCCCCTGGACAAAGACTGACGCTCAGGTGCGAAAGCGTGGGGAGCAAACAGG",100,"Yersiniaceae","Ewingella","Ewingella americana",NA,NA
29486,"Enterobacteriaceae_320","gi|755306123|gb|CP009539.1|",755306123,"TACGGAGGGTGCAAGCGTTAATCGGAATTACTGGGCGTAAAGCGCACGCAGGCGGTTTGTTAAGTCAGATGTGAAATCCCCGAGCTTAACTTGGGAACTGCATTTGAAACTGGCAAGCTAGAGTCTTGTAGAGGGGG-TAGAATTCCAGGTGTAGCGGTGAAATGCGTAGAGATCTGGAGGAATACCGGTGGCGAAGGCGGCCCCCTGGACAAAGACTGACGCTCAGGTGCGAAAGCGTGGGGAGCAAACAGG",99.605,"Yersiniaceae","Yersinia","Yersinia ruckeri",NA,NA
29486,"Enterobacteriaceae_320","gi|755306123|gb|CP009539.1|",755306123,"TACGGAGGGTGCAAGCGTTAATCGGAATTACTGGGCGTAAAGCGCACGCAGGCGGTTTGTTAAGTCAGATGTGAAATCCCCGAGCTTAACTTGGGAACTGCATTTGAAACTGGCAAGCTAGAGTCTTGTAGAGGGGGGTAGAATTCCAGGTGTAGCGGTGAAATGCGTAGAGATCTGGAGGAATACCGGTGGCGAAGGCGGCCCCCTGGACAAAGACTGACGCTCAGGTGCGAAAGCGTGGGGAGCAAACAGG",100,"Yersiniaceae","Yersinia","Yersinia ruckeri",NA,NA
29486,"Enterobacteriaceae_320","gi|755306123|gb|CP009539.1|",755306123,"TACGGAGGGTGCAAGCGTTAATCGGAATTACTGGGCGTAAAGCGCACGCAGGCGGTTTGT-AAGTCAGATGTGAAATCCCCGAGCTTAACTTGGGAACTGCATTTGAAACTGGCAAGCTAGAGTCTTGTAGAGGGGGGTAGAATTCCAGGTGTAGCGGTGAAATGCGTAGAGATCTGGAGGAATACCGGTGGCGAAGGCGGCCCCCTGGACAAAGACTGACGCTCAGGTGCGAAAGCGTGGGGAGCAAACAGG",99.605,"Yersiniaceae","Yersinia","Yersinia ruckeri",NA,NA
1454377,"Enterobacteriaceae_320","gi|755287784|gb|CP009364.1|",755287784,"TACGGAGGGTGCAAGCGTTAATCGGAATTACTGGGCGTAAAGCGTACGCAGGCGGTTTGTTAAGTCAGATGTGAAATCCCCGCGCTTAACGTGGGAACTGCATTTGAAACTGGCAAGCTAGAGTCTTGTAGAGGGGGGTAGAATTCCAGGTGTAGCGGTGAAATGCGTAGAGATCTGGAGGAATACCGGTGGCGAAGGCGGCCCCCTGGACAAAGACTGACGCTCAGGTGCGAAAGCGTGGGGAGCAAACAGG",98.814,"Yersiniaceae","Yersinia","Yersinia frederiksenii",NA,NA
1454377,"Enterobacteriaceae_320","gi|755287784|gb|CP009364.1|",755287784,"TACGGAGGGTGCAAGCGTTAATCGGAATTACTGGGCGTAAAGCGCACGCAGGCGGTTTGTTAAGTCAGATGTGAAATCCCCGCGCTTAACGTGGGAACTGCATTTGAAACTGGCAAGCTAGAGTCTTGTAGAGGGGGGTAGAATTCCAGGTGTAGCGGTGAAATGCGTAGAGATCTGGAGGAATACCGGTGGCGAAGGCGGCCCCCTGGACAAAGACTGACGCTCAGGTGCGAAAGCGTGGGGAGCAAACAGG",99.209,"Yersiniaceae","Yersinia","Yersinia frederiksenii",NA,NA
1454377,"Enterobacteriaceae_320","gi|755287784|gb|CP009364.1|",755287784,"TACGGAGGGTGCAAGCGTTAATCGGAATTACTGGGCGTAAAGCGCACGCAGGCGGTTTGTTAAGTCAGATGTGAAATCCCCGCGCTTAACGTGGGAACTGCATTTGGAACTGGCAAGCTAGAGTCTTGTAGAGGGGGGTAGAATTCCAGGTGTAGCGGTGAAATGCGTAGAGATCTGGAGGAATACCGGTGGCGAAGGCGGCCCCCTGGACAAAGACTGACGCTCAGGTGCGAAAGCGTGGGGAGCAAACAGG",98.814,"Yersiniaceae","Yersinia","Yersinia frederiksenii",NA,NA
1454377,"Enterobacteriaceae_320","gi|755287784|gb|CP009364.1|",755287784,"TACGGAGGGTGCAAGCGTTAATCGGAATTACTGGGCGTAAAGCGCACGCAGGCGGTTTGTTAAGTCAGATGTGAAATCCCCGCGCTTAACGTGGGAACTGCATTTGAAACTGGCAAGCTAGAGTCTTGTAGAGGGGGGTAGAATTCCAGGTGTAGCGGTGAAATGCGTAGAGATCTGGAGGAATACCGGTGGCGAGGGCGGCCCCCTGGACAAAGACTGACGCTCAGGTGCGAAAGCGTGGGGAGCAAACAGG",98.814,"Yersiniaceae","Yersinia","Yersinia frederiksenii",NA,NA
1454377,"Enterobacteriaceae_320","gi|755287784|gb|CP009364.1|",755287784,"TACGGAGGGTGCAAGCGTTAATCGGAATTACTGGGCGTAAAGCGCACGCAGGCGGTTTGTTAAGTCAGATGTGAAATCCCCGAGCTTAACTTGGGAACTGCATTTGAAACTGGCAAGCTAGAGTCTTGTAGAGGGGGGTAGAATTCCAGGTGTAGCGGTGAAATGCGTAGAGATCTGGAGGAATACCGGTGGCGAAGGCGGCCCCCTGGACAAAGACTGACGCTCAGGTGCGAAAGCGTGGGGAGCAAACAGG",100,"Yersiniaceae","Yersinia","Yersinia frederiksenii",NA,NA
555,"Enterobacteriaceae_320","gi|673541151|gb|KF938931.1|",673541151,"TACGGAGGGTGCAAGCGTTAATCGGAATTACTGGGCGTAAAGCGCACGCAGGCGGTTTGTTAAGTCAGATGTGAAATCCCCGAGCTTAACTTGGGAACTGCATTTGAAACTGGCAAGCTAGAGTCTTGTAGAGGGGGGTAGAATTCCAGGTGTAGCGGTGAAATGCGTAGAGATCTGGAGGAATACCGGTGGCGAAGGCGGCCCCCTGGACAAAGACTGACGCTCAGGTGCGAAAGCGTGGGGAGCAAACAGG",100,"Pectobacteriaceae","Pectobacterium","Pectobacterium carotovorum",NA,"Pectobacterium carotovorum subsp. carotovorum"
1249755,"Enterobacteriaceae_320","gi|410935474|gb|JQ407551.1|",410935474,"TACGGAGGGTGCAAGCGTTAATCGGAATTACTGGGCGTAAAGCGCACGCAGGCGGTTTGTTAAGTCAGATGTGAAATCCCCGAGCTTAACTTGGGAACTGCATTTGAAACTGGCAAGCTAGAGTCTTGTAGAGGGGGGTAGAATTCCAGGTGTAGCGGTGAAATGCGTAGAGATCTGGAGGAATACCGGTGGCGAAGGCGGCCCCCTGGACAAAGACTGACGCTCAGGTGCGAAAGCGTGGGGAGCAAACAGG",100,NA,NA,"bacterium AD27/1(2012)",NA,NA
77133,"Enterobacteriaceae_426","gi|558413086|dbj|AB821290.1|",558413086,"TACGGAGGGTG-CAAGCGTTAATCGGAATTACTGGGCGTAAAGCGTACGCAGGCGGTCTGTTAAGTCAGATGTGAAATCCCCGGGCTTAACCTGGGAACTGCATTTGAAACTGGCAGGCTAGAGTCTCGTAGAGGGGGGTAGAATTCCAGGTGTAGCGGTGAAATGCGTAGAGATCTGGAGGAATACCGGTGGCGAAGGCGGCCCCCTGGACGAAGACTGACGCTCAGGTACGAAAGCGTGGGGAGCAAACAGG",91.732,NA,NA,"uncultured bacterium",NA,NA
77133,"Enterobacteriaceae_426","gi|558413084|dbj|AB821289.1|",558413084,"TACGGAGGGTG-CAAGCGTTAATCGGAATTACTGGGCGTAAAGCGTACGCAGGCGGTCTGTTAAGTCAGATGTGAAATCCCCGGGCTTAACCTGGGAACTGCATTTGAAACTGGCAGGCTAGAGTCTCGTAGAGGGGGGTAGAATTCCAGGTGTAGCGGTGAAATGCGTAGAGATCTGGAGGAATACCGGTGGCGAAGGCGGCCCCCTGGACGAAGACTGACGCTCAGGTACGAAAGCGTGGGGAGCAAACAGG",91.732,NA,NA,"uncultured bacterium",NA,NA
77133,"Enterobacteriaceae_426","gi|558413083|dbj|AB821288.1|",558413083,"TACGGAGGGTG-CGAGCGTTAATCGGAATTACTGGGCGTAAAGCGTACGCAGGCGGTCTGTTAAGTCAGATGTGAAATCCCCGGGCTTAACCTGGGAACTGCATTTGAAACTGGCAGGCTAGAGTCTCGTAGAGGGGGGTAGAATTCCAGGTGTAGCGGTGAAATGCGTAAAGATCTGGAGGAATACCGGTGGCGAAGGCGGCCCCCTGGACGAAGACTGACGCTCAGGTACGAAAGCGTGGGGAGCAAACAGG",91.732,NA,NA,"uncultured bacterium",NA,NA
1501800,"Enterobacteriaceae_426","gi|678127552|gb|KJ857032.1|",678127552,"TACGGAGGGTG-CAAGCGTTAATCGGAATTACTGGGCGTAAAGCGTACGCAGGCGGTCTGTTAAGTCAAATGTGAAATCCCCGGGCTTAACCTGGGAACTGCATTTGAAACTGGCAGGCTAGAGTCTCGTAAAGGGGGGTAGAATTCCAGGTGTAGCGGTGAAATGCGTAGAGATCTGGAGGAATACCGGTGGCGAAGGCGGCCCCCTGGACGAAGACTGACGCTCAGGTACGAAAGCGTGGGGAGCAAACAGG",91.732,NA,NA,"bacterium endosymbiont of Puto barberi",NA,NA
1292581,"Enterobacteriaceae_426","gi|449551608|gb|JX228426.1|",449551608,"TACGGAGGGTG-CAAGCGTTAATCGGAATTACTGGGCGTAAAGCGTACGCAGGCGGTCTGTTAAGTCAGATGTGAAATCCCCGGGCTTAACCTGGGAACTGCATTTGAAACTGGCAGGCTAGAGTCTCGTAGAGGGGGGTAGAATTCCAGGTGTAGCGGTGAAATGCGTAGAGATCTGGAGGAATACCGGTGGCGAAGGCGGCCCCCTGGACGAAGACTGACGCTCAGGTACGAAAGCGTGGGGAGCAAACAGG",91.732,NA,NA,"bacterium 25-L049660-122-017-A04",NA,NA
343509,"Enterobacteriaceae_426","gi|444304101|ref|NR_074525.1|",444304101,"TACGGAGGGTG-CAAGCGTTAATCGGAATTACTGGGCGTAAAGCGTACGCAGGCGGTCTGTTAAGTCAGATGTGAAATCCCCGGGCTTAACCTGGGAACTGCATTTGAAACTGGCAGGCTAGAGTCTCGTAGAGGGGGGTAGAATTCCAGGTGTAGCGGTGAAATGCGTAGAGATCTGGAGGAATACCGGTGGCGAAGGCGGCCCCCTGGACGAAGACTGACGCTCAGGTACGAAAGCGTGGGGAGCAAACAGG",91.732,"Pectobacteriaceae","Sodalis","Sodalis glossinidius",NA,NA
1273403,"Enterobacteriaceae_426","gi|499534454|dbj|AB772198.1|",499534454,"TACGGAGGGTG-CGAGCGTTAATCGGAATTACTGGGCGTAAAGCGTACGCAGGCGGTCTGTTAAGTCAGATGTGAAATCCCCGGGCTTAACTTGGGAACTGCATTTGAAACTGGCAGGCTAGAGTCTCGTAGAGGGGGGTAGAATTCCAGGTGTAGCGGTGAAATGCGTAGAGATCTGGAGAAATACCGGTGGCGAAGGCGGCCCCCTGGACGAAGACTGACGCTCAGGTACGAAAGCGTGGGGAGCAAACAGG",92.126,"Pectobacteriaceae","Sodalis","Sodalis-like endosymbiont of Philaenus tesselatus",NA,NA
1273403,"Enterobacteriaceae_426","gi|499534445|dbj|AB772197.1|",499534445,"TACGGAGGGTG-CAAGCGTTAATCGGAATTACTGGGCGTAAAGCGTACGCAGGCGGTCTGTTAAGTCAGATGTGAAATCCCCGGGCTTAACTTGGGAACTGCATTTGAAACTGGCAGGCTAGAGTCTCGTAGAGGGGGGTAGAATTCCAGGTGTAGCGGTGAAATGCGTAGAGATCTGGAGGAATACCAGTGGCGAAGGCGGCCCCCTGGACGAAGACTGACGCTCAGGTACGAAAGCGTGGGGAGCAAACAGG",91.732,"Pectobacteriaceae","Sodalis","Sodalis-like endosymbiont of Philaenus tesselatus",NA,NA
1273402,"Enterobacteriaceae_426","gi|499534439|dbj|AB772195.1|",499534439,"TACGGAGGGTG-CAAGCGTTAATCGGAATTACTGGGCGTAAAGCGTACGCAGGCGGTCTGTTAAGTCAGATGTGAAATCCCCGGGCTTAACTTGGGAACTGCATTTGAAACTGGCAGGCTAGAGTCTCGTAGAGGGGGGTAGAATTCCAGGTGTAGCGGTGAAATGCGTAGAGATCTGGAGGAATACCAGTGGCGAAGGCGGCCCCCTGGACGAAGACTGACGCTCAGGTACGAAAGCGTGGGGAGCAAACAGG",91.732,"Pectobacteriaceae","Sodalis","Sodalis-like endosymbiont of Philaenus spumarius",NA,NA
1273402,"Enterobacteriaceae_426","gi|499534442|dbj|AB772196.1|",499534442,"TACGGAGGGTG-CGAGCGTTAATCGGAATTACTGGGCGTAAAGCGTACGCAGGCGGTCTGTTAAGTCAGATGTGAAATCCCCGGGCTTAACTTGGGAACTGCATTTGAAACTGGCAGGCTAGAGTCTCGTAGAGGGGGGTAGAATTCCAGGTGTAGCGGTGAAATGCGTAGAGATCTGGAGAAATACCGGTGGCGAAGGCGGCCCCCTGGACGAAGACTGACGCTCAGGTACGAAAGCGTGGGGAGCAAACAGG",92.126,"Pectobacteriaceae","Sodalis","Sodalis-like endosymbiont of Philaenus spumarius",NA,NA
77133,"Pantoea_424","gi|747024384|gb|KM507256.1|",747024384,"TACGGAGGGTGCAAGCGTTAATCGGAATTACTGGGCGTAAAGCGCACGCAGGCGGTCTGTTAAGTCAGATGTGAAATCCCCGGGCTTAACCTGGGAACTGCATTTGAAACTGGCAGGCTTGAGTCTTGTAGAGGGGGGTAGAATTCCAGGTGTAGCGGTGAAATGCGTAGAGATCTGGAGGAATACCGGTGGCGAAGGCGGCCCCCTGGACAAAGACTGACGCTCAGGTGCGAAAGCGTGGGGAGCAAACAGG",100,NA,NA,"uncultured bacterium",NA,NA
221276,"Pantoea_424","gi|761636449|gb|KP099434.1|",761636449,"TACGGAGGGTGCAAGCGTTAATCGGAATTACTGGGCGTAAAGCGCACGCAGGCGGTCTGTTAAGTCAGATGTGAAATCCCCGGGCTTAACCTGGGAACTGCATTTGAAACTGGCAGGCTTGAGTCTTGTAGAGGGGGGTAGAATTCCAGGTGTAGCGGTGAAATGCGTAGAGATCTGGAGGAATACCGGTGGCGAAGGCGGCCCCCTGGACAAAGACTGACGCTCAGGTGCGAAAGCGTGGGGAGCAAACAGG",100,"Erwiniaceae","Pantoea","[Curtobacterium] plantarum",NA,NA
221276,"Pantoea_424","gi|761636448|gb|KP099433.1|",761636448,"TACGGAGGGTGCAAGCGTTAATCGGAATTACTGGGCGTAAAGCGCACGCAGGCGGTCTGTTAAGTCAGATGTGAAATCCCCGGGCTTAACCTGGGAACTGCATTTGAAACTGGCAGGCTTGAGTCTTGTAGAGGGGGGTAGAATTCCAGGTGTAGCGGTGAAATGCGTAGAGATCTGGAGGAATACCGGTGGCGAAGGCGGCCCCCTGGACAAAGACTGACGCTCAGGTGCGAAAGCGTGGGGAGCAAACAGG",100,"Erwiniaceae","Pantoea","[Curtobacterium] plantarum",NA,NA
470933,"Pantoea_424","gi|762210516|emb|LN774253.1|",762210516,"TACGGAGGGTGCAAGCGTTAATCGGAATTACTGGGCGTAAAGCGCACGCAGGCGGTCTGTTAAGTCAGATGTGAAATCCCCGGGCTTAACCTGGGAACTGCATTTGAAACTGGCAGGCTTGAGTCTTGTAGAGGGGGGTAGAATTCCAGGTGTAGCGGTGAAATGCGTAGAGATCTGGAGGAATACCGGTGGCGAAGGCGGCCCCCTGGACAAAGACTGACGCTCAGGTGCGAAAGCGTGGGGAGCAAACAGG",100,"Erwiniaceae","Pantoea","Pantoea eucalypti",NA,NA
1590600,"Pantoea_424","gi|757959045|gb|KP325093.1|",757959045,"TACGGAGGGTGCAAGCGTTAATCGGAATTACTGGGCGTAAAGCGCACGCAGGCGGTCTGTTAAGTCAGATGTGAAATCCCCGGGCTTAACCTGGGAACTGCATTTGAAACTGGCAGGCTTGAGTCTTGTAGAGGGGGGTAGAATTCCAGGTGTAGCGGTGAAATGCGTAGAGATCTGGAGGAATACCGGTGGCGAAGGCGGCCCCCTGGACAAAGACTGACGCTCAGGTGCGAAAGCGTGGGGAGCAAACAGG",100,"Erwiniaceae","Pantoea","Pantoea sp. CH-G14",NA,NA
1470080,"Pantoea_424","gi|609294171|gb|KJ504163.1|",609294171,"TACGGAGGGTGCAAGCGTTAATCGGAATTACTGGGCGTAAAGCGCACGCAGGCGGTCTGTTAAGTCAGATGTGAAATCCCCGGGCTTAACCTGGGAACTGCATTTGAAACTGGCAGGCTTGAGTCTTGTAGAGGGGGGTAGAATTCCAGGTGTAGCGGTGAAATGCGTAGAGATCTGGAGGAATACCGGTGGCGAAGGCGGCCCCCTGGACAAAGACTGACGCTCAGGTGCGAAAGCGTGGGGAGCAAACAGG",100,"Erwiniaceae","Pantoea","Pantoea sp. Y-fx2",NA,NA
549,"Pantoea_424","gi|756363835|dbj|AB907779.1|",756363835,"TACGGAGGGTGCAAGCGTTAATCGGAATTACTGGGCGTAAAGCGCACGCAGGCGGTCTGTTAAGTCAGATGTGAAATCCCCGGGCTTAACCTGGGAACTGCATTTGAAACTGGCAGGCTTGAGTCTTGTAGAGGGGGGTAGAATTCCAGGTGTAGCGGTGAAATGCGTAGAGATCTGGAGGAATACCGGTGGCGAAGGCGGCCCCCTGGACAAAGACTGACGCTCAGGTGCGAAAGCGTGGGGAGCAAACAGG",100,"Erwiniaceae","Pantoea","Pantoea agglomerans","Pantoea agglomerans group",NA
549,"Pantoea_424","gi|755223245|gb|KM891555.1|",755223245,"TACGGAGGGTGCAAGCGTTAATCGGAATTACTGGGCGTAAAGCGCACGCAGGCGGTCTGTTAAGTCAGATGTGAAATCCCCGGGCTTAACCTGGGAACTGCATTTGAAACTGGCAGGCTTGAGTCTTGTAGAGGGGGGTAGAATTCCAGGTGTAGCGGTGAAATGCGTAGAGATCTGGAGGAATACCGGTGGCGAAGGCGGCCCCCTGGACAAAGACTGACGCTCAGGTGCGAAAGCGTGGGGAGCAAACAGG",100,"Erwiniaceae","Pantoea","Pantoea agglomerans","Pantoea agglomerans group",NA
198431,"Pantoea_424","gi|752479951|gb|KP409396.1|",752479951,"TACGGAGGGTGCAAGCGTTAATCGGAATTACTGGGCGTAAAGCGCACGCAGGCGGTCTGTTAAGTCAGATGTGAAATCCCCGGGCTTAACCTGGGAACTGCATTTGAAACTGGCAGGCTTGAGTCTTGTAGAGGGGGGTAGAATTCCAGGTGTAGCGGTGAAATGCGTAGAGATCTGGAGGAATACCGGTGGCGAAGGCGGCCCCCTGGACAAAGACTGACGCTCAGGTGCGAAAGCGTGGGGAGCAAACAGG",100,NA,NA,"uncultured prokaryote",NA,NA
198431,"Pantoea_424","gi|752480450|gb|KP409895.1|",752480450,"TACGGAGGGTGCAAGCGTTAATCGGAATTACTGGGCGTAAAGCGCACGCAGGCGGTCTGTTAAGTCAGATGTGAAATCCCCGGGCTTAACCTGGGAACTGCATTTGAAACTGGCAGGCTTGAGTCTTGTAGAGGGGGGTAGAATTCCAGGTGTAGCGGTGAAATGCGTAGAGATCTGGAGGAATACCGGTGGCGAAGGCGGCCCCCTGGACAAAGACTGACGCTCAGGTGCGAAAGCGTGGGGAGCAAACAGG",100,NA,NA,"uncultured prokaryote",NA,NA
61645,"Salmonella_449","gi|659496013|gb|KJ560947.1|",659496013,"TACGGAGGGTGCAAGCGTTAATCGGAATTACTGGGCGTAAAGCGCACGCAGGCGGTCTGTCAAGTCGGATGTGAAATCCCCGGGCTCAACCTGGGAACTGCATTCGAAACTGGCAGGCTTGAGTCTTGTAGAGGGGGGTAGAATTCCAGGTGTAGCGGTGAAATGCGTAGAGATCTGGAGGAATACCGGTGGCGAAGGCGGCCCCCTGGACAAAGACTGACGCTCAGGTGCGAAAGCGTGGGGAGCAAACAGG",100,"Enterobacteriaceae","Enterobacter","Enterobacter asburiae","Enterobacter cloacae complex",NA
61645,"Salmonella_449","gi|659496014|gb|KJ560948.1|",659496014,"TACGGAGGGTGCAAGCGTTAATCGGAATTACTGGGCGTAAAGCGCACGCAGGCGGTCTGTCAAGTCGGATGTGAAATCCCCGGGCTCAACCTGGGAACTGCATTCGAAACTGGCAGGCTTGAGTCTTGTAGAGGGGGGTAGAATTCCAGGTGTAGCGGTGAAATGCGTAGAGATCTGGAGGAATACCGGTGGCGAAGGCGGCCCCCTGGACAAAGACTGACGCTCAGGTGCGAAAGCGTGGGGAGCAAACAGG",100,"Enterobacteriaceae","Enterobacter","Enterobacter asburiae","Enterobacter cloacae complex",NA
796733,"Salmonella_449","gi|767847001|gb|CP010283.1|",767847001,"TACGGAGGGTGCAAGCGTTAATCGGAATTACTGGGCGTAAAGCGCACGCAGGCGGTCTGTCAAGTCGGATGTGAAATCCCCGGGCTCAACCTGGGAACTGCATTCGAAACTGGCAGGCTTGAGTCTTGTAGAGGGGGGTAGAATTCCAGGTGTAGCGGTGAAATGCGTAGAGATCTGGAGGAATACCGGTGGCGAAGGCGGCCCCCTGGACAAAGACTGACGCTCAGGTGCGAAAGCGTGGGGAGCAAACAGG",100,"Enterobacteriaceae","Salmonella","Salmonella enterica",NA,"Salmonella enterica subsp. enterica"
796731,"Salmonella_449","gi|767842734|gb|CP010282.1|",767842734,"TACGGAGGGTGCAAGCGTTAATCGGAATTACTGGGCGTAAAGCGCACGCAGGCGGTCTGTCAAGTCGGATGTGAAATCCCCGGGCTCAACCTGGGAACTGCATTCGAAACTGGCAGGCTTGAGTCTTGTAGAGGGGGGTAGAATTCCAGGTGTAGCGGTGAAATGCGTAGAGATCTGGAGGAATACCGGTGGCGAAGGCGGCCCCCTGGACAAAGACTGACGCTCAGGTGCGAAAGCGTGGGGAGCAAACAGG",100,"Enterobacteriaceae","Salmonella","Salmonella enterica",NA,"Salmonella enterica subsp. enterica"
796732,"Salmonella_449","gi|767838360|gb|CP010281.1|",767838360,"TACGGAGGGTGCAAGCGTTAATCGGAATTACTGGGCGTAAAGCGCACGCAGGCGGTCTGTCAAGTCGGATGTGAAATCCCCGGGCTCAACCTGGGAACTGCATTCGAAACTGGCAGGCTTGAGTCTTGTAGAGGGGGGTAGAATTCCAGGTGTAGCGGTGAAATGCGTAGAGATCTGGAGGAATACCGGTGGCGAAGGCGGCCCCCTGGACAAAGACTGACGCTCAGGTGCGAAAGCGTGGGGAGCAAACAGG",100,"Enterobacteriaceae","Salmonella","Salmonella enterica",NA,"Salmonella enterica subsp. enterica"
796730,"Salmonella_449","gi|767833982|gb|CP010279.1|",767833982,"TACGGAGGGTGCAAGCGTTAATCGGAATTACTGGGCGTAAAGCGCACGCAGGCGGTCTGTCAAGTCGGATGTGAAATCCCCGGGCTCAACCTGGGAACTGCATTCGAAACTGGCAGGCTTGAGTCTTGTAGAGGGGGGTAGAATTCCAGGTGTAGCGGTGAAATGCGTAGAGATCTGGAGGAATACCGGTGGCGAAGGCGGCCCCCTGGACAAAGACTGACGCTCAGGTGCGAAAGCGTGGGGAGCAAACAGG",100,"Enterobacteriaceae","Salmonella","Salmonella enterica",NA,"Salmonella enterica subsp. enterica"
858307,"Salmonella_449","gi|767829574|gb|CP010284.1|",767829574,"TACGGAGGGTGCAAGCGTTAATCGGAATTACTGGGCGTAAAGCGCACGCAGGCGGTCTGTCAAGTCGGATGTGAAATCCCCGGGCTCAACCTGGGAACTGCATTCGAAACTGGCAGGCTTGAGTCTTGTAGAGGGGGGTAGAATTCCAGGTGTAGCGGTGAAATGCGTAGAGATCTGGAGGAATACCGGTGGCGAAGGCGGCCCCCTGGACAAAGACTGACGCTCAGGTGCGAAAGCGTGGGGAGCAAACAGG",100,"Enterobacteriaceae","Salmonella","Salmonella enterica",NA,"Salmonella enterica subsp. enterica"
1454639,"Salmonella_449","gi|764057510|gb|CP007235.1|",764057510,"TACGGAGGGTGCAAGCGTTAATCGGAATTACTGGGCGTAAAGCGCACGCAGGCGGTCTGTCAAGTCGGATGTGAAATCCCCGGGCTCAACCTGGGAACTGCATTCGAAACTGGCAGGCTTGAGTCTTGTAGAGGGGGGTAGAATTCCAGGTGTAGCGGTGAAATGCGTAGAGATCTGGAGGAATACCGGTGGCGAAGGCGGCCCCCTGGACAAAGACTGACGCTCAGGTGCGAAAGCGTGGGGAGCAAACAGG",100,"Enterobacteriaceae","Salmonella","Salmonella enterica",NA,"Salmonella enterica subsp. enterica"
1454603,"Salmonella_449","gi|764053139|gb|CP007222.1|",764053139,"TACGGAGGGTGCAAGCGTTAATCGGAATTACTGGGCGTAAAGCGCACGCAGGCGGTCTGTCAAGTCGGATGTGAAATCCCCGGGCTCAACCTGGGAACTGCATTCGAAACTGGCAGGCTTGAGTCTTGTAGAGGGGGGTAGAATTCCAGGTGTAGCGGTGAAATGCGTAGAGATCTGGAGGAATACCGGTGGCGAAGGCGGCCCCCTGGACAAAGACTGACGCTCAGGTGCGAAAGCGTGGGGAGCAAACAGG",100,"Enterobacteriaceae","Salmonella","Salmonella enterica",NA,"Salmonella enterica subsp. enterica"
1454620,"Salmonella_449","gi|764048557|gb|CP007216.1|",764048557,"TACGGAGGGTGCAAGCGTTAATCGGAATTACTGGGCGTAAAGCGCACGCAGGCGGTCTGTCAAGTCGGATGTGAAATCCCCGGGCTCAACCTGGGAACTGCATTCGAAACTGGCAGGCTTGAGTCTTGTAGAGGGGGGTAGAATTCCAGGTGTAGCGGTGAAATGCGTAGAGATCTGGAGGAATACCGGTGGCGAAGGCGGCCCCCTGGACAAAGACTGACGCTCAGGTGCGAAAGCGTGGGGAGCAAACAGG",100,"Enterobacteriaceae","Salmonella","Salmonella enterica",NA,"Salmonella enterica subsp. enterica"
77133,"Sodalis_348","gi|558413084|dbj|AB821289.1|",558413084,"TACGGAGGGTGCAAGCGTTAATCGGAATTACTGGGCGTAAAGCGTACGCAGGCGGTCTGTTAAGTCAGATGTGAAATCCCCGGGCTTAACCTGGGAACTGCATTTGAAACTGGCAGGCTAGAGTCTCGTAGAGGGGGGTAGAATTCCAGGTGTAGCGGTGAAATGCGTAGAGATCTGGAGGAATACCGGTGGCGAAGGCGGCCCCCTGGACGAAGACTGACGCTCAGGTACGAAAGCGTGGGGAGCAAACAGG",98.814,NA,NA,"uncultured bacterium",NA,NA
77133,"Sodalis_348","gi|558413086|dbj|AB821290.1|",558413086,"TACGGAGGGTGCAAGCGTTAATCGGAATTACTGGGCGTAAAGCGTACGCAGGCGGTCTGTTAAGTCAGATGTGAAATCCCCGGGCTTAACCTGGGAACTGCATTTGAAACTGGCAGGCTAGAGTCTCGTAGAGGGGGGTAGAATTCCAGGTGTAGCGGTGAAATGCGTAGAGATCTGGAGGAATACCGGTGGCGAAGGCGGCCCCCTGGACGAAGACTGACGCTCAGGTACGAAAGCGTGGGGAGCAAACAGG",98.814,NA,NA,"uncultured bacterium",NA,NA
1292581,"Sodalis_348","gi|449551608|gb|JX228426.1|",449551608,"TACGGAGGGTGCAAGCGTTAATCGGAATTACTGGGCGTAAAGCGTACGCAGGCGGTCTGTTAAGTCAGATGTGAAATCCCCGGGCTTAACCTGGGAACTGCATTTGAAACTGGCAGGCTAGAGTCTCGTAGAGGGGGGTAGAATTCCAGGTGTAGCGGTGAAATGCGTAGAGATCTGGAGGAATACCGGTGGCGAAGGCGGCCCCCTGGACGAAGACTGACGCTCAGGTACGAAAGCGTGGGGAGCAAACAGG",98.814,NA,NA,"bacterium 25-L049660-122-017-A04",NA,NA
343509,"Sodalis_348","gi|84778498|dbj|AP008232.1|",84778498,"TACGGAGGGTGCAAGCGTTAATCGGAATTACTGGGCGTAAAGCGTACGCAGGCGGTCTGTTAAGTCAGATGTGAAATCCCCGGGCTTAACCTGGGAACTGCATTTGAAACTGGCAGGCTAGAGTCTCGTAGAGGGGGGTAGAATTCCAGGTGTAGCGGTGAAATGCGTAGAGATCTGGAGGAATACCGGTGGCGAAGGCGGCCCCCTGGACGAAGACTGACGCTCAGGTACGAAAGCGTGGGGAGCAAACAGG",98.814,"Pectobacteriaceae","Sodalis","Sodalis glossinidius",NA,NA
343509,"Sodalis_348","gi|444304101|ref|NR_074525.1|",444304101,"TACGGAGGGTGCAAGCGTTAATCGGAATTACTGGGCGTAAAGCGTACGCAGGCGGTCTGTTAAGTCAGATGTGAAATCCCCGGGCTTAACCTGGGAACTGCATTTGAAACTGGCAGGCTAGAGTCTCGTAGAGGGGGGTAGAATTCCAGGTGTAGCGGTGAAATGCGTAGAGATCTGGAGGAATACCGGTGGCGAAGGCGGCCCCCTGGACGAAGACTGACGCTCAGGTACGAAAGCGTGGGGAGCAAACAGG",98.814,"Pectobacteriaceae","Sodalis","Sodalis glossinidius",NA,NA
63612,"Sodalis_348","gi|58761272|gb|AY861703.1|",58761272,"TACGGAGGGTGCAAGCGTTAATCGGAATTACTGGGCGTAAAGCGTACGCAGGCGGTCTGTTAAGTCAGATGTGAAATCCCCGGGCTTAACCTGGGAACTGCATTTGAAACTGGCAGGCTAGAGTCTCGTAGAGGGGGGTAGAATTCCAGGTGTAGCGGTGAAATGCGTAGAGATCTGGAGGAATACCGGTGGCGAAGGCGGCCCCCTGGACGAAGACTGACGCTCAGGTACGAAAGCGTGGGGAGCAAACAGG",98.814,"Pectobacteriaceae","Sodalis","Sodalis glossinidius",NA,NA
63612,"Sodalis_348","gi|33334424|gb|AF548136.1|",33334424,"TACGGAGGGTGCAAGCGTTAATCGGAATTACTGGGCGTAAAGCGTACGCAGGCGGTCTGTTAAGTCAGATGTGAAATCCCCGGGCTTAACCTGGGAACTGCATTTGAAACTGGCAGGCTAGAGTCTCGTAGAGGGGGGTAGAATTCCAGGTGTAGCGGTGAAATGCGTAGAGATCTGGAGGAATACCGGTGGCGAAGGCGGCCCCCTGGACGAAGACTGACGCTCAGGTACGAAAGCGTGGGGAGCAAACAGG",98.814,"Pectobacteriaceae","Sodalis","Sodalis glossinidius",NA,NA
63612,"Sodalis_348","gi|58761273|gb|AY861704.1|",58761273,"TACGGAGGGTGCAAGCGTTAATCGGAATTACTGGGCGTAAAGCGTACGCAGGCGGTCTGTTAAGTCAGATGTGAAATCCCCGGGCTTAACCTGGGAACTGCATTTGAAACTGGCAGGCTAGAGTCTCGTAGAGGGGGGTAGAATTCCAGGTGTAGCGGTGAAATGCGTAGAGATCTGGAGGAATACCGGTGGCGAAGGCGGCCCCCTGGACGAAGACTGACGCTCAGGTACGAAAGCGTGGGGAGCAAACAGG",98.814,"Pectobacteriaceae","Sodalis","Sodalis glossinidius",NA,NA
63612,"Sodalis_348","gi|58761271|gb|AY861702.1|",58761271,"TACGGAGGGTGCAAGCGTTAATCGGAATTACTGGGCGTAAAGCGTACGCAGGCGGTCTGTTAAGTCAGATGTGAAATCCCCGGGCTTAACCTGGGAACTGCATTTGAAACTGGCAGGCTAGAGTCTCGTAGAGGGGGGTAGAATTCCAGGTGTAGCGGTGAAATGCGTAGAGATCTGGAGGAATACCGGTGGCGAAGGCGGCCCCCTGGACGAAGACTGACGCTCAGGTACGAAAGCGTGGGGAGCAAACAGG",98.814,"Pectobacteriaceae","Sodalis","Sodalis glossinidius",NA,NA
51224,"Sodalis_348","gi|1513094|gb|U64867.1|GPU64867",1513094,"TACGGAGGGTGCAAGCGTTAATCGGAATTACTGGGCGTAAAGCGTACGCAGGCGGTCTGTTAAGTCAGATGTGAAATCCCCGGGCTTAACCTGGGAACTGCATTTGAAACTGGCAGGCTAGAGTCTCGTAGAGGGGGGTAGAATTCCAGGTGTAGCGGTGAAATGCGTAGAGATCTGGAGGAATACCGGTGGCGAAGGCGGCCCCCTGGACGAAGACTGACGCTCAGGTACGAAAGCGTGGGGAGCAAACAGG",98.814,"Pectobacteriaceae","Sodalis","Sodalis glossinidius",NA,NA
