"unique_id","V1","V2","V3","V4","V5","family","genus","species"
162209,"Paenibacillus_408","gi|651208210|gb|KJ638115.1|",651208210,"TACGTAGGGGGCAAGCGTTGTCCGGAATTATTGGGCGTAAAGCGCGCGCAGGCGGCCGCTTAAGTTTGGTGTATAAGCCCGGGGCTCAACCCCGGATCGCACCGAAAACTGGGTGGCTTGAGTGCAGGAGAGGAAAGCGGAATTCCACGTGTAGCGGTGAAATGCGTAGAGATGTGGAGGAACACCAGTGGCGAAGGCGGCTTTCTGGACTGTAACTGACGCTGAGGCGCGAAAGCGTGGGGAGCAAACAGG",99.603,"Paenibacillaceae","Paenibacillus","Paenibacillus naphthalenovorans"
162209,"Paenibacillus_408","gi|380505545|gb|JN645984.1|",380505545,"TACGTAGGGGGCAAGCGTTGTCCGGAATTATTGGGCGTAAAGCGCGCGCAGGCGGCCGCTTAAGTTTGGTGTATAAGCCCGGGGCTCAACCCCGGATCGCACCGAAAACTGGGTGGCTTGAGTGCAGGAGAGGAAAGCGGAATTCCACGTGTAGCGGTGAAATGCGTAGAGATGTGGAGGAACACCAGTGGCGAAGGCGGCTTTCTGGACTGTAACTGACGCTGAGGCGCGAAAGCGTGGGGAGCAAACAGG",99.603,"Paenibacillaceae","Paenibacillus","Paenibacillus naphthalenovorans"
1507519,"Paenibacillus_408","gi|651208198|gb|KJ638103.1|",651208198,"TACGTAGGGGGCAAGCGTTGTCCGGAATTATTGGGCGTAAAGCGCGCGCAGGCGGCCGCTTAAGTTTGGTGTATAAGCCCGGGGCTCAACCCCGGATCGCACCGAAAACTGGGTGGCTTGAGTGCAGGAGAGGAAAGCGGAATTCCACGTGTAGCGGTGAAATGCGTAGAGATGTGGAGGAACACCAGTGGCGAAGGCGGCTTTCTGGACTGTAACTGACGCTGAGGCGCGAAAGCGTGGGGAGCAAACAGG",99.603,"Paenibacillaceae","Paenibacillus","Paenibacillus sp. AMHSOQ168"
1162012,"Paenibacillus_408","gi|380505525|gb|JN645964.1|",380505525,"TACGTAGGGGGCAAGCGTTGTCCGGAATTATTGGGCGTAAAGCGCGCGCAGGCGGCCGCTTAAGTTTGGTGTATAAGCCCGGGGCTCAACCCCGGATCGCACCGAAAACTGGGTGGCTTGAGTGCAGGAGAGGAAAGCGGAATTCCACGTGTAGCGGTGAAATGCGTAGAGATGTGGAGGAACACCAGTGGCGAAGGCGGCTTTCTGGACTGTAACTGACGCTGAGGCGCGAAAGCGTGGGGAGCAAACAGG",99.603,"Paenibacillaceae","Paenibacillus","Paenibacillus sp. 1392"
1162011,"Paenibacillus_408","gi|380505505|gb|JN645944.1|",380505505,"TACGTAGGGGGCAAGCGTTGTCCGGAATTATTGGGCGTAAAGCGCGCGCAGGCGGCCGCTTAAGTTTGGTGTATAAGCCCGGGGCTCAACCCCGGATCGCACCGAAAACTGGGTGGCTTGAGTGCAGGAGAGGAAAGCGGAATTCCACGTGTAGCGGTGAAATGCGTAGAGATGTGGAGGAACACCAGTGGCGAAGGCGGCTTTCTGGACTGTAACTGACGCTGAGGCGCGAAAGCGTGGGGAGCAAACAGG",99.603,"Paenibacillaceae","Paenibacillus","Paenibacillus sp. 1372"
1162010,"Paenibacillus_408","gi|380505503|gb|JN645942.1|",380505503,"TACGTAGGGGGCAAGCGTTGTCCGGAATTATTGGGCGTAAAGCGCGCGCAGGCGGCCGCTTAAGTTTGGTGTATAAGCCCGGGGCTCAACCCCGGATCGCACCGAAAACTGGGTGGCTTGAGTGCAGGAGAGGAAAGCGGAATTCCACGTGTAGCGGTGAAATGCGTAGAGATGTGGAGGAACACCAGTGGCGAAGGCGGCTTTCTGGACTGTAACTGACGCTGAGGCGCGAAAGCGTGGGGAGCAAACAGG",99.603,"Paenibacillaceae","Paenibacillus","Paenibacillus sp. 1223"
227322,"Paenibacillus_408","gi|371942304|gb|JN998879.1|",371942304,"TACGTAGGGGGCAAGCGTTGTCCGGAATTATTGGGCGTAAAGCGCGCGCAGGCGGCCGCTTAAGTTTGGTGTATAAGCCCGGGGCTCAACCCCGGATCGCACCGAAAACTGGGTGGCTTGAGTGCAGGAGAGGAAAGCGGAATTCCACGTGTAGCGGTGAAATGCGTAGAGATGTGGAGGAACACCAGTGGCGAAGGCGGCTTTCTGGACTGTAACTGACGCTGAGGCGCGAAAGCGTGGGGAGCAAACAGG",99.603,"Paenibacillaceae","Paenibacillus","uncultured Paenibacillus sp."
1051546,"Paenibacillus_408","gi|343480610|dbj|AB663502.1|",343480610,"TACGTAGGGGGCAAGCGTTGTCCGGAATTATTGGGCGTAAAGCGCGCGCAGGCGGCCGCTTAAGTTTGGTGTATAAGCCCGGGGCTCAACCCCGGATCGCACCGAAAACTGGGTGGCTTGAGTGCAGGAGAGGAAAGCGGAATTCCACGTGTAGCGGTGAAATGCGTAGAGATGTGGAGGAACACCAGTGGCGAAGGCGGCTTTCTGGACTGTAACTGACGCTGAGGCGCGAAAGCGTGGGGAGCAAACAGG",99.603,"Paenibacillaceae","Paenibacillus","Paenibacillus sp. TSY30"
668702,"Paenibacillus_408","gi|257123822|gb|GQ407192.1|",257123822,"TACGTAGGGGGCAAGCGTTGTCCGGAATTATTGGGCGTAAAGCGCGCGCAGGCGGCCGCTTAAGTTTGGTGTATAAGCCCGGGGCTCAACCCCGGATCGCACCGAAAACTGGGTGGCTTGAGTGCAGGAGAGGAAAGCGGAATTCCACGTGTAGCGGTGAAATGCGTAGAGATGTGGAGGAACACCAGTGGCGAAGGCGGCTTTCTGGACTGTAACTGACGCTGAGGCGCGAAAGCGTGGGGAGCAAACAGG",99.603,"Paenibacillaceae","Paenibacillus","Paenibacillus sp. DV9-48"
668701,"Paenibacillus_408","gi|257123819|gb|GQ407189.1|",257123819,"TACGTAGGGGGCAAGCGTTGTCCGGAATTATTGGGCGTAAAGCGCGCGCAGGCGGCCGCTTAAGTTTGGTGTATAAGCCCGGGGCTCAACCCCGGATCGCACCGAAAACTGGGTGGCTTGAGTGCAGGAGAGGAAAGCGGAATTCCACGTGTAGCGGTGAAATGCGTAGAGATGTGGAGGAACACCAGTGGCGAAGGCGGCTTTCTGGACTGTAACTGACGCTGAGGCGCGAAAGCGTGGGGAGCAAACAGG",99.603,"Paenibacillaceae","Paenibacillus","Paenibacillus sp. DV9-44"
162209,"Paenibacillus_418","gi|651208210|gb|KJ638115.1|",651208210,"TACGTAGGGGGCAAGCGTTGTCCGGAATTATTGGGCGTAAAGCGCGCGCAGGCGGCCGCTTAAGTTTGGTGTATAAGCCCGGGGCTCAACCCCGGATCGCACCGAAAACTGGGTGGCTTGAGTGCAGGAGAGGAAAGCGGAATTCCACGTGTAGCGGTGAAATGCGTAGAGATGTGGAGGAACACCAGTGGCGAAGGCGGCTTTCTGGACTGTAACTGACGCTGAGGCGCGAAAGCGTGGGGAGCAAACAGG",99.603,"Paenibacillaceae","Paenibacillus","Paenibacillus naphthalenovorans"
162209,"Paenibacillus_418","gi|380505545|gb|JN645984.1|",380505545,"TACGTAGGGGGCAAGCGTTGTCCGGAATTATTGGGCGTAAAGCGCGCGCAGGCGGCCGCTTAAGTTTGGTGTATAAGCCCGGGGCTCAACCCCGGATCGCACCGAAAACTGGGTGGCTTGAGTGCAGGAGAGGAAAGCGGAATTCCACGTGTAGCGGTGAAATGCGTAGAGATGTGGAGGAACACCAGTGGCGAAGGCGGCTTTCTGGACTGTAACTGACGCTGAGGCGCGAAAGCGTGGGGAGCAAACAGG",99.603,"Paenibacillaceae","Paenibacillus","Paenibacillus naphthalenovorans"
1507519,"Paenibacillus_418","gi|651208198|gb|KJ638103.1|",651208198,"TACGTAGGGGGCAAGCGTTGTCCGGAATTATTGGGCGTAAAGCGCGCGCAGGCGGCCGCTTAAGTTTGGTGTATAAGCCCGGGGCTCAACCCCGGATCGCACCGAAAACTGGGTGGCTTGAGTGCAGGAGAGGAAAGCGGAATTCCACGTGTAGCGGTGAAATGCGTAGAGATGTGGAGGAACACCAGTGGCGAAGGCGGCTTTCTGGACTGTAACTGACGCTGAGGCGCGAAAGCGTGGGGAGCAAACAGG",99.603,"Paenibacillaceae","Paenibacillus","Paenibacillus sp. AMHSOQ168"
1162012,"Paenibacillus_418","gi|380505525|gb|JN645964.1|",380505525,"TACGTAGGGGGCAAGCGTTGTCCGGAATTATTGGGCGTAAAGCGCGCGCAGGCGGCCGCTTAAGTTTGGTGTATAAGCCCGGGGCTCAACCCCGGATCGCACCGAAAACTGGGTGGCTTGAGTGCAGGAGAGGAAAGCGGAATTCCACGTGTAGCGGTGAAATGCGTAGAGATGTGGAGGAACACCAGTGGCGAAGGCGGCTTTCTGGACTGTAACTGACGCTGAGGCGCGAAAGCGTGGGGAGCAAACAGG",99.603,"Paenibacillaceae","Paenibacillus","Paenibacillus sp. 1392"
1162011,"Paenibacillus_418","gi|380505505|gb|JN645944.1|",380505505,"TACGTAGGGGGCAAGCGTTGTCCGGAATTATTGGGCGTAAAGCGCGCGCAGGCGGCCGCTTAAGTTTGGTGTATAAGCCCGGGGCTCAACCCCGGATCGCACCGAAAACTGGGTGGCTTGAGTGCAGGAGAGGAAAGCGGAATTCCACGTGTAGCGGTGAAATGCGTAGAGATGTGGAGGAACACCAGTGGCGAAGGCGGCTTTCTGGACTGTAACTGACGCTGAGGCGCGAAAGCGTGGGGAGCAAACAGG",99.603,"Paenibacillaceae","Paenibacillus","Paenibacillus sp. 1372"
1162010,"Paenibacillus_418","gi|380505503|gb|JN645942.1|",380505503,"TACGTAGGGGGCAAGCGTTGTCCGGAATTATTGGGCGTAAAGCGCGCGCAGGCGGCCGCTTAAGTTTGGTGTATAAGCCCGGGGCTCAACCCCGGATCGCACCGAAAACTGGGTGGCTTGAGTGCAGGAGAGGAAAGCGGAATTCCACGTGTAGCGGTGAAATGCGTAGAGATGTGGAGGAACACCAGTGGCGAAGGCGGCTTTCTGGACTGTAACTGACGCTGAGGCGCGAAAGCGTGGGGAGCAAACAGG",99.603,"Paenibacillaceae","Paenibacillus","Paenibacillus sp. 1223"
227322,"Paenibacillus_418","gi|371942313|gb|JN998888.1|",371942313,"TACGTAGGGGGCAAGCGTTGTCCGGAATTACTGGGCGTAAAGCGCGCGCAGGCGGCCGCTTAAGTTTGGTGTATAAGCCCGGGGCTCAACCCCGGATCGCATCGAAAACTGGGTGGCTTGAGTGCAGGAGAGGAAAGCGGAATTCCACGTGTAGCGGTGAAATGCGTAGAGATGTGGAGGAACACCAGTGGCGAAGGCGGCTTTCTGGACTGTAACTGACGCTGAGGCGCGAAAGCGTGGGGAGCAAACAGG",99.603,"Paenibacillaceae","Paenibacillus","uncultured Paenibacillus sp."
227322,"Paenibacillus_418","gi|371942309|gb|JN998884.1|",371942309,"TACGTAGGGGGCAAGCGTTGTCCGGAATTATTGGGCGTAAAGCGCGCGCAGGCGGCCGCTTAAGTTTGGTGTATAAGCCCGGGGCTCAACCCCGGATCGCATCGAAAACTGGGTGGCTTGAGTGCAGGAGAGGAAAGCGGAATTCCACGTGTAGCGGTGAAATGCGTAGAGATGTGGAGGAACACCAGTGGCGAAGGCGGCTTTCTGGACTGTAACTGACGCTGAGGCGCGAAAGCGTGGGGAGCAAACAGG",100,"Paenibacillaceae","Paenibacillus","uncultured Paenibacillus sp."
227322,"Paenibacillus_418","gi|371942304|gb|JN998879.1|",371942304,"TACGTAGGGGGCAAGCGTTGTCCGGAATTATTGGGCGTAAAGCGCGCGCAGGCGGCCGCTTAAGTTTGGTGTATAAGCCCGGGGCTCAACCCCGGATCGCACCGAAAACTGGGTGGCTTGAGTGCAGGAGAGGAAAGCGGAATTCCACGTGTAGCGGTGAAATGCGTAGAGATGTGGAGGAACACCAGTGGCGAAGGCGGCTTTCTGGACTGTAACTGACGCTGAGGCGCGAAAGCGTGGGGAGCAAACAGG",99.603,"Paenibacillaceae","Paenibacillus","uncultured Paenibacillus sp."
1051546,"Paenibacillus_418","gi|343480610|dbj|AB663502.1|",343480610,"TACGTAGGGGGCAAGCGTTGTCCGGAATTATTGGGCGTAAAGCGCGCGCAGGCGGCCGCTTAAGTTTGGTGTATAAGCCCGGGGCTCAACCCCGGATCGCACCGAAAACTGGGTGGCTTGAGTGCAGGAGAGGAAAGCGGAATTCCACGTGTAGCGGTGAAATGCGTAGAGATGTGGAGGAACACCAGTGGCGAAGGCGGCTTTCTGGACTGTAACTGACGCTGAGGCGCGAAAGCGTGGGGAGCAAACAGG",99.603,"Paenibacillaceae","Paenibacillus","Paenibacillus sp. TSY30"
77133,"Paenibacillus_740","gi|444300958|gb|KC286863.1|",444300958,"TACGTAGGGGGCAAGCGTTGTCCGGAATTATTGGGCGTAAAGCGCGCGCAGGCGGTTGTTTAAGTCTGGTGTATAAACCAAGGGCTTCAACCTTTGGACGCATTGGAAACTGGGCAACTGGAGTGTAGGAGAGGAAAGTGGAATTCCACGTGTAGCGGTGAAATGCGTAGAGATGTGGAGGAACACCAGTGGCGAAGGCGACTTTCTGGCCTATAACTGACGCTGAGGCGCGAAAGCGTGGGGAGCAAACAGG",99.605,NA,NA,"uncultured bacterium"
77133,"Paenibacillus_740","gi|674159176|gb|KM152388.1|",674159176,"TACGTAGGGGGCAAGCGTTGTCCGGAATTATTGGGCGTAAAGCGCGCGCAGGCGGTTGTTTAAGTCTGGTGTATAAACCAAGGGCTCAACCTTTGGACGCATTGGAAACTGGGCAACTGGAGTGTAGGAGAGGAAAGTGGAATTCCACGTGTAGCGGTGAAATGCGTAGAGATGTGGAGGAACACCAGTGGCGAAGGCGACTTTCTGGCCTATAACTGACGCTGAGGCGCGAAAGCGTGGGGAGCAAACAGG",100,NA,NA,"uncultured bacterium"
77133,"Paenibacillus_740","gi|297029101|gb|HM335506.1|",297029101,"TACGTAGGGGGCAAGCGTTGTCCGGAATTATTGGGCGTAAAGCGCGCGCAGGCGGTTGTTTAAGTCTGGTGTATAAACCAAGGGCTCAACCTTTGGACGCATTGGAAACTGGGCAACTGGAGTGTAGGAGAGGAAAGTGGAATTCCACGTGTAGCGGTGAAATGCGTAGAGATGTGGAGGAACACCAGTGGCGAAGGCGACTTTCTGGCCTATAACTGACGCTGAGGCGCGAAAGCGTGGGGAGCAAACAGG",100,NA,NA,"uncultured bacterium"
77133,"Paenibacillus_740","gi|333601527|gb|JF829175.1|",333601527,"TACGTAGGGGGCAAGCGTTGTCCGGAATTATTGGGCGTAAAGCGCGCGCAGGCGGTTGTTTAAGTCTGGTGTATAAACCAAGGGCTCAACCTTTGGACGCATTGGAAACTGGGCAACTGGAGTGTAGGAGAGGAAAGTGGAATTCCACGTGTAGCGGTGAAATGCGTAGAGATGTGGAGGAACACCAGTGGCGAAGGCGACTTTCTGGCCTATAACTGACGCTGAGGCGCGAAAGCGTGGGGAGCAAACAGG",100,NA,NA,"uncultured bacterium"
77133,"Paenibacillus_740","gi|322166812|gb|JF181407.1|",322166812,"TACGTAGGGGGCAAGCGTTGTCCGGAATTATTGGGCGTAAAGCGCGCGCAGGCGGCTGTTTAAGTCTGGTGTATAAACCAAGGGCTCAACCTTTGGACGCATTGGAAACTGGGCAACTGGAGTGTAGGAGAGGAAAGTGGAATTCCACGTGTAGCGGTGAAATGCGTAGAGATGTGGAGGAACACCAGTGGCGAAGGCGACTTTCTGGCCTATAACTGACGCTGAGGCGCGAAAGCGTGGGGAGCAAACAGG",99.603,NA,NA,"uncultured bacterium"
1484124,"Paenibacillus_740","gi|607240288|gb|KJ606786.1|",607240288,"TACGTAGGGGGCAAGCGTTGTCCGGAATTATTGGGCGTAAAGCGCGCGCAGGCGGTTGTTTAAGTCTGGTGTATAAACCAAGGGCTCAACCTTTGGACGCATTGGAAACTGGGCAACTGGAGTGTAGGAGAGGAAAGTGGAATTCCACGTGTAGCGGTGAAATGCGTAGAGATGTGGAGGAACACCAGTGGCGAAGGCGACTTTCTGGCCTATAACTGACGCTGAGGCGCGAAAGCGTGGGGAGCAAACAGG",100,"Paenibacillaceae","Paenibacillus","Paenibacillus sp. PAMC 26516"
1484125,"Paenibacillus_740","gi|607240287|gb|KJ606785.1|",607240287,"TACGTAGGGGGCAAGCGTTGTCCGGAATTATTGGGCGTAAAGCGCGCGCAGGCGGTTGTTTAAGTCTGGTGTATAAACCAAGGGCTCAACCTTTGGACGCATTGGAAACTGGGCAACTGGAGTGTAGGAGAGGAAAGTGGAATTCCACGTGTAGCGGTGAAATGCGTAGAGATGTGGAGGAACACCAGTGGCGAAGGCGACTTTCTGGCCTATAACTGACGCTGAGGCGCGAAAGCGTGGGGAGCAAACAGG",100,"Paenibacillaceae","Paenibacillus","Paenibacillus sp. PAMC 26517"
344338,"Paenibacillus_740","gi|338183543|gb|JF984051.1|",338183543,"TACGTAGGGGGCAAGCGTTGTCCGGAATTATTGGGCGTAAAGCGCGCGCAGGCGGTTGTTTAAGTCTGGTGTATAAACCAAGGGCTCAACCTTTGGACGCATTGGAAACTGGGCAACTGGAGTGTAGGAGAGGAAAGTGGAATTCCACGTGTAGCGGTGAAATGCGTAGAGATGTGGAGGAACACCAGTGGCGAAGGCGACTTTCTGGCCTATAACTGACGCTGAGGCGCGAAAGCGTGGGGAGCAAACAGG",100,NA,NA,"uncultured Firmicutes bacterium"
431516,"Paenibacillus_740","gi|133723308|gb|EF451701.1|",133723308,"TACGTAGGGGGCAAGCGTTGTCCGGAATTATTGGGCGTAAAGCGCGCGCAGGCGGTTGTTTAAGTCTGGTGTATAAACCAAGGGCTCAACCTTTGGACGCATTGGAAACTGGGCAACTGGAGTGTAGGAGAGGAAAGTGGAATTCCACGTGTAGCGGTGAAATGCGTAGAGATGTGGAGGAACACCAGTGGCGAAGGCGACTTTCTGGCCTATAACTGACGCTGAGGCGCGAAAGCGTGGGGAGCAAACAGG",100,"Paenibacillaceae","Paenibacillus","Paenibacillus sp. KAR72"
1053956,"Paenibacillus_740","gi|339742906|gb|HQ822346.1|",339742906,"TACGTAGGGGGCAAGCGTTGTCCGGAATTATTGGGCGTAAAGCGCGCGCAGGCGGTTGTTTAAGTCTGGTGTATAAACCAAGGGCTCAACCTTTGGACGCATTGGAAACTGGGCAACTTGAGTGTAGGAGAGGAAAGTGGAATTCCACGTGTAGCGGTGAAATGCGTAGAGATGTGGAGGAACACCAGTGGCGAAGGCGACTTTCTGGCCTATAACTGACGCTGAGGCGCGAAAGCGTGGGGAGCAAACAGG",99.603,NA,NA,"bacterium h1(2011)"
162209,"Paenibacillus.naphthalenovorans_189","gi|651208210|gb|KJ638115.1|",651208210,"TACGTAGGGGGCAAGCGTTGTCCGGAATTATTGGGCGTAAAGCGCGCGCAGGCGGCCGCTTAAGTTTGGTGTATAAGCCCGGGGCTCAACCCCGGATCGCACCGAAAACTGGGTGGCTTGAGTGCAGGAGAGGAAAGCGGAATTCCACGTGTAGCGGTGAAATGCGTAGAGATGTGGAGGAACACCAGTGGCGAAGGCGGCTTTCTGGACTGTAACTGACGCTGAGGCGCGAAAGCGTGGGGAGCAAACAGG",100,"Paenibacillaceae","Paenibacillus","Paenibacillus naphthalenovorans"
162209,"Paenibacillus.naphthalenovorans_189","gi|380505545|gb|JN645984.1|",380505545,"TACGTAGGGGGCAAGCGTTGTCCGGAATTATTGGGCGTAAAGCGCGCGCAGGCGGCCGCTTAAGTTTGGTGTATAAGCCCGGGGCTCAACCCCGGATCGCACCGAAAACTGGGTGGCTTGAGTGCAGGAGAGGAAAGCGGAATTCCACGTGTAGCGGTGAAATGCGTAGAGATGTGGAGGAACACCAGTGGCGAAGGCGGCTTTCTGGACTGTAACTGACGCTGAGGCGCGAAAGCGTGGGGAGCAAACAGG",100,"Paenibacillaceae","Paenibacillus","Paenibacillus naphthalenovorans"
1507519,"Paenibacillus.naphthalenovorans_189","gi|651208198|gb|KJ638103.1|",651208198,"TACGTAGGGGGCAAGCGTTGTCCGGAATTATTGGGCGTAAAGCGCGCGCAGGCGGCCGCTTAAGTTTGGTGTATAAGCCCGGGGCTCAACCCCGGATCGCACCGAAAACTGGGTGGCTTGAGTGCAGGAGAGGAAAGCGGAATTCCACGTGTAGCGGTGAAATGCGTAGAGATGTGGAGGAACACCAGTGGCGAAGGCGGCTTTCTGGACTGTAACTGACGCTGAGGCGCGAAAGCGTGGGGAGCAAACAGG",100,"Paenibacillaceae","Paenibacillus","Paenibacillus sp. AMHSOQ168"
1162012,"Paenibacillus.naphthalenovorans_189","gi|380505525|gb|JN645964.1|",380505525,"TACGTAGGGGGCAAGCGTTGTCCGGAATTATTGGGCGTAAAGCGCGCGCAGGCGGCCGCTTAAGTTTGGTGTATAAGCCCGGGGCTCAACCCCGGATCGCACCGAAAACTGGGTGGCTTGAGTGCAGGAGAGGAAAGCGGAATTCCACGTGTAGCGGTGAAATGCGTAGAGATGTGGAGGAACACCAGTGGCGAAGGCGGCTTTCTGGACTGTAACTGACGCTGAGGCGCGAAAGCGTGGGGAGCAAACAGG",100,"Paenibacillaceae","Paenibacillus","Paenibacillus sp. 1392"
1162011,"Paenibacillus.naphthalenovorans_189","gi|380505505|gb|JN645944.1|",380505505,"TACGTAGGGGGCAAGCGTTGTCCGGAATTATTGGGCGTAAAGCGCGCGCAGGCGGCCGCTTAAGTTTGGTGTATAAGCCCGGGGCTCAACCCCGGATCGCACCGAAAACTGGGTGGCTTGAGTGCAGGAGAGGAAAGCGGAATTCCACGTGTAGCGGTGAAATGCGTAGAGATGTGGAGGAACACCAGTGGCGAAGGCGGCTTTCTGGACTGTAACTGACGCTGAGGCGCGAAAGCGTGGGGAGCAAACAGG",100,"Paenibacillaceae","Paenibacillus","Paenibacillus sp. 1372"
1162010,"Paenibacillus.naphthalenovorans_189","gi|380505503|gb|JN645942.1|",380505503,"TACGTAGGGGGCAAGCGTTGTCCGGAATTATTGGGCGTAAAGCGCGCGCAGGCGGCCGCTTAAGTTTGGTGTATAAGCCCGGGGCTCAACCCCGGATCGCACCGAAAACTGGGTGGCTTGAGTGCAGGAGAGGAAAGCGGAATTCCACGTGTAGCGGTGAAATGCGTAGAGATGTGGAGGAACACCAGTGGCGAAGGCGGCTTTCTGGACTGTAACTGACGCTGAGGCGCGAAAGCGTGGGGAGCAAACAGG",100,"Paenibacillaceae","Paenibacillus","Paenibacillus sp. 1223"
227322,"Paenibacillus.naphthalenovorans_189","gi|371942304|gb|JN998879.1|",371942304,"TACGTAGGGGGCAAGCGTTGTCCGGAATTATTGGGCGTAAAGCGCGCGCAGGCGGCCGCTTAAGTTTGGTGTATAAGCCCGGGGCTCAACCCCGGATCGCACCGAAAACTGGGTGGCTTGAGTGCAGGAGAGGAAAGCGGAATTCCACGTGTAGCGGTGAAATGCGTAGAGATGTGGAGGAACACCAGTGGCGAAGGCGGCTTTCTGGACTGTAACTGACGCTGAGGCGCGAAAGCGTGGGGAGCAAACAGG",100,"Paenibacillaceae","Paenibacillus","uncultured Paenibacillus sp."
1051546,"Paenibacillus.naphthalenovorans_189","gi|343480610|dbj|AB663502.1|",343480610,"TACGTAGGGGGCAAGCGTTGTCCGGAATTATTGGGCGTAAAGCGCGCGCAGGCGGCCGCTTAAGTTTGGTGTATAAGCCCGGGGCTCAACCCCGGATCGCACCGAAAACTGGGTGGCTTGAGTGCAGGAGAGGAAAGCGGAATTCCACGTGTAGCGGTGAAATGCGTAGAGATGTGGAGGAACACCAGTGGCGAAGGCGGCTTTCTGGACTGTAACTGACGCTGAGGCGCGAAAGCGTGGGGAGCAAACAGG",100,"Paenibacillaceae","Paenibacillus","Paenibacillus sp. TSY30"
668702,"Paenibacillus.naphthalenovorans_189","gi|257123822|gb|GQ407192.1|",257123822,"TACGTAGGGGGCAAGCGTTGTCCGGAATTATTGGGCGTAAAGCGCGCGCAGGCGGCCGCTTAAGTTTGGTGTATAAGCCCGGGGCTCAACCCCGGATCGCACCGAAAACTGGGTGGCTTGAGTGCAGGAGAGGAAAGCGGAATTCCACGTGTAGCGGTGAAATGCGTAGAGATGTGGAGGAACACCAGTGGCGAAGGCGGCTTTCTGGACTGTAACTGACGCTGAGGCGCGAAAGCGTGGGGAGCAAACAGG",100,"Paenibacillaceae","Paenibacillus","Paenibacillus sp. DV9-48"
668701,"Paenibacillus.naphthalenovorans_189","gi|257123819|gb|GQ407189.1|",257123819,"TACGTAGGGGGCAAGCGTTGTCCGGAATTATTGGGCGTAAAGCGCGCGCAGGCGGCCGCTTAAGTTTGGTGTATAAGCCCGGGGCTCAACCCCGGATCGCACCGAAAACTGGGTGGCTTGAGTGCAGGAGAGGAAAGCGGAATTCCACGTGTAGCGGTGAAATGCGTAGAGATGTGGAGGAACACCAGTGGCGAAGGCGGCTTTCTGGACTGTAACTGACGCTGAGGCGCGAAAGCGTGGGGAGCAAACAGG",100,"Paenibacillaceae","Paenibacillus","Paenibacillus sp. DV9-44"
162209,"Paenibacillus.naphthalenovorans_316","gi|651208210|gb|KJ638115.1|",651208210,"TACGTAGGGGGCAAGCGTTGTCCGGAATTATTGGGCGTAAAGCGCGCGCAGGCGGCCGCTTAAGTTTGGTGTATAAGCCCGGGGCTCAACCCCGGATCGCACCGAAAACTGGGTGGCTTGAGTGCAGGAGAGGAAAGCGGAATTCCACGTGTAGCGGTGAAATGCGTAGAGATGTGGAGGAACACCAGTGGCGAAGGCGGCTTTCTGGACTGTAACTGACGCTGAGGCGCGAAAGCGTGGGGAGCAAACAGG",99.603,"Paenibacillaceae","Paenibacillus","Paenibacillus naphthalenovorans"
162209,"Paenibacillus.naphthalenovorans_316","gi|380505545|gb|JN645984.1|",380505545,"TACGTAGGGGGCAAGCGTTGTCCGGAATTATTGGGCGTAAAGCGCGCGCAGGCGGCCGCTTAAGTTTGGTGTATAAGCCCGGGGCTCAACCCCGGATCGCACCGAAAACTGGGTGGCTTGAGTGCAGGAGAGGAAAGCGGAATTCCACGTGTAGCGGTGAAATGCGTAGAGATGTGGAGGAACACCAGTGGCGAAGGCGGCTTTCTGGACTGTAACTGACGCTGAGGCGCGAAAGCGTGGGGAGCAAACAGG",99.603,"Paenibacillaceae","Paenibacillus","Paenibacillus naphthalenovorans"
162209,"Paenibacillus.naphthalenovorans_316","gi|14423235|gb|AF353703.1|AF353703",14423235,"TACGTAGGGGGCAAGCGTTGTCCGGAATTATTGGGCGTAAAGCGCGCGCAGGCGGCCGCTTAAGTTTGGTGTTTAAGCCCGGGGCTCAACCCCGGATCGCACCGAAAACTGGGTGGCTTGAGTGCAGGAGAGGAAAGCGGAATTCCACGTGTAGCGGTGAAATGCGTAGAGATGTGGAGGAACACCAGTGGCGAAGGCGGCTTTCTGGACTGTAACTGACGCTGAGGCGCGAAAGCGTGGGGAGCAAACAGG",100,"Paenibacillaceae","Paenibacillus","Paenibacillus naphthalenovorans"
1507519,"Paenibacillus.naphthalenovorans_316","gi|651208198|gb|KJ638103.1|",651208198,"TACGTAGGGGGCAAGCGTTGTCCGGAATTATTGGGCGTAAAGCGCGCGCAGGCGGCCGCTTAAGTTTGGTGTATAAGCCCGGGGCTCAACCCCGGATCGCACCGAAAACTGGGTGGCTTGAGTGCAGGAGAGGAAAGCGGAATTCCACGTGTAGCGGTGAAATGCGTAGAGATGTGGAGGAACACCAGTGGCGAAGGCGGCTTTCTGGACTGTAACTGACGCTGAGGCGCGAAAGCGTGGGGAGCAAACAGG",99.603,"Paenibacillaceae","Paenibacillus","Paenibacillus sp. AMHSOQ168"
1162012,"Paenibacillus.naphthalenovorans_316","gi|380505525|gb|JN645964.1|",380505525,"TACGTAGGGGGCAAGCGTTGTCCGGAATTATTGGGCGTAAAGCGCGCGCAGGCGGCCGCTTAAGTTTGGTGTATAAGCCCGGGGCTCAACCCCGGATCGCACCGAAAACTGGGTGGCTTGAGTGCAGGAGAGGAAAGCGGAATTCCACGTGTAGCGGTGAAATGCGTAGAGATGTGGAGGAACACCAGTGGCGAAGGCGGCTTTCTGGACTGTAACTGACGCTGAGGCGCGAAAGCGTGGGGAGCAAACAGG",99.603,"Paenibacillaceae","Paenibacillus","Paenibacillus sp. 1392"
1162011,"Paenibacillus.naphthalenovorans_316","gi|380505505|gb|JN645944.1|",380505505,"TACGTAGGGGGCAAGCGTTGTCCGGAATTATTGGGCGTAAAGCGCGCGCAGGCGGCCGCTTAAGTTTGGTGTATAAGCCCGGGGCTCAACCCCGGATCGCACCGAAAACTGGGTGGCTTGAGTGCAGGAGAGGAAAGCGGAATTCCACGTGTAGCGGTGAAATGCGTAGAGATGTGGAGGAACACCAGTGGCGAAGGCGGCTTTCTGGACTGTAACTGACGCTGAGGCGCGAAAGCGTGGGGAGCAAACAGG",99.603,"Paenibacillaceae","Paenibacillus","Paenibacillus sp. 1372"
1113618,"Paenibacillus.naphthalenovorans_316","gi|359803328|dbj|AB680476.1|",359803328,"TACGTAGGGGGCAAGCGTTGTCCGGAATTATTGGGCGTAAAGCGCGCGCAGGCGGCCGCTTAAGTTTGGTGTTTAAGCCCGGGGCTCAACCCCGGATCGCACCGAAAACTGGGTGGCTTGAGTGCAGGAGAGGAAAGCGGAATTCCACGTGTAGCGGTGAAATGCGTAGAGATGTGGAGGAACACCAGTGGCGAAGGCGGCTTTCTGGACTGTAACTGACGCTGAGGCGCGAAAGCGTGGGGAGCAAACAGG",100,"Paenibacillaceae","Paenibacillus","Paenibacillus sp. NBRC 13639"
77133,"Paenibacillus.naphthalenovorans_316","gi|411180986|gb|JQ894878.1|",411180986,"TACGTAGGGGGCAAGCGTTGTCCGGAATTATTGGGCGTAAAGCGCGCGCAGGCGGCCGCTTAAGTTTGGTGTTTAAGCCCGGGGCTCAACTCCGGATCGCACCGAAAACTGGGTGGCTTGAGTGCAGGAGAGGAAAGCGGAATTCCACGTGTAGCGGTGAAATGCGTAGAGATGTGGAGGAACACCAGTGGCGAAGGCGGCTTTCTGGACTGTAACTGACGCTGAGGCGCGAAAGCGTGGGGAGCAAACAGG",99.603,NA,NA,"uncultured bacterium"
77133,"Paenibacillus.naphthalenovorans_316","gi|134133974|gb|EF165480.1|",134133974,"TACGTAGGGGGCAAGCGTTGTCCGGAATTATTGGGCGTAAAGCGCGCGCAGGCGGCCGCTTAAGTTTGGTGTTTAAGCCCGGGGCTCAACCCCGGATCGCACCGAAAACTGGGTGGCTTGAGTGCAGGAGAGGAAAGCGGAATTCCACGTGTAGCGGTGAAATGCGTAGAGATGTGGAGGAACACCAGTGGCGAAGGCGGCTTTCTGGACTGTAACTGACGCTGAGGCGCGAAAGCGTGGGGAGCAAACAGG",100,NA,NA,"uncultured bacterium"
206394,"Paenibacillus.naphthalenovorans_316","gi|28849209|dbj|AB091334.1|",28849209,"TACGTAGGGGGCAAGCGTTGTCCGGAATTATTGGGCGTAAAGCGCGCGCAGGCGGCCGCTTAAGTTTGGTGTTTAAGCCCGGGGCTCAACCCCGGATCGCACCGAAAACTGGGTGGCTTGAGTGCAGGAGAGGAAAGCGGAATTCCACGTGTAGCGGTGAAATGCGTAGAGATGTGGAGGAACACCAGTGGCGAAGGCGGCTTTCTGGACTGTAACTGACGCTGAGGCGCGAAAGCGTGGGGAGCAAACAGG",100,"Paenibacillaceae","Paenibacillus","Paenibacillus sp. YK5"
